0.120248,20,120007003,241000,1
0.120719,20,120478003,241000,1
0.121639,20,121398003,241000,1
0.123019,20,122778003,241000,1
0.124629,20,124388003,241000,1
0.126018,20,125777003,241000,1
0.126708,20,126467003,241000,1
0.620242,20,620001003,241000,1
0.620483,20,620242003,241000,1
0.622584,20,622343021,241000,1
0.623044,20,622803021,241000,1
0.62476,20,624519045,241000,1
0.62816,20,627919087,241000,1
0.628689,20,628448093,241000,1
1.12336,20,1123120153,241000,1
1.12429,20,1124051153,241000,1
1.12511,20,1124873159,241000,1
1.12719,20,1126948171,241000,1
1.12854,20,1128264189,272006,0
20.0002,20,20000054121,152006,0
20.0006,20,20000403127,199206,0
20.0518,20,20051624423,184200,1
20.0568,20,20056605429,199206,0
20.1049,20,20104679725,184200,1
20.1077,20,20107468731,184200,1
20.1126,20,20112449737,199206,0
20.151,20,20150808009,199206,0
20.2042,20,20203955305,199206,0
20.2529,20,20252740613,199206,0
20.301,20,20300859909,184200,1
20.306,20,20305849915,199206,0
20.3519,20,20351685199,199206,0
20.4026,20,20402447489,184200,1
20.4051,20,20404905489,199206,0
20.4534,20,20453225773,184200,1
20.4587,20,20458528785,199206,0
20.5018,20,20501575069,199206,0
20.555,20,20554840359,199206,0
20.601,20,20600794643,199206,0
20.6545,20,20654292951,199206,0
20.7004,20,20700244259,199206,0
20.7512,20,20751060555,184200,1
20.7537,20,20753527555,199206,0
20.8021,20,20801910839,199206,0
20.853,20,20852837135,199206,0
20.9012,20,20901036407,184200,1
20.9062,20,20906026413,199206,0
20.9521,20,20951933697,199206,0
21.0007,20,21000467005,199206,0
21.0516,20,21051435319,199206,0
21.1025,20,21102336621,199206,0
21.1507,20,21150526899,184200,1
21.1557,20,21155507905,199206,0
21.2015,20,21201285177,184200,1
21.2065,20,21206284183,184200,1
21.2139,20,21213734189,199206,0
21.2523,20,21252105473,199206,0
21.3007,20,21300465769,199206,0
21.3514,20,21351231047,199206,0
21.4019,20,21401724301,199206,0
21.4526,20,21452399573,199206,0
21.501,20,21500806875,199206,0
21.552,20,21551791183,199206,0
21.6004,20,21600232479,199206,0
21.6513,20,21651120769,184200,1
21.6588,20,21658642781,199206,0
21.7022,20,21702031071,184200,1
21.7072,20,21707030077,199206,0
21.7532,20,21752970379,199206,0
21.8014,20,21801247669,199206,0
21.8549,20,21854707021,199206,0
21.9033,20,21903114323,199206,0
21.9518,20,21951620619,184200,1
21.9568,20,21956601625,199206,0
22.0051,20,22004914915,199206,0
22.0506,20,22050394193,199206,0
22.1017,20,22101543495,184200,1
22.1093,20,22109056507,199206,0
22.1522,20,22151992785,199206,0
22.2034,20,22203167081,199206,0
22.2514,20,22251158365,199206,0
22.305,20,22304756655,199206,0
22.353,20,22352803939,199206,0
22.4041,20,22403868229,199206,0
22.4521,20,22451920513,199206,0
22.5004,20,22500177797,199206,0
22.5513,20,22551153105,184200,1
22.5589,20,22558666117,199206,0
22.6046,20,22604443395,199206,0
22.653,20,22652837685,184200,1
22.6555,20,22655295685,199206,0
22.7013,20,22701139969,184200,1
22.7092,20,22708965981,199206,0
22.7521,20,22751871247,199206,0
22.8005,20,22800350549,184200,1
22.803,20,22802826549,199206,0
22.8516,20,22851372857,199206,0
22.9024,20,22902160141,199206,0
22.9507,20,22950491431,199206,0
23.0017,20,23001491733,199206,0
23.0502,20,23050025035,199206,0
23.1011,20,23100857325,199206,0
23.1518,20,23151644609,184200,1
23.1618,20,23161624621,199206,0
23.2026,20,23202422899,199206,0
23.251,20,23250864195,184200,1
23.261,20,23260837207,199206,0
23.3044,20,23304223497,184200,1
23.3119,20,23311745509,184200,1
23.317,20,23316753515,199206,0
23.3526,20,23352377775,199206,0
23.4009,20,23400727065,199206,0
23.4543,20,23454084361,199206,0
23.5026,20,23502415645,199206,0
23.5511,20,23550914953,184200,1
23.556,20,23555848953,184200,1
23.5635,20,23563296959,199206,0
23.6017,20,23601547237,184200,1
23.6042,20,23604014237,199206,0
23.655,20,23654850539,199206,0
23.7009,20,23700743835,184200,1
23.7034,20,23703201835,199206,0
23.7517,20,23751473107,184200,1
23.7592,20,23758986119,199206,0
23.8049,20,23804718397,199206,0
23.8508,20,23850589681,199206,0
23.9017,20,23901488977,199206,0
23.9527,20,23952511285,199206,0
24.0011,20,24000927587,199206,0
24.0516,20,24051408865,199206,0
24.1023,20,24102095137,199206,0
24.1507,20,24150538433,199206,0
24.2011,20,24200909705,184200,1
24.2089,20,24208735723,199206,0
24.2523,20,24252063995,199206,0
24.3004,20,24300181285,199206,0
24.3518,20,24351579599,199206,0
24.4024,20,24402214907,199206,0
24.4535,20,24453339209,184200,1
24.4585,20,24458329215,184200,1
24.4635,20,24463337221,199206,0
24.504,20,24503822493,184200,1
24.5065,20,24506289493,199206,0
24.5526,20,24552403783,199206,0
24.6006,20,24600404073,199206,0
24.6514,20,24651249369,184200,1
24.6567,20,24656487375,199206,0
24.7047,20,24704511671,199206,0
24.7505,20,24750339961,199206,0
24.8014,20,24801156251,199206,0
24.8523,20,24852091547,184200,1
24.8573,20,24857108553,184200,1
24.8601,20,24859879559,199206,0
24.9031,20,24902851837,199206,0
24.9512,20,24951028115,199206,0
25.002,20,25001756399,199206,0
25.0552,20,25054954683,199206,0
25.101,20,25100751961,199206,0
25.1517,20,25151541251,199206,0
25.2026,20,25202413541,199206,0
25.2509,20,25250724831,199206,0
25.3044,20,25304174133,199206,0
25.3526,20,25352422423,199206,0
25.401,20,25400760707,199206,0
25.4542,20,25453996991,199206,0
25.505,20,25504795281,199206,0
25.5508,20,25550558571,199206,0
25.604,20,25603841855,199206,0
25.6525,20,25652283151,199206,0
25.7032,20,25702996429,199206,0
25.7513,20,25751069695,199206,0
25.8021,20,25801935003,199206,0
25.8504,20,25850264287,184200,1
25.8529,20,25852731287,184200,1
25.8579,20,25857739293,199206,0
25.9013,20,25901091583,199206,0
25.9546,20,25954439879,199206,0
26.0002,20,26000010145,199206,0
26.051,20,26050787435,199206,0
26.1043,20,26104072737,199206,0
26.155,20,26154781027,184200,1
26.1574,20,26157239027,199206,0
26.2034,20,26203152329,199206,0
26.2542,20,26254042625,199206,0
26.3027,20,26302474921,199206,0
26.3506,20,26350374205,199206,0
26.4017,20,26401521507,199206,0
26.4549,20,26454684809,199206,0
26.501,20,26500768093,199206,0
26.5516,20,26551383395,199206,0
26.6003,20,26600054691,199206,0
26.6533,20,26653062987,199206,0
26.7018,20,26701617271,199206,0
26.7548,20,26754585555,199206,0
26.8007,20,26800494845,184200,1
26.8032,20,26802961845,199206,0
26.8517,20,26851477147,199206,0
26.905,20,26904791443,199206,0
26.9535,20,26953261751,199206,0
27.0019,20,27001692041,199206,0
27.0528,20,27052638349,199206,0
27.1011,20,27100879633,199206,0
27.1546,20,27154391935,184200,1
27.157,20,27156849935,199206,0
27.2029,20,27202703219,184200,1
27.2079,20,27207693225,184200,1
27.2104,20,27210178225,184200,1
27.2157,20,27215508231,199206,0
27.2537,20,27253488497,199206,0
27.3048,20,27304591811,199206,0
27.3532,20,27353006107,184200,1
27.3582,20,27358005113,199206,0
27.4017,20,27401476409,199206,0
27.4526,20,27452411705,199206,0
27.5011,20,27500920007,184200,1
27.5036,20,27503387007,184200,1
27.5136,20,27513423025,184200,1
27.5214,20,27521249037,199206,0
27.552,20,27551756303,199206,0
27.6004,20,27600190605,199206,0
27.6514,20,27651163907,199206,0
27.7023,20,27702097203,199206,0
27.7508,20,27750576505,184200,1
27.7583,20,27758080517,199206,0
27.8015,20,27801320795,199206,0
27.8524,20,27852229097,199206,0
27.9033,20,27903126381,199206,0
27.9518,20,27951612677,184200,1
27.9543,20,27954079677,184200,1
27.9593,20,27959087683,199206,0
28.0027,20,28002504979,199206,0
28.0511,20,28050883275,199206,0
28.1021,20,28101863571,199206,0
28.1506,20,28150378873,199206,0
28.2015,20,28201327175,199206,0
28.255,20,28254850483,199206,0
28.301,20,28300752779,199206,0
28.3545,20,28354276087,199206,0
28.4028,20,28402643377,199206,0
28.4514,20,28451176679,184200,1
28.4539,20,28453670679,184200,1
28.4614,20,28461174691,199206,0
28.5019,20,28501679969,199206,0
28.5532,20,28553029277,199206,0
28.6014,20,28601166573,199206,0
28.6528,20,28652566893,199206,0
28.7006,20,28700444165,199206,0
28.7516,20,28751436449,184200,1
28.7591,20,28758893455,184200,1
28.7616,20,28761351455,199206,0
28.8021,20,28801903739,199206,0
28.8531,20,28852885017,184200,1
28.8556,20,28855370017,199206,0
28.9011,20,28900921307,199206,0
28.952,20,28951833609,199206,0
29.0004,20,29000240917,199206,0
29.0513,20,29051124213,199206,0
29.1022,20,29102043515,184200,1
29.1097,20,29109556527,184200,1
29.1122,20,29112032527,184200,1
29.1172,20,29117049533,199206,0
29.1531,20,29152890817,199206,0
29.2014,20,29201220107,184200,1
29.2064,20,29206154107,199206,0
29.2521,20,29251888385,199206,0
29.3005,20,29300318675,199206,0
29.3515,20,29351255971,199206,0
29.4048,20,29404611267,199206,0
29.4508,20,29450565557,199206,0
29.5043,20,29504108871,184200,1
29.5068,20,29506566871,199206,0
29.5525,20,29552308143,184200,1
29.5625,20,29562344161,184200,1
29.5675,20,29567278161,184200,1
29.5728,20,29572599173,184200,1
29.5803,20,29580065179,199206,0
29.6006,20,29600395409,199206,0
29.6514,20,29651206711,184200,1
29.6588,20,29658663717,184200,1
29.6613,20,29661121717,199206,0
29.702,20,29701847989,184200,1
29.7045,20,29704305989,199206,0
29.7504,20,29750237291,199206,0
29.8038,20,29803594587,184200,1
29.8113,20,29811125599,199206,0
29.8522,20,29852008883,199206,0
29.9007,20,29900517197,184200,1
29.9056,20,29905442197,199206,0
29.954,20,29953780481,199206,0
30.0048,20,30004585765,199206,0
30.0507,20,30050470061,184200,1
30.0557,20,30055451067,199206,0
30.104,20,30103757357,199206,0
30.1548,20,30154573647,199206,0
30.2032,20,30202960943,199206,0
30.2513,20,30251097215,184200,1
30.2538,20,30253564215,199206,0
30.3046,20,30304438517,199206,0
30.3504,20,30350188789,199206,0
30.4012,20,30401023079,184200,1
30.4087,20,30408498085,199206,0
30.452,20,30451857375,184200,1
30.4596,20,30459370387,199206,0
30.5002,20,30500004659,199206,0
30.5534,20,30553175931,199206,0
30.6019,20,30601662227,199206,0
30.6552,20,30654985529,199206,0
30.7036,20,30703392831,199206,0
30.7518,20,30751559133,199206,0
30.8005,20,30800306435,199206,0
30.8511,20,30850910731,199206,0
30.9023,20,30902107033,199206,0
30.9504,20,30950219329,184200,1
30.9529,20,30952686329,184200,1
30.9553,20,30955153329,184200,1
30.9578,20,30957611329,199206,0
31.0013,20,31001093087,184200,1
31.0065,20,31006349093,184200,1
31.014,20,31013806099,184200,1
31.0165,20,31016291099,184200,1
31.0214,20,31021234099,199206,0
31.0519,20,31051703359,184200,1
31.0569,20,31056720365,184200,1
31.0619,20,31061737371,199206,0
31.1028,20,31102577655,184200,1
31.1056,20,31105357661,199206,0
31.1536,20,31153411951,199206,0
31.2047,20,31204457253,199206,0
31.2504,20,31250200531,199206,0
31.3013,20,31301110833,199206,0
31.3547,20,31354461135,199206,0
31.4006,20,31400397431,184200,1
31.4031,20,31402891431,184200,1
31.4081,20,31407890437,184200,1
31.4106,20,31410366437,184200,1
31.4209,20,31420715461,184200,1
31.4234,20,31423182461,199206,0
31.4514,20,31451168727,199206,0
31.5047,20,31504506011,199206,0
31.5506,20,31550437319,199206,0
31.6039,20,31603718603,199206,0
31.6549,20,31654664905,199206,0
31.7007,20,31700491183,184200,1
31.7031,20,31702949183,199206,0
31.7516,20,31751401485,199206,0
31.8048,20,31804619769,199206,0
31.8505,20,31850251035,199206,0
31.9039,20,31903657349,199206,0
31.9521,20,31951943645,199206,0
32.0006,20,32000393947,184200,1
32.0081,20,32007924959,184200,1
32.0131,20,32012941965,199206,0
32.0514,20,32051248243,199206,0
32.1024,20,32102185545,199206,0
32.1507,20,32150525835,199206,0
32.2041,20,32203883131,199206,0
32.2524,20,32252248415,184200,1
32.2549,20,32254733415,199206,0
32.3008,20,32300599711,199206,0
32.3516,20,32351415995,199206,0
32.4025,20,32402308297,184200,1
32.405,20,32404784297,199206,0
32.4534,20,32453245605,199206,0
32.5017,20,32501500883,199206,0
32.5551,20,32554928173,199206,0
32.601,20,32600803469,199206,0
32.6519,20,32651666765,199206,0
32.7052,20,32704986055,184200,1
32.7077,20,32707462055,199206,0
32.751,20,32750830339,199206,0
32.8016,20,32801418641,199206,0
32.8529,20,32852695943,199206,0
32.9011,20,32900862245,199206,0
32.9548,20,32954595541,199206,0
33.0027,20,33002456807,199206,0
33.054,20,33053808115,199206,0
33.1045,20,33104313411,199206,0
33.1504,20,33150213701,184200,1
33.1557,20,33155543713,199206,0
33.2012,20,33201056997,184200,1
33.2063,20,33206056003,199206,0
33.2547,20,33254468299,184200,1
33.2574,20,33257239305,199206,0
33.3004,20,33300220583,199206,0
33.3509,20,33350723873,184200,1
33.3534,20,33353190873,199206,0
33.4017,20,33401477157,184200,1
33.4092,20,33408981169,199206,0
33.4525,20,33452255441,199206,0
33.5008,20,33500633737,199206,0
33.5542,20,33554011039,199206,0
33.6024,20,33602243329,199206,0
33.6507,20,33650509619,199206,0
33.7016,20,33701455921,184200,1
33.7066,20,33706436927,199206,0
33.7524,20,33752198211,199206,0
33.8008,20,33800628507,199206,0
33.8517,20,33851480797,184200,1
33.8567,20,33856497803,184200,1
33.8617,20,33861487809,199206,0
33.9052,20,33904980075,184200,1
33.9102,20,33909970081,199206,0
33.9535,20,33953329365,199206,0
34.0018,20,34001577649,199206,0
34.0529,20,34052653963,199206,0
34.1013,20,34101126271,199206,0
34.1523,20,34152059561,199206,0
34.2007,20,34200547857,184200,1
34.2032,20,34203005857,199206,0
34.2514,20,34251261135,184200,1
34.2564,20,34256242141,199206,0
34.3022,20,34301974413,199206,0
34.3507,20,34350453721,199206,0
34.4015,20,34401268011,184200,1
34.4065,20,34406276017,199206,0
34.4522,20,34452055295,184200,1
34.4597,20,34459530301,184200,1
34.4622,20,34461988301,199206,0
34.5006,20,34500368585,184200,1
34.5081,20,34507890597,184200,1
34.5131,20,34512880603,184200,1
34.5181,20,34517888609,199206,0
34.5539,20,34553718887,199206,0
34.6022,20,34601976177,199206,0
34.6507,20,34650455479,199206,0
34.7015,20,34701255775,199206,0
34.7525,20,34752267077,199206,0
34.8008,20,34800555367,199206,0
34.8513,20,34851083651,184200,1
34.8591,20,34858909669,199206,0
34.9024,20,34902223953,199206,0
34.9505,20,34950287243,184200,1
34.953,20,34952754243,199206,0
35.0015,20,35001324527,184200,1
35.0065,20,35006323533,199206,0
35.0521,20,35051892823,199206,0
35.1032,20,35102984107,184200,1
35.1132,20,35113020125,199206,0
35.1512,20,35150966397,199206,0
35.2022,20,35202005699,184200,1
35.2047,20,35204463699,199206,0
35.2502,20,35250014983,199206,0
35.301,20,35300802273,199206,0
35.3518,20,35351569551,199206,0
35.4049,20,35404668835,199206,0
35.4505,20,35450331113,199206,0
35.5037,20,35503522391,199206,0
35.5518,20,35551577663,184200,1
35.5593,20,35559090675,199206,0
35.6002,20,35600031971,199206,0
35.6536,20,35653413273,184200,1
35.6586,20,35658396279,199206,0
35.7043,20,35704081545,199206,0
35.7528,20,35752603841,199206,0
35.801,20,35800814119,199206,0
35.8545,20,35854292427,199206,0
35.9005,20,35900277729,184200,1
35.9105,20,35910257741,199206,0
35.9537,20,35953478013,199206,0
36.0046,20,36004397315,199206,0
36.0502,20,36050001581,184200,1
36.0552,20,36054982587,199206,0
36.101,20,36100828877,199206,0
36.1519,20,36151701173,184200,1
36.1544,20,36154159173,199206,0
36.2026,20,36202396451,184200,1
36.2051,20,36204863451,199206,0
36.2509,20,36250671741,199206,0
36.3017,20,36301512043,199206,0
36.3524,20,36352256327,184200,1
36.3549,20,36354723327,199206,0
36.4007,20,36400565605,184200,1
36.4058,20,36405582611,199206,0
36.4518,20,36451621913,199206,0
36.5052,20,36504979215,199206,0
36.5537,20,36553494517,184200,1
36.5561,20,36555961517,184200,1
36.5586,20,36558428517,199206,0
36.6021,20,36601899813,184200,1
36.6095,20,36609347819,199206,0
36.6503,20,36650067091,184200,1
36.6527,20,36652552091,184200,1
36.6603,20,36660065103,199206,0
36.7011,20,36700914393,199206,0
36.7519,20,36751728683,199206,0
36.8004,20,36800189985,199206,0
36.8512,20,36851017287,199206,0
36.9019,20,36901748571,199206,0
36.9503,20,36950070861,184200,1
36.9577,20,36957527867,199206,0
37.0006,20,37000410139,184200,1
37.0059,20,37005731151,199206,0
37.0515,20,37051333417,199206,0
37.105,20,37104775725,199206,0
37.1506,20,37150395985,184200,1
37.1581,20,37157917997,199206,0
37.2035,20,37203339275,199206,0
37.2522,20,37252064565,184200,1
37.2573,20,37257090571,199206,0
37.3029,20,37302673849,199206,0
37.3516,20,37351401145,184200,1
37.3541,20,37353868145,199206,0
37.4021,20,37401877435,184200,1
37.4045,20,37404344435,184200,1
37.4095,20,37409305435,184200,1
37.4123,20,37412076441,199206,0
37.4502,20,37450051713,184200,1
37.458,20,37457839725,184200,1
37.463,20,37462838731,184200,1
37.4706,20,37470360743,199206,0
37.5011,20,37500906015,199206,0
37.5521,20,37551875305,199206,0
37.6004,20,37600168589,199206,0
37.6539,20,37653686909,199206,0
37.7047,20,37704476199,199206,0
37.7531,20,37752948501,199206,0
37.8016,20,37801389791,199206,0
37.8525,20,37852282087,184200,1
37.8574,20,37857225087,199206,0
37.9034,20,37903183389,184200,1
37.9058,20,37905641389,199206,0
37.9517,20,37951498679,199206,0
38.0002,20,38000000969,199206,0
38.0536,20,38053445283,199206,0
38.1045,20,38104272579,199206,0
38.1529,20,38152677875,199206,0
38.2037,20,38203530171,199206,0
38.2522,20,38252009467,199206,0
38.3006,20,38300434769,199206,0
38.3539,20,38353709065,184200,1
38.3589,20,38358708071,184200,1
38.3639,20,38363734077,199206,0
38.4047,20,38404453349,199206,0
38.4505,20,38450281633,184200,1
38.458,20,38457785645,199206,0
38.5014,20,38501153929,199206,0
38.5548,20,38554580231,199206,0
38.6006,20,38600352515,199206,0
38.6516,20,38651401829,199206,0
38.7025,20,38702274125,199206,0
38.7533,20,38753118015,199206,0
38.8017,20,38801467311,199206,0
38.8526,20,38852440613,199206,0
38.9035,20,38903332921,199206,0
38.9519,20,38951756217,184200,1
38.9595,20,38959278229,199206,0
39.0052,20,39004974507,199206,0
39.0535,20,39053323797,199206,0
39.1021,20,39101893105,199206,0
39.1529,20,39152727395,184200,1
39.1579,20,39157670395,199206,0
39.2013,20,39201085685,199206,0
39.2517,20,39251490951,199206,0
39.3028,20,39302582235,199206,0
39.3509,20,39350746531,199206,0
39.4021,20,39401920827,184200,1
39.4096,20,39409386833,184200,1
39.4121,20,39411862833,199206,0
39.4525,20,39452314111,199206,0
39.5037,20,39503519419,199206,0
39.5543,20,39554060709,199206,0
39.6054,20,39605219011,199206,0
39.651,20,39650849295,199206,0
39.7019,20,39701676591,199206,0
39.7528,20,39752575887,199206,0
39.8011,20,39800889177,199206,0
39.8519,20,39851716473,199206,0
39.9003,20,39900130769,199206,0
39.9536,20,39953443071,199206,0
40.002,20,40001774361,199206,0
40.0505,20,40050300669,199206,0
40.1015,20,40101266977,199206,0
40.1547,20,40154530261,184200,1
40.1572,20,40156997261,184200,1
40.1671,20,40166921267,199206,0
40.2029,20,40202682527,199206,0
40.2511,20,40250919805,199206,0
40.3019,20,40301714083,199206,0
40.3502,20,40350043367,199206,0
40.4034,20,40403153639,199206,0
40.4517,20,40451457929,199206,0
40.5024,20,40502229213,184200,1
40.5049,20,40504705213,199206,0
40.5507,20,40550520491,184200,1
40.5532,20,40552978491,199206,0
40.6018,20,40601565793,199206,0
40.655,20,40654822089,199206,0
40.7009,20,40700706391,199206,0
40.7518,20,40751558681,199206,0
40.8026,20,40802439977,199206,0
40.851,20,40850854279,184200,1
40.8535,20,40853330279,199206,0
40.9017,20,40901562563,184200,1
40.9067,20,40906496563,199206,0
40.9526,20,40952371853,199206,0
41.0009,20,41000656137,199206,0
41.0516,20,41051414421,184200,1
41.0566,20,41056395427,199206,0
41.1026,20,41102360723,199206,0
41.1509,20,41150712013,199206,0
41.2043,20,41204145321,199206,0
41.2502,20,41250022021,199206,0
41.3007,20,41300561311,184200,1
41.3061,20,41305873323,199206,0
41.3519,20,41351737613,199206,0
41.4051,20,41404922927,199206,0
41.4538,20,41453645093,199206,0
41.5044,20,41504222389,199206,0
41.5505,20,41550334673,199206,0
41.6012,20,41600998987,199206,0
41.6524,20,41652186301,199206,0
41.7004,20,41700222591,184200,1
41.7079,20,41707697597,199206,0
41.7511,20,41750879869,199206,0
41.8045,20,41804304171,184200,1
41.807,20,41806780171,199206,0
41.8502,20,41850018443,199206,0
41.901,20,41900794721,184200,1
41.9035,20,41903297721,184200,1
41.9085,20,41908278727,199206,0
41.9542,20,41954033005,199206,0
42.0027,20,42002454295,199206,0
42.0534,20,42053216585,199206,0
42.102,20,42101765881,199206,0
42.1503,20,42150059171,199206,0
42.201,20,42200799455,199206,0
42.2519,20,42251698751,199206,0
42.3002,20,42300012047,199206,0
42.351,20,42350821343,199206,0
42.4017,20,42401540627,199206,0
42.4552,20,42455034929,199206,0
42.5009,20,42500681207,184200,1
42.5034,20,42503166207,199206,0
42.5542,20,42553978491,199206,0
42.6025,20,42602336787,199206,0
42.6535,20,42653290089,199206,0
42.7018,20,42701621379,199206,0
42.7551,20,42754900663,184200,1
42.7576,20,42757376663,199206,0
42.8009,20,42800694947,184200,1
42.8059,20,42805693953,184200,1
42.8109,20,42810719959,199206,0
42.8543,20,42854128255,199206,0
42.9051,20,42904935545,199206,0
42.9509,20,42950705823,199206,0
43.0018,20,43001641125,184200,1
43.0068,20,43006640131,184200,1
43.0093,20,43009098131,199206,0
43.0526,20,43052439415,184200,1
43.0601,20,43059914421,199206,0
43.1009,20,43100697027,184200,1
43.1058,20,43105631027,184200,1
43.1083,20,43108091027,199206,0
43.1517,20,43151553323,184200,1
43.1567,20,43156478323,199206,0
43.2025,20,43202282601,199206,0
43.2508,20,43250640891,184200,1
43.2584,20,43258162903,199206,0
43.3019,20,43301681205,199206,0
43.3553,20,43355103501,199206,0
43.4013,20,43401079809,184200,1
43.4037,20,43403537809,199206,0
43.4519,20,43451704111,184200,1
43.4572,20,43456969117,199206,0
43.5006,20,43500409401,184200,1
43.5056,20,43505399407,184200,1
43.5081,20,43507866407,199206,0
43.5511,20,43550887697,199206,0
43.6024,20,43602223011,199206,0
43.6504,20,43650194295,199206,0
43.7016,20,43701404591,184200,1
43.7066,20,43706394597,199206,0
43.7547,20,43754452899,199206,0
43.8032,20,43802954171,199206,0
43.8513,20,43851084473,199206,0
43.902,20,43901835763,199206,0
43.9505,20,43950306065,199206,0
44.0012,20,44000992349,199206,0
44.0521,20,44051873645,199206,0
44.1005,20,44100285941,199206,0
44.1513,20,44151129237,199206,0
44.2023,20,44202084539,184200,1
44.2098,20,44209597551,199206,0
44.253,20,44252846835,184200,1
44.2605,20,44260303841,199206,0
44.3014,20,44301194119,184200,1
44.3089,20,44308707131,199206,0
44.3547,20,44354551421,184200,1
44.3622,20,44362028427,199206,0
44.4006,20,44400359705,199206,0
44.4541,20,44453912013,199206,0
44.5051,20,44504898327,199206,0
44.5508,20,44550601593,199206,0
44.6041,20,44603938889,199206,0
44.6524,20,44652194173,184200,1
44.6623,20,44662118179,184200,1
44.6698,20,44669586185,199206,0
44.7031,20,44702920457,199206,0
44.7514,20,44751231741,199206,0
44.8048,20,44804598037,199206,0
44.8505,20,44850314315,199206,0
44.9041,20,44903891623,199206,0
44.955,20,44954830931,199206,0
45.0008,20,45000583209,199206,0
45.0543,20,45054072529,184200,1
45.0642,20,45064043541,199206,0
45.1049,20,45104659807,199206,0
45.1533,20,45153137103,184200,1
45.1558,20,45155604103,184200,1
45.1633,20,45163128115,184200,1
45.1658,20,45165595115,184200,1
45.1708,20,45170585121,199206,0
45.2016,20,45201351387,199206,0
45.2524,20,45252167683,199206,0
45.3007,20,45300507973,199206,0
45.3516,20,45351358251,199206,0
45.4025,20,45402266553,184200,1
45.4074,20,45407247559,199206,0
45.4508,20,45450588843,199206,0
45.5017,20,45501466003,199206,0
45.5525,20,45552266299,199206,0
45.603,20,45602827601,184200,1
45.6084,20,45608157613,199206,0
45.6543,20,45654124915,199206,0
45.7024,20,45702235211,184200,1
45.7078,20,45707574217,199206,0
45.7537,20,45753461495,199206,0
45.8043,20,45804096803,199206,0
45.8554,20,45855228099,199206,0
45.901,20,45900795383,199206,0
45.952,20,45951786685,199206,0
46.0004,20,46000213993,199206,0
46.0513,20,46051077289,199206,0
46.1022,20,46101967585,199206,0
46.1531,20,46152884887,199206,0
46.204,20,46203802183,199206,0
46.2523,20,46252086467,199206,0
46.3005,20,46300305739,199206,0
46.3537,20,46353542023,199206,0
46.4047,20,46404497325,184200,1
46.4122,20,46411972331,199206,0
46.4531,20,46452902621,199206,0
46.504,20,46503812929,199206,0
46.5524,20,46552162219,199206,0
46.6007,20,46600502509,199206,0
46.6513,20,46651133787,199206,0
46.7024,20,46702159083,199206,0
46.7507,20,46750452367,199206,0
46.8039,20,46803706651,199206,0
46.8547,20,46854468941,199206,0
46.9005,20,46900273219,184200,1
46.9079,20,46907739225,184200,1
46.9104,20,46910206225,199206,0
46.9511,20,46950934503,199206,0
47.0018,20,47001611781,184200,1
47.0068,20,47006601787,199206,0
47.0502,20,47050062077,184200,1
47.0527,20,47052520077,199206,0
47.1035,20,47103291367,199206,0
47.1546,20,47154405687,199206,0
47.2005,20,47200363995,184200,1
47.203,20,47202848995,184200,1
47.208,20,47207839001,184200,1
47.213,20,47212847007,184200,1
47.2155,20,47215305007,199206,0
47.2514,20,47251209291,184200,1
47.2564,20,47256226297,184200,1
47.2589,20,47258684297,199206,0
47.3022,20,47302007581,199206,0
47.3532,20,47352971889,199206,0
47.4016,20,47401368185,199206,0
47.4523,20,47452119469,199206,0
47.5007,20,47500459759,199206,0
47.5514,20,47551188049,199206,0
47.6021,20,47601926327,184200,1
47.6071,20,47606916333,199206,0
47.653,20,47652760617,199206,0
47.7012,20,47700970901,199206,0
47.7517,20,47751467185,184200,1
47.7591,20,47758933191,199206,0
47.8025,20,47802290475,184200,1
47.8049,20,47804757475,184200,1
47.8074,20,47807215475,199206,0
47.8505,20,47850286753,199206,0
47.9017,20,47901481049,199206,0
47.9522,20,47952038339,199206,0
48.0006,20,48000443635,199206,0
48.0515,20,48051335937,199206,0
48.1053,20,48105053245,199206,0
48.1508,20,48150559535,199206,0
48.2042,20,48204010849,199206,0
48.2502,20,48250003145,199206,0
48.301,20,48300848441,184200,1
48.3035,20,48303306441,199206,0
48.3544,20,48354218755,199206,0
48.4002,20,48400036045,199206,0
48.4511,20,48450944341,184200,1
48.4586,20,48458419347,184200,1
48.4636,20,48463418353,184200,1
48.4686,20,48468417359,199206,0
48.5045,20,48504274637,199206,0
48.5529,20,48552659927,199206,0
48.6011,20,48600881205,199206,0
48.6519,20,48651688495,199206,0
48.7003,20,48700120791,199206,0
48.7537,20,48753451087,199206,0
48.8022,20,48802002389,184200,1
48.8072,20,48807001395,184200,1
48.8172,20,48817028413,199206,0
48.8529,20,48852744679,199206,0
48.9014,20,48901187981,184200,1
48.9038,20,48903654981,184200,1
48.9114,20,48911158993,199206,0
48.9545,20,48954350259,199206,0
49.0029,20,49002737549,184200,1
49.0079,20,49007754555,184200,1
49.0155,20,49015285567,199206,0
49.0537,20,49053524833,199206,0
49.1021,20,49101874123,184200,1
49.107,20,49106817123,199206,0
49.1504,20,49150212407,199206,0
49.2013,20,49201124721,199206,0
49.2521,20,49251867005,199206,0
49.3003,20,49300075277,199206,0
49.3512,20,49350987585,184200,1
49.3537,20,49353454585,199206,0
49.402,20,49401841881,199206,0
49.4505,20,49450303183,184200,1
49.4555,20,49455320189,199206,0
49.5039,20,49503703473,199206,0
49.5522,20,49551960757,199206,0
49.6004,20,49600234035,184200,1
49.608,20,49607765047,199206,0
49.6538,20,49653571325,199206,0
49.7022,20,49701978621,199206,0
49.7507,20,49750473917,184200,1
49.7531,20,49752940917,199206,0
49.8012,20,49800995207,199206,0
49.8526,20,49852400515,184200,1
49.8576,20,49857426521,184200,1
49.8626,20,49862407527,199206,0
49.9032,20,49902950811,199206,0
49.9542,20,49954008095,199206,0
50.0023,20,50002165397,184200,1
50.0101,20,50009935403,184200,1
50.0151,20,50014943409,199206,0
50.0508,20,50050596675,199206,0
50.1039,20,50103669977,184200,1
50.1117,20,50111515989,199206,0
50.1549,20,50154702267,199206,0
50.203,20,50202819557,199206,0
50.2514,20,50251191841,199206,0
50.3022,20,50301956131,199206,0
50.353,20,50352759415,199206,0
50.4038,20,50403602705,199206,0
50.4523,20,50452122013,199206,0
50.5031,20,50502920309,199206,0
50.5541,20,50553868611,199206,0
50.605,20,50604751919,199206,0
50.6509,20,50650708215,199206,0
50.7018,20,50701654517,184200,1
50.7043,20,50704112517,199206,0
50.7527,20,50752499813,199206,0
50.8012,20,50800990121,199206,0
50.8521,20,50851900423,199206,0
50.9002,20,50900049695,199206,0
50.9512,20,50950968997,199206,0
51.0022,20,51001973311,199206,0
51.0506,20,51050396607,184200,1
51.0556,20,51055357607,199206,0
51.1013,20,51101062879,199206,0
51.152,20,51151803151,184200,1
51.1545,20,51154270151,199206,0
51.2002,20,51200004423,199206,0
51.2537,20,51253482737,199206,0
51.3047,20,51304494045,199206,0
51.3506,20,51350437329,199206,0
51.4016,20,51401367637,184200,1
51.4115,20,51411349649,199206,0
51.455,20,51454827945,199206,0
51.5034,20,51503242247,199206,0
51.5518,20,51551587531,199206,0
51.6002,20,51600048839,184200,1
51.6053,20,51605074845,199206,0
51.6512,20,51650984135,199206,0
51.7022,20,51702008455,184200,1
51.7072,20,51706998461,199206,0
51.7505,20,51750339745,199206,0
51.8015,20,51801266041,184200,1
51.8064,20,51806265047,184200,1
51.8164,20,51816245059,199206,0
51.8525,20,51852273337,199206,0
51.9009,20,51900687633,199206,0
51.9546,20,51954414959,199206,0
52.0006,20,52000353255,199206,0
52.0511,20,52050854539,199206,0
52.1025,20,52102279853,199206,0
52.1532,20,52152978161,184200,1
52.1585,20,52158272167,199206,0
52.2018,20,52201629445,199206,0
52.2524,20,52252152741,199206,0
52.3007,20,52300453025,199206,0
52.3517,20,52351511339,199206,0
52.4025,20,52402323617,199206,0
52.451,20,52450784919,199206,0
52.502,20,52501758221,199206,0
52.5503,20,52550058499,199206,0
52.6012,20,52600950801,199206,0
52.652,20,52651756085,199206,0
52.7029,20,52702657387,199206,0
52.7511,20,52750923677,184200,1
52.7586,20,52758389683,199206,0
52.8019,20,52801746961,199206,0
52.8527,20,52852518245,199206,0
52.9035,20,52903321523,199206,0
52.952,20,52951753819,199206,0
53.0029,20,53002671121,199206,0
53.0509,20,53050709417,199206,0
53.1043,20,53104149725,199206,0
53.1502,20,53150003009,184200,1
53.1577,20,53157471015,199206,0
53.2009,20,53200720287,184200,1
53.2034,20,53203178287,199206,0
53.2518,20,53251619583,199206,0
53.3002,20,53300002873,199206,0
53.3535,20,53353331163,199206,0
53.4015,20,53401323423,184200,1
53.4065,20,53406313429,199206,0
53.4525,20,53452285719,199206,0
53.5034,20,53503176021,199206,0
53.5544,20,53554167329,199206,0
53.6029,20,53602673637,184200,1
53.6079,20,53607672643,199206,0
53.6513,20,53651125939,199206,0
53.7024,20,53702220253,184200,1
53.7073,20,53707154253,184200,1
53.7098,20,53709612253,199206,0
53.7505,20,53750300525,199206,0
53.8015,20,53801293833,199206,0
53.8551,20,53854859159,199206,0
53.9009,20,53900700455,199206,0
53.9544,20,53954169769,199206,0
54.0052,20,54005013065,199206,0
54.0511,20,54050855349,199206,0
54.1017,20,54101497651,199206,0
54.1503,20,54150067941,199206,0
54.2033,20,54203150243,199206,0
54.2546,20,54254398545,184200,1
54.2571,20,54256874545,184200,1
54.2621,20,54261900551,184200,1
54.2646,20,54264367551,184200,1
54.2696,20,54269393557,199206,0
54.3048,20,54304621805,199206,0
54.351,20,54350781095,199206,0
54.4017,20,54401515403,184200,1
54.412,20,54411752409,199206,0
54.4554,20,54455203699,184200,1
54.4579,20,54457670699,199206,0
54.5009,20,54500698983,199206,0
54.5543,20,54554096291,184200,1
54.5546,20,54554417003,199206,0
54.6025,20,54602316287,199206,0
54.6533,20,54653069571,184200,1
54.6586,20,54658390577,199206,0
54.7015,20,54701324849,184200,1
54.7065,20,54706318855,184200,1
54.7115,20,54711252855,199206,0
54.7522,20,54752033127,199206,0
54.8031,20,54802887429,199206,0
54.8516,20,54851422737,199206,0
54.9049,20,54904737039,199206,0
54.9506,20,54950419311,199206,0
55.0014,20,55001242595,199206,0
55.0523,20,55052103891,184200,1
55.0548,20,55054561891,199206,0
55.1029,20,55102660157,199206,0
55.1513,20,55151126447,199206,0
55.2047,20,55204467743,184200,1
55.2097,20,55209484749,199206,0
55.2505,20,55250301021,199206,0
55.3013,20,55301099311,199206,0
55.3546,20,55354390607,199206,0
55.4003,20,55400144891,184200,1
55.4028,20,55402611891,184200,1
55.4078,20,55407601897,199206,0
55.4512,20,55451042181,199206,0
55.5046,20,55504439489,199206,0
55.5504,20,55550198761,199206,0
55.6013,20,55601145069,199206,0
55.6522,20,55651970359,184200,1
55.6621,20,55661950371,199206,0
55.7004,20,55700238649,199206,0
55.7513,20,55751070933,199206,0
55.8048,20,55804560253,199206,0
55.8506,20,55850444549,184200,1
55.8556,20,55855434555,184200,1
55.8581,20,55857892555,199206,0
55.9013,20,55901112833,184200,1
55.9038,20,55903588833,184200,1
55.9112,20,55911036839,199206,0
55.952,20,55951830123,199206,0
56.0004,20,56000161413,199206,0
56.0512,20,56051040703,184200,1
56.0562,20,56056010703,199206,0
56.1021,20,56101912999,184200,1
56.1121,20,56111949017,199206,0
56.1502,20,56150005295,199206,0
56.2011,20,56200928567,199206,0
56.2518,20,56251561869,199206,0
56.3002,20,56300013141,199206,0
56.3507,20,56350500437,199206,0
56.4019,20,56401691739,199206,0
56.4524,20,56452265023,184200,1
56.4628,20,56462560035,199206,0
56.501,20,56500772295,199206,0
56.5539,20,56553677573,199206,0
56.605,20,56604844869,199206,0
56.6505,20,56650255141,199206,0
56.7011,20,56700912413,199206,0
56.7545,20,56754296709,199206,0
56.8004,20,56800181005,184200,1
56.8028,20,56802639005,199206,0
56.8512,20,56851035301,199206,0
56.9021,20,56901932597,199206,0
56.9529,20,56952725893,199206,0
57.0012,20,57001037171,199206,0
57.0547,20,57054531473,199206,0
57.1005,20,57100256751,199206,0
57.1513,20,57151147047,199206,0
57.2048,20,57204645361,199206,0
57.2533,20,57253077657,184200,1
57.2583,20,57258094663,199206,0
57.3042,20,57304034971,199206,0
57.3525,20,57352312267,184200,1
57.355,20,57354788267,199206,0
57.4007,20,57400482539,199206,0
57.4516,20,57451399835,199206,0
57.5049,20,57504746131,199206,0
57.5509,20,57550657427,199206,0
57.6018,20,57601621729,199206,0
57.6526,20,57652447019,199206,0
57.7011,20,57700890321,199206,0
57.7544,20,57754195623,199206,0
57.8002,20,57800003907,199206,0
57.8537,20,57853500215,199206,0
57.9021,20,57901876505,199206,0
57.9504,20,57950164801,199206,0
58.0011,20,58000954097,184200,1
58.0062,20,58005971103,199206,0
58.0518,20,58051611363,199206,0
58.1028,20,58102577671,199206,0
58.151,20,58150789955,199206,0
58.202,20,58201828257,199206,0
58.2503,20,58250112541,199206,0
58.3008,20,58300604825,199206,0
58.3519,20,58351662121,199206,0
58.4024,20,58402248411,199206,0
58.4512,20,58451002707,199206,0
58.5018,20,58501564009,199206,0
58.5504,20,58550193281,184200,1
58.5529,20,58552651281,199206,0
58.6033,20,58603116565,199206,0
58.6521,20,58651868855,199206,0
58.7051,20,58704913151,184200,1
58.7101,20,58709930157,199206,0
58.7511,20,58750896447,199206,0
58.8045,20,58804329761,199206,0
58.8531,20,58852881063,199206,0
58.9016,20,58901358365,199206,0
58.9525,20,58952324673,184200,1
58.9603,20,58960150685,184200,1
58.9679,20,58967654697,199206,0
59.0007,20,59000547963,199206,0
59.0516,20,59051400253,199206,0
59.1027,20,59102483561,184200,1
59.1076,20,59107410561,199206,0
59.151,20,59150798851,199206,0
59.202,20,59201792159,184200,1
59.2095,20,59209314171,199206,0
59.2504,20,59250226461,184200,1
59.2529,20,59252684461,199206,0
59.3014,20,59301172763,199206,0
59.3546,20,59354440047,184200,1
59.3596,20,59359421053,199206,0
59.403,20,59402807331,199206,0
59.4516,20,59451387639,199206,0
59.5025,20,59502259935,199206,0
59.5533,20,59553116237,199206,0
59.6043,20,59604085527,199206,0
59.6526,20,59652376805,184200,1
59.655,20,59654843805,199206,0
59.7011,20,59700930113,184200,1
59.7087,20,59708452125,199206,0
59.752,20,59751842421,184200,1
59.757,20,59756841427,199206,0
59.8004,20,59800171705,199206,0
59.8538,20,59853585001,199206,0
59.9047,20,59904493297,199206,0
59.9531,20,59952898593,184200,1
59.958,20,59957832593,199206,0
60.0041,20,60003925895,184200,1
60.0091,20,60008924901,199206,0
60.0525,20,60052266185,199206,0
60.1007,20,60100532469,199206,0
60.1515,20,60151272747,184200,1
60.1564,20,60156224747,184200,1
60.1639,20,60163672753,199206,0
60.2022,20,60201966019,184200,1
60.2071,20,60206956025,184200,1
60.2147,20,60214478037,199206,0
60.2505,20,60250344321,199206,0
60.3041,20,60303896635,199206,0
60.3525,20,60352274931,199206,0
60.4009,20,60400691233,199206,0
60.4542,20,60454001523,184200,1
60.4617,20,60461532535,184200,1
60.4667,20,60466522541,199206,0
60.5025,20,60502341813,184200,1
60.505,20,60504826813,184200,1
60.5075,20,60507284813,199206,0
60.5529,20,60552726091,199206,0
60.6017,20,60601471387,199206,0
60.6521,20,60651852671,199206,0
60.7008,20,60700644973,184200,1
60.7059,20,60705670979,184200,1
60.7083,20,60708137979,184200,1
60.7157,20,60715538979,199206,0
60.7537,20,60753550257,199206,0
60.8049,20,60804719565,184200,1
60.8099,20,60809718571,184200,1
60.8124,20,60812176571,199206,0
60.8504,20,60850187849,199206,0
60.9012,20,60901022139,184200,1
60.909,20,60908848157,184200,1
60.9115,20,60911315157,199206,0
60.9545,20,60954289441,199206,0
61.0003,20,61000104719,199206,0
61.0513,20,61051078015,199206,0
61.1022,20,61102015317,184200,1
61.11,20,61109776329,199206,0
61.1505,20,61150281607,199206,0
61.2037,20,61203508891,199206,0
61.2545,20,61254302187,199206,0
61.3003,20,61300157483,184200,1
61.3103,20,61310081489,199206,0
61.3536,20,61353449779,199206,0
61.402,20,61401801075,199206,0
61.4504,20,61450244377,199206,0
61.5011,20,61500858661,199206,0
61.5544,20,61554197957,199206,0
61.6027,20,61602518247,199206,0
61.6511,20,61650932549,184200,1
61.6536,20,61653390549,199206,0
61.7019,20,61701692833,184200,1
61.7044,20,61704177833,184200,1
61.7094,20,61709167839,184200,1
61.7168,20,61716642845,199206,0
61.7526,20,61752417117,184200,1
61.7551,20,61754875117,199206,0
61.8033,20,61803060401,199206,0
61.8516,20,61851402697,199206,0
61.9049,20,61904719975,199206,0
61.9507,20,61950528259,199206,0
62.0015,20,62001364549,184200,1
62.004,20,62003822549,199206,0
62.0523,20,62052151839,184200,1
62.0599,20,62059655851,199206,0
62.1031,20,62102943129,199206,0
62.1514,20,62151256419,184200,1
62.1564,20,62156208419,199206,0
62.2047,20,62204539709,199206,0
62.2506,20,62250374993,184200,1
62.2556,20,62255373999,199206,0
62.3014,20,62301240295,199206,0
62.3549,20,62354691609,199206,0
62.4009,20,62400669917,199206,0
62.4517,20,62451547201,184200,1
62.4542,20,62454032201,199206,0
62.5051,20,62504913497,199206,0
62.5508,20,62550665775,184200,1
62.5533,20,62553132775,184200,1
62.5558,20,62555590775,199206,0
62.6013,20,62601124065,199206,0
62.6525,20,62652327361,199206,0
62.7029,20,62702756645,184200,1
62.7057,20,62705536651,184200,1
62.7107,20,62710526657,199206,0
62.7541,20,62753903941,199206,0
62.8022,20,62802014237,184200,1
62.81,20,62809784243,199206,0
62.8533,20,62853114521,184200,1
62.8558,20,62855572521,199206,0
62.9014,20,62901208823,199206,0
62.9526,20,62952461131,184200,1
62.9601,20,62959918137,199206,0
63.0005,20,63000313409,199206,0
63.0513,20,63051147705,184200,1
63.0592,20,63058964723,199206,0
63.1046,20,63104415001,199206,0
63.1529,20,63152681285,199206,0
63.2036,20,63203430557,184200,1
63.2061,20,63205888557,199206,0
63.2518,20,63251568829,199206,0
63.3027,20,63302477125,184200,1
63.3052,20,63304953125,199206,0
63.3509,20,63350705409,199206,0
63.4018,20,63401573693,184200,1
63.4093,20,63409095705,199206,0
63.4525,20,63452342977,199206,0
63.5009,20,63500656267,199206,0
63.5517,20,63551555563,184200,1
63.5542,20,63554040563,184200,1
63.5567,20,63556498563,199206,0
63.6026,20,63602398853,184200,1
63.6051,20,63604865853,199206,0
63.6509,20,63650677119,184200,1
63.6559,20,63655676125,199206,0
63.7018,20,63701641421,199206,0
63.7502,20,63750026717,199206,0
63.8012,20,63800962013,199206,0
63.8548,20,63854644339,199206,0
63.9008,20,63900627635,184200,1
63.9033,20,63903103635,199206,0
63.9518,20,63951580937,184200,1
63.9542,20,63954038937,199206,0
64.0027,20,64002507239,184200,1
64.0077,20,64007506245,199206,0
64.0512,20,64050993535,184200,1
64.0537,20,64053469535,184200,1
64.0561,20,64055927535,199206,0
64.1046,20,64104350831,199206,0
64.1506,20,64150372133,199206,0
64.2016,20,64201448453,199206,0
64.2525,20,64252349755,199206,0
64.3034,20,64303197051,184200,1
64.3084,20,64308178057,199206,0
64.3518,20,64351647347,184200,1
64.3543,20,64354105347,199206,0
64.4051,20,64404937631,199206,0
64.451,20,64450810921,184200,1
64.4535,20,64453286921,199206,0
64.5044,20,64504168217,199206,0
64.5527,20,64552524501,199206,0
64.6037,20,64603488803,199206,0
64.6522,20,64652004105,199206,0
64.7005,20,64700256389,199206,0
64.7511,20,64750916691,184200,1
64.7564,20,64756219703,199206,0
64.8024,20,64802173993,199206,0
64.8504,20,64850230289,199206,0
64.9017,20,64901509597,199206,0
64.9549,20,64954667911,199206,0
65.0036,20,65003413201,199206,0
65.0517,20,65051532497,184200,1
65.0567,20,65056475497,184200,1
65.062,20,65061758503,199206,0
65.1053,20,65105135787,199206,0
65.151,20,65150853089,184200,1
65.1535,20,65153320089,199206,0
65.2019,20,65201689385,199206,0
65.2503,20,65250141687,184200,1
65.2603,20,65260065693,199206,0
65.3012,20,65300968983,199206,0
65.3521,20,65351915291,199206,0
65.4004,20,65400206575,199206,0
65.4514,20,65451192889,199206,0
65.5048,20,65504588191,184200,1
65.5098,20,65509605197,184200,1
65.5126,20,65512385203,199206,0
65.5504,20,65550248463,199206,0
65.604,20,65603760765,199206,0
65.6523,20,65652135049,184200,1
65.6573,20,65657143055,199206,0
65.7005,20,65700336327,184200,1
65.708,20,65707849339,184200,1
65.7105,20,65710316339,184200,1
65.7155,20,65715297345,199206,0
65.7511,20,65750903605,199206,0
65.8019,20,65801661883,199206,0
65.8527,20,65852505173,199206,0
65.901,20,65900816451,199206,0
65.9544,20,65954197759,184200,1
65.9569,20,65956655759,199206,0
66.0052,20,66005025055,199206,0
66.0535,20,66053280333,199206,0
66.1042,20,66103966611,199206,0
66.155,20,66154761913,199206,0
66.2009,20,66200723203,184200,1
66.2034,20,66203190203,184200,1
66.2084,20,66208180209,199206,0
66.2516,20,66251420493,199206,0
66.3047,20,66304535771,199206,0
66.353,20,66352836055,199206,0
66.4016,20,66401423363,199206,0
66.4525,20,66452340659,184200,1
66.455,20,66454807659,199206,0
66.5008,20,66500606943,199206,0
66.5517,20,66551488239,199206,0
66.6024,20,66602156523,199206,0
66.6533,20,66653053813,199206,0
66.7016,20,66701369109,184200,1
66.7065,20,66706312109,184200,1
66.714,20,66713834121,184200,1
66.7215,20,66721347133,199206,0
66.7522,20,66752035381,184200,1
66.7547,20,66754493381,199206,0
66.8003,20,66800053665,199206,0
66.8517,20,66851467979,199206,0
66.9023,20,66902067287,184200,1
66.9076,20,66907370299,184200,1
66.9151,20,66914874311,199206,0
66.9533,20,66953124583,199206,0
67.0016,20,67001353885,199206,0
67.0526,20,67052429175,199206,0
67.1031,20,67102876459,199206,0
67.1518,20,67151610755,184200,1
67.1568,20,67156618761,184200,1
67.1618,20,67161599767,199206,0
67.2023,20,67202067039,199206,0
67.2534,20,67253151335,199206,0
67.3039,20,67303665631,199206,0
67.3522,20,67351978927,199206,0
67.4004,20,67400209211,199206,0
67.4513,20,67451054513,199206,0
67.5022,20,67501953803,199206,0
67.5504,20,67550213087,199206,0
67.6013,20,67601056383,199206,0
67.6546,20,67654386679,199206,0
67.7004,20,67700196963,199206,0
67.7513,20,67751058253,199206,0
67.8021,20,67801939549,184200,1
67.8071,20,67806882549,199206,0
67.853,20,67852766845,199206,0
67.9012,20,67900986123,184200,1
67.9087,20,67908508135,199206,0
67.9521,20,67951871425,199206,0
68.0029,20,68002667715,199206,0
68.0513,20,68051136011,199206,0
68.1023,20,68102073313,184200,1
68.1047,20,68104558313,184200,1
68.1122,20,68112017319,199206,0
68.1505,20,68150254579,199206,0
68.2012,20,68200996857,199206,0
68.2546,20,68254419165,199206,0
68.3032,20,68302974479,199206,0
68.3514,20,68351204763,184200,1
68.3564,20,68356203769,184200,1
68.3614,20,68361184775,199206,0
68.4021,20,68401907035,184200,1
68.4046,20,68404374035,184200,1
68.407,20,68406841035,199206,0
68.4504,20,68450153319,199206,0
68.5012,20,68501016615,199206,0
68.5522,20,68552027923,199206,0
68.6032,20,68603030237,184200,1
68.6057,20,68605497237,199206,0
68.6516,20,68651361527,199206,0
68.7026,20,68702370829,199206,0
68.7509,20,68750655119,199206,0
68.8043,20,68804144433,199206,0
68.8527,20,68852486723,199206,0
68.9011,20,68900948025,199206,0
68.9521,20,68951867327,199206,0
69.0029,20,69002728617,199206,0
69.0538,20,69053607907,199206,0
69.1048,20,69104648221,199206,0
69.1503,20,69150105499,184200,1
69.1528,20,69152590499,199206,0
69.204,20,69203820795,199206,0
69.2523,20,69252070103,199206,0
69.3011,20,69300889405,184200,1
69.3111,20,69310869417,199206,0
69.3516,20,69351439701,199206,0
69.4027,20,69402512991,199206,0
69.4509,20,69450744299,199206,0
69.5018,20,69501663601,184200,1
69.5097,20,69509498613,199206,0
69.5551,20,69554964891,184200,1
69.5601,20,69559963897,184200,1
69.568,20,69567798909,199206,0
69.601,20,69600829181,184200,1
69.606,20,69605828187,184200,1
69.6163,20,69616121205,199206,0
69.6543,20,69654123477,199206,0
69.7002,20,69700043773,184200,1
69.7027,20,69702501773,199206,0
69.7511,20,69750905063,199206,0
69.8045,20,69804278353,199206,0
69.8504,20,69850232649,199206,0
69.9039,20,69903687963,199206,0
69.9548,20,69954556247,199206,0
70.0032,20,70002981555,199206,0
70.0515,20,70051283845,184200,1
70.054,20,70053750845,199206,0
70.105,20,70104751147,199206,0
70.1507,20,70150550431,184200,1
70.1583,20,70158072443,199206,0
70.2016,20,70201386727,184200,1
70.204,20,70203844727,199206,0
70.2524,20,70252241023,199206,0
70.3032,20,70303007313,199206,0
70.3541,20,70353875603,199206,0
70.4025,20,70402327905,199206,0
70.4535,20,70453254201,199206,0
70.5018,20,70501652509,184200,1
70.5068,20,70506642515,199206,0
70.5502,20,70550001799,199206,0
70.6035,20,70603285095,199206,0
70.6518,20,70651614385,199206,0
70.7027,20,70702457681,199206,0
70.7535,20,70753318971,199206,0
70.8017,20,70801480237,199206,0
70.8524,20,70852211521,199206,0
70.9007,20,70900558805,184200,1
70.9083,20,70908071817,184200,1
70.9132,20,70913032817,199206,0
70.9516,20,70951384101,184200,1
70.9591,20,70958852107,199206,0
71.0026,20,71002399415,199206,0
71.0534,20,71053177699,199206,0
71.1043,20,71104106001,184200,1
71.1093,20,71109087007,199206,0
71.1502,20,71150006291,199206,0
71.2009,20,71200715605,184200,1
71.2034,20,71203173605,199206,0
71.252,20,71251813889,184200,1
71.262,20,71261849907,184200,1
71.2645,20,71264352907,184200,1
71.267,20,71266810907,199206,0
71.305,20,71304793179,199206,0
71.3511,20,71350887463,199206,0
71.4043,20,71404063777,199206,0
71.4555,20,71455285073,199206,0
71.5035,20,71503305369,199206,0
71.5517,20,71551488653,199206,0
71.6023,20,71602147931,184200,1
71.6123,20,71612062937,199206,0
71.6507,20,71650472221,184200,1
71.6559,20,71655746227,184200,1
71.6584,20,71658213227,199206,0
71.7039,20,71703686499,199206,0
71.7522,20,71751979783,184200,1
71.7546,20,71754446783,184200,1
71.7599,20,71759758789,184200,1
71.765,20,71764775795,184200,1
71.7675,20,71767278795,199206,0
71.803,20,71802785067,199206,0
71.8513,20,71851053351,199206,0
71.902,20,71901822641,199206,0
71.9503,20,71950059913,199206,0
72.0011,20,72000858197,199206,0
72.052,20,72051768499,199206,0
72.1029,20,72102687801,199206,0
72.1511,20,72150918091,184200,1
72.1585,20,72158328091,184200,1
72.1635,20,72163329097,199206,0
72.2019,20,72201736381,199206,0
72.2504,20,72250195677,199206,0
72.3013,20,72301119973,184200,1
72.3088,20,72308576979,199206,0
72.3548,20,72354605281,199206,0
72.403,20,72402788565,199206,0
72.4515,20,72451274861,199206,0
72.5025,20,72502279181,199206,0
72.551,20,72550767483,199206,0
72.6017,20,72601547773,184200,1
72.6067,20,72606537779,199206,0
72.6526,20,72652391063,199206,0
72.7034,20,72703155347,199206,0
72.7544,20,72754220655,199206,0
72.8052,20,72805025945,184200,1
72.8077,20,72807501945,199206,0
72.851,20,72850834223,199206,0
72.9044,20,72904198513,184200,1
72.9068,20,72906665513,184200,1
72.9093,20,72909141513,184200,1
72.9143,20,72914140519,199206,0
72.9526,20,72952408797,199206,0
73.0035,20,73003317093,199206,0
73.0544,20,73054151383,199206,0
73.1002,20,73100035679,199206,0
73.151,20,73150815975,184200,1
73.1585,20,73158319987,199206,0
73.2043,20,73204137271,199206,0
73.2551,20,73254962561,184200,1
73.2602,20,73259988567,199206,0
73.301,20,73300790851,184200,1
73.3085,20,73308321863,199206,0
73.3515,20,73351323147,199206,0
73.4002,20,73400001431,199206,0
73.4534,20,73453249745,184200,1
73.4612,20,73461037751,199206,0
73.5021,20,73501874035,184200,1
73.507,20,73506864041,184200,1
73.5121,20,73511854047,199206,0
73.5526,20,73552433331,184200,1
73.5605,20,73560277343,199206,0
73.6037,20,73603522615,184200,1
73.6062,20,73605998615,199206,0
73.6542,20,73654016905,184200,1
73.6592,20,73659024911,184200,1
73.6645,20,73664327923,199206,0
73.7025,20,73702348201,199206,0
73.7534,20,73753189485,184200,1
73.7609,20,73760720497,199206,0
73.8016,20,73801383757,199206,0
73.8527,20,73852512065,199206,0
73.9011,20,73900879355,184200,1
73.9061,20,73905878361,184200,1
73.9114,20,73911152367,199206,0
73.952,20,73951782669,199206,0
74.0004,20,74000163953,199206,0
74.0512,20,74050953249,199206,0
74.1022,20,74101957557,199206,0
74.1504,20,74150212835,199206,0
74.2012,20,74200991119,199206,0
74.2545,20,74254312415,199206,0
74.3004,20,74300158705,199206,0
74.3537,20,74353507001,199206,0
74.4021,20,74401921297,184200,1
74.4097,20,74409452309,199206,0
74.4504,20,74450222051,184200,1
74.4579,20,74457753063,184200,1
74.4629,20,74462705063,199206,0
74.5012,20,74501011341,199206,0
74.5521,20,74551926631,199206,0
74.6028,20,74602637903,199206,0
74.6512,20,74651005187,184200,1
74.6587,20,74658453193,199206,0
74.7019,20,74701729471,199206,0
74.7551,20,74754947755,199206,0
74.8036,20,74803409057,199206,0
74.8521,20,74851904359,199206,0
74.903,20,74902803655,199206,0
74.9515,20,74951298951,199206,0
75.0023,20,75002106241,199206,0
75.0509,20,75050659555,199206,0
75.1041,20,75103942845,199206,0
75.1547,20,75154550123,199206,0
75.2005,20,75200300401,199206,0
75.2515,20,75251334697,199206,0
75.3025,20,75302325999,199206,0
75.351,20,75350758295,199206,0
75.4018,20,75401555603,199206,0
75.4531,20,75452890917,199206,0
75.5037,20,75503468213,199206,0
75.5523,20,75552067503,184200,1
75.5623,20,75562094521,199206,0
75.6027,20,75602471787,184200,1
75.6105,20,75610297799,199206,0
75.6538,20,75653628077,199206,0
75.7017,20,75701541349,199206,0
75.7503,20,75750083651,199206,0
75.8012,20,75801000947,199206,0
75.8522,20,75851983249,184200,1
75.855,20,75854772255,184200,1
75.86,20,75859780261,184200,1
75.8624,20,75862238261,199206,0
75.9029,20,75902716539,199206,0
75.9539,20,75953660841,199206,0
76.0022,20,76002048137,199206,0
76.0506,20,76050393421,184200,1
76.0556,20,76055392427,199206,0
76.1012,20,76101009699,199206,0
76.1548,20,76154569013,199206,0
76.2004,20,76200236279,199206,0
76.2539,20,76253705587,199206,0
76.3024,20,76302202889,184200,1
76.3099,20,76309659895,199206,0
76.3506,20,76350433167,184200,1
76.3556,20,76355414173,199206,0
76.4016,20,76401408475,199206,0
76.455,20,76454792771,199206,0
76.501,20,76500758067,199206,0
76.5518,20,76551632363,199206,0
76.6051,20,76604888653,199206,0
76.6509,20,76650680937,199206,0
76.7018,20,76701603221,199206,0
76.7502,20,76750006517,184200,1
76.7602,20,76759986529,199206,0
76.8009,20,76800705807,199206,0
76.8518,20,76851616115,199206,0
76.9003,20,76900077417,199206,0
76.9511,20,76950900701,199206,0
77.002,20,77001849009,199206,0
77.0504,20,77050227305,184200,1
77.0554,20,77055226311,184200,1
77.0579,20,77057702311,184200,1
77.0604,20,77060169311,199206,0
77.1012,20,77101023589,199206,0
77.1521,20,77151893885,184200,1
77.1596,20,77159397897,199206,0
77.2028,20,77202573175,199206,0
77.2537,20,77253503483,199206,0
77.3046,20,77304373773,199206,0
77.3504,20,77350162051,199206,0
77.4037,20,77403510353,199206,0
77.4546,20,77454400649,199206,0
77.5003,20,77500067921,184200,1
77.5053,20,77505077927,199206,0
77.5508,20,77550573211,199206,0
77.6021,20,77601906525,184200,1
77.6071,20,77606905531,199206,0
77.6553,20,77655084797,184200,1
77.6603,20,77660083803,184200,1
77.6678,20,77667614815,184200,1
77.6728,20,77672622821,199206,0
77.7034,20,77703201069,199206,0
77.7517,20,77751515383,184200,1
77.7567,20,77756514389,199206,0
77.8029,20,77802689673,199206,0
77.8508,20,77850588951,184200,1
77.8533,20,77853091951,184200,1
77.8557,20,77855558951,184200,1
77.861,20,77860823957,199206,0
77.9019,20,77901705235,199206,0
77.9502,20,77950019549,199206,0
78.0011,20,78000947851,199206,0
78.0521,20,78051939153,199206,0
78.103,20,78102820449,184200,1
78.1055,20,78105278449,199206,0
78.1513,20,78151061727,199206,0
78.2021,20,78201916017,184200,1
78.2071,20,78206942023,184200,1
78.2099,20,78209713029,199206,0
78.2504,20,78250184307,199206,0
78.3014,20,78301195615,199206,0
78.3546,20,78354384899,199206,0
78.4003,20,78400146177,184200,1
78.4028,20,78402613177,184200,1
78.4053,20,78405089177,184200,1
78.4077,20,78407547177,199206,0
78.4535,20,78453272443,199206,0
78.5044,20,78504238751,199206,0
78.5504,20,78550159041,199206,0
78.6012,20,78600955325,199206,0
78.6545,20,78654287627,199206,0
78.7003,20,78700133917,184200,1
78.7078,20,78707646929,199206,0
78.7511,20,78750928195,199206,0
78.8019,20,78801670479,199206,0
78.8503,20,78850055769,199206,0
78.901,20,78900816053,199206,0
78.9519,20,78951742349,184200,1
78.9569,20,78956750355,199206,0
79.0003,20,79000091639,199206,0
79.0511,20,79050898929,199206,0
79.1045,20,79104303231,199206,0
79.1504,20,79150196527,199206,0
79.2013,20,79201124829,199206,0
79.2522,20,79251977119,199206,0
79.3006,20,79300375421,199206,0
79.3516,20,79351375729,199206,0
79.4023,20,79402100019,184200,1
79.4048,20,79404603019,184200,1
79.4073,20,79407061019,199206,0
79.4507,20,79450485309,184200,1
79.4607,20,79460456321,199206,0
79.5016,20,79501357605,199206,0
79.5523,20,79552099895,184200,1
79.5548,20,79554566895,199206,0
79.6003,20,79600118179,184200,1
79.6031,20,79602898185,199206,0
79.6515,20,79651294481,184200,1
79.6589,20,79658742487,199206,0
79.7019,20,79701714765,199206,0
79.7506,20,79750361073,199206,0
79.8011,20,79800875363,184200,1
79.8089,20,79808663369,199206,0
79.8522,20,79851991641,184200,1
79.8547,20,79854458641,199206,0
79.9027,20,79902494931,199206,0
79.9513,20,79951148221,199206,0
80.0019,20,80001711523,184200,1
80.0094,20,80009233535,199206,0
80.0502,20,80050002801,184200,1
80.0554,20,80055249807,199206,0
80.1035,20,80103270103,184200,1
80.1084,20,80108222103,199206,0
80.1541,20,80153949381,199206,0
80.2025,20,80202343671,184200,1
80.205,20,80204801671,199206,0
80.2506,20,80250412937,184200,1
80.2531,20,80252915937,184200,1
80.2584,20,80258227943,184200,1
80.2609,20,80260685943,199206,0
80.3015,20,80301319227,184200,1
80.304,20,80303777227,199206,0
80.355,20,80354781547,199206,0
80.4008,20,80400638849,199206,0
80.4516,20,80451367145,199206,0
80.5048,20,80504605435,199206,0
80.5533,20,80553064731,199206,0
80.6042,20,80603975033,199206,0
80.655,20,80654820323,199206,0
80.7009,20,80700684613,199206,0
80.7517,20,80751480897,199206,0
80.805,20,80804845193,199206,0
80.8509,20,80850709483,199206,0
80.9015,20,80901312755,199206,0
80.9549,20,80954744057,199206,0
81.0033,20,81003066347,199206,0
81.0517,20,81051480643,199206,0
81.1025,20,81102327945,184200,1
81.105,20,81104794945,184200,1
81.1075,20,81107270945,199206,0
81.1508,20,81150626217,184200,1
81.1558,20,81155596217,184200,1
81.1583,20,81158074217,184200,1
81.1632,20,81163035217,184200,1
81.1657,20,81165502217,184200,1
81.1731,20,81172903217,199206,0
81.2014,20,81201238483,199206,0
81.2524,20,81252211791,199206,0
81.3008,20,81300572093,199206,0
81.3542,20,81354023401,199206,0
81.4027,20,81402462691,199206,0
81.4535,20,81453298987,199206,0
81.5018,20,81501603277,199206,0
81.5526,20,81552408561,199206,0
81.601,20,81600777863,184200,1
81.606,20,81605785869,184200,1
81.6135,20,81613298881,199206,0
81.6542,20,81653980153,199206,0
81.7024,20,81702181431,199206,0
81.7533,20,81753143727,199206,0
81.8018,20,81801569029,199206,0
81.8551,20,81854872331,199206,0
81.9034,20,81903198633,199206,0
81.9515,20,81951263929,199206,0
82.0024,20,82002247219,199206,0
82.0531,20,82052873527,184200,1
82.0609,20,82060708539,184200,1
82.0634,20,82063175539,199206,0
82.1017,20,82101450799,199206,0
82.1521,20,82151853077,199206,0
82.2003,20,82200072349,199206,0
82.2538,20,82253593651,199206,0
82.3022,20,82302025953,184200,1
82.305,20,82304817003,199206,0
82.3532,20,82353001305,199206,0
82.4015,20,82401325601,199206,0
82.4549,20,82454675909,199206,0
82.5033,20,82503128211,199206,0
82.5516,20,82551412495,199206,0
82.6025,20,82602349797,199206,0
82.6534,20,82653175093,184200,1
82.6584,20,82658183099,199206,0
82.7015,20,82701349371,199206,0
82.7525,20,82752273667,184200,1
82.7575,20,82757272673,199206,0
82.8034,20,82803192969,199206,0
82.8515,20,82851356247,184200,1
82.8591,20,82858887259,184200,1
82.8615,20,82861354259,184200,1
82.8665,20,82866344265,199206,0
82.9024,20,82902170537,184200,1
82.9099,20,82909692549,199206,0
82.9506,20,82950438821,199206,0
83.0041,20,83003888123,199206,0
83.0525,20,83052329419,184200,1
83.06,20,83059833431,199206,0
83.1032,20,83103042697,184200,1
83.1082,20,83108032703,199206,0
83.1518,20,83151586999,184200,1
83.1567,20,83156531999,184200,1
83.1643,20,83164063011,199206,0
83.2026,20,83202427301,199206,0
83.2511,20,83250868597,199206,0
83.3019,20,83301702893,199206,0
83.3528,20,83352631195,184200,1
83.3603,20,83360106201,199206,0
83.4011,20,83400913473,184200,1
83.4036,20,83403371473,199206,0
83.452,20,83451812769,184200,1
83.4545,20,83454270769,199206,0
83.5028,20,83502593065,184200,1
83.5053,20,83505069065,199206,0
83.5512,20,83550996355,199206,0
83.6021,20,83601868651,199206,0
83.6505,20,83650352941,184200,1
83.6555,20,83655342947,199206,0
83.704,20,83703757249,199206,0
83.7525,20,83752263551,199206,0
83.8009,20,83800722847,199206,0
83.8517,20,83851461119,199206,0
83.9028,20,83902564433,199206,0
83.951,20,83950821717,184200,1
83.9585,20,83958287723,199206,0
84.0015,20,84001305001,199206,0
84.0502,20,84050001297,199206,0
84.1009,20,84100681605,199206,0
84.1522,20,84151969913,199206,0
84.2026,20,84202419203,199206,0
84.2514,20,84251204511,184200,1
84.2589,20,84258726523,184200,1
84.2639,20,84263707529,199206,0
84.3019,20,84301696795,199206,0
84.3502,20,84350055085,184200,1
84.353,20,84352826091,199206,0
84.401,20,84400842375,184200,1
84.4035,20,84403318375,184200,1
84.411,20,84410784381,199206,0
84.4517,20,84451553653,184200,1
84.4621,20,84461893671,199206,0
84.5025,20,84502295937,199206,0
84.551,20,84550795245,184200,1
84.5535,20,84553271245,199206,0
84.6043,20,84604134541,199206,0
84.6526,20,84652411825,199206,0
84.7009,20,84700705103,184200,1
84.7034,20,84703163103,199206,0
84.7542,20,84754037405,199206,0
84.8024,20,84802231689,199206,0
84.8508,20,84850573985,184200,1
84.8557,20,84855525985,184200,1
84.8582,20,84857992985,199206,0
84.9014,20,84901238257,199206,0
84.9548,20,84954604559,199206,0
85.0032,20,85003007855,199206,0
85.0515,20,85051274133,199206,0
85.105,20,85104772447,184200,1
85.1099,20,85109724447,199206,0
85.1533,20,85153132743,184200,1
85.1609,20,85160654755,199206,0
85.204,20,85203861027,184200,1
85.2065,20,85206319027,199206,0
85.2523,20,85252147323,199206,0
85.303,20,85302768601,199206,0
85.3513,20,85351108891,199206,0
85.4021,20,85401865169,199206,0
85.4505,20,85450315465,199206,0
85.5014,20,85501187761,199206,0
85.5521,20,85551867039,199206,0
85.6004,20,85600234329,184200,1
85.6029,20,85602692329,199206,0
85.6512,20,85651032613,184200,1
85.6537,20,85653490613,199206,0
85.702,20,85701846897,199206,0
85.7527,20,85752540169,199206,0
85.8011,20,85800858447,199206,0
85.852,20,85851755737,199206,0
85.9028,20,85902637039,184200,1
85.9053,20,85905122039,184200,1
85.9078,20,85907589039,184200,1
85.9102,20,85910056039,184200,1
85.9127,20,85912514039,199206,0
85.9511,20,85950876323,184200,1
85.9561,20,85955866329,199206,0
86.002,20,86001795625,199206,0
86.053,20,86052775921,199206,0
86.104,20,86103834235,199206,0
86.155,20,86154818549,199206,0
86.201,20,86200772839,199206,0
86.2541,20,86253875147,199206,0
86.3026,20,86302432419,199206,0
86.3507,20,86350488715,184200,1
86.3531,20,86352964715,184200,1
86.3582,20,86357981721,184200,1
86.3635,20,86363302733,199206,0
86.4042,20,86404038005,199206,0
86.4522,20,86452047289,184200,1
86.4572,20,86457055295,184200,1
86.4597,20,86459531295,199206,0
86.5004,20,86500188549,184200,1
86.5056,20,86505435555,184200,1
86.5106,20,86510425561,199206,0
86.5536,20,86553408839,199206,0
86.602,20,86601832135,199206,0
86.6505,20,86650284437,199206,0
86.7041,20,86703865757,199206,0
86.7525,20,86752287047,199206,0
86.801,20,86800838349,184200,1
86.806,20,86805819355,199206,0
86.8519,20,86851710645,199206,0
86.9029,20,86902739953,184200,1
86.9104,20,86910243965,199206,0
86.9539,20,86953713261,184200,1
86.9639,20,86963693273,199206,0
87.0046,20,87004374539,184200,1
87.0095,20,87009364545,184200,1
87.012,20,87011840545,199206,0
87.0504,20,87050178811,199206,0
87.1038,20,87103552057,199206,0
87.1521,20,87151863341,199206,0
87.2005,20,87200299643,184200,1
87.208,20,87207830655,184200,1
87.2105,20,87210297655,199206,0
87.2513,20,87251142933,199206,0
87.3024,20,87302179235,199206,0
87.3507,20,87350510525,199206,0
87.4041,20,87403939821,184200,1
87.4066,20,87406397821,199206,0
87.4525,20,87452257117,199206,0
87.5008,20,87500644413,199206,0
87.5541,20,87553885685,184200,1
87.5565,20,87556343685,199206,0
87.6025,20,87602277969,184200,1
87.605,20,87604753969,199206,0
87.6534,20,87653195265,199206,0
87.7017,20,87701564555,184200,1
87.7067,20,87706498555,184200,1
87.7117,20,87711506561,184200,1
87.7192,20,87718981567,199206,0
87.7524,20,87752156821,199206,0
87.8007,20,87800533111,184200,1
87.8032,20,87802991111,199206,0
87.8515,20,87851322401,199206,0
87.9025,20,87902324709,199206,0
87.951,20,87950788017,199206,0
88.0045,20,88004257319,199206,0
88.0505,20,88050260615,199206,0
88.104,20,88103760941,199206,0
88.1548,20,88154629225,199206,0
88.2005,20,88200319527,199206,0
88.2517,20,88251522829,199206,0
88.3022,20,88302035119,184200,1
88.3099,20,88309758125,184200,1
88.3175,20,88317280137,199206,0
88.3508,20,88350614409,199206,0
88.4014,20,88401189699,184200,1
88.4064,20,88406206705,199206,0
88.4502,20,88450029007,199206,0
88.5035,20,88503259321,199206,0
88.5521,20,88551932617,184200,1
88.5546,20,88554390617,199206,0
88.6026,20,88602399901,184200,1
88.6051,20,88604857901,199206,0
88.6534,20,88653216191,184200,1
88.6612,20,88661060209,184200,1
88.6663,20,88666077215,199206,0
88.7018,20,88701556487,199206,0
88.7526,20,88752381777,199206,0
88.8009,20,88800724067,199206,0
88.8517,20,88851455351,199206,0
88.9025,20,88902280635,199206,0
88.9509,20,88950712931,184200,1
88.9559,20,88955711937,184200,1
88.9584,20,88958178937,199206,0
89.0018,20,89001567227,199206,0
89.0551,20,89054888523,199206,0
89.1035,20,89103347825,184200,1
89.106,20,89105814825,199206,0
89.1518,20,89151625121,199206,0
89.2002,20,89200030417,199206,0
89.251,20,89250817695,184200,1
89.256,20,89255825701,184200,1
89.2585,20,89258328701,184200,1
89.2688,20,89268621713,199206,0
89.3017,20,89301523973,199206,0
89.355,20,89354834263,199206,0
89.4035,20,89403284559,199206,0
89.4545,20,89454270867,199206,0
89.5028,20,89502604163,199206,0
89.5512,20,89551047465,199206,0
89.602,20,89601845755,199206,0
89.6505,20,89650287051,199206,0
89.7037,20,89703534341,199206,0
89.7521,20,89751959643,184200,1
89.7621,20,89761930655,199206,0
89.8003,20,89800104915,184200,1
89.8053,20,89805085921,199206,0
89.8511,20,89850885205,199206,0
89.9018,20,89901611489,184200,1
89.9093,20,89909077495,199206,0
89.9552,20,89954988791,199206,0
90.0011,20,90000902087,199206,0
90.0519,20,90051749383,199206,0
90.1026,20,90102388655,199206,0
90.1509,20,90150679933,184200,1
90.1533,20,90153137933,199206,0
90.2018,20,90201588229,184200,1
90.2067,20,90206549229,184200,1
90.2167,20,90216529241,199206,0
90.2526,20,90252359525,199206,0
90.3008,20,90300596803,184200,1
90.3033,20,90303054803,199206,0
90.3514,20,90351241111,184200,1
90.3617,20,90361534129,184200,1
90.3642,20,90364001129,184200,1
90.3716,20,90371395129,199206,0
90.4048,20,90404590389,199206,0
90.4529,20,90452671679,199206,0
90.5015,20,90501322963,199206,0
90.5522,20,90551967271,199206,0
90.6007,20,90600481549,199206,0
90.6538,20,90653644851,184200,1
90.6588,20,90658645857,199206,0
90.7024,20,90702235147,199206,0
90.7532,20,90752978455,199206,0
90.8015,20,90801327745,199206,0
90.8524,20,90852155029,199206,0
90.9033,20,90903130337,199206,0
90.9517,20,90951488633,199206,0
91.0051,20,91004903941,199206,0
91.0508,20,91050611219,199206,0
91.1018,20,91101559527,199206,0
91.1528,20,91152590841,199206,0
91.201,20,91200801125,199206,0
91.2521,20,91251861445,199206,0
91.3003,20,91300096723,184200,1
91.3053,20,91305113729,199206,0
91.3511,20,91350857013,199206,0
91.4016,20,91401432303,199206,0
91.4548,20,91454621581,199206,0
91.5005,20,91500261853,199206,0
91.5512,20,91551044143,184200,1
91.5537,20,91553529143,199206,0
91.602,20,91601753415,199206,0
91.6505,20,91650259717,199206,0
91.7014,20,91701244025,199206,0
91.7548,20,91754617321,199206,0
91.8032,20,91803038611,199206,0
91.8541,20,91853910907,199206,0
91.9025,20,91902300215,184200,1
91.9075,20,91907281221,199206,0
91.9506,20,91950429499,199206,0
92.0041,20,92003860807,199206,0
92.0524,20,92052257109,184200,1
92.0549,20,92054715109,199206,0
92.1008,20,92100568393,199206,0
92.1517,20,92151498707,199206,0
92.2026,20,92202445009,199206,0
92.2535,20,92253344311,199206,0
92.3019,20,92301720601,184200,1
92.3069,20,92306681601,199206,0
92.3503,20,92350071021,184200,1
92.3553,20,92355061027,199206,0
92.4038,20,92403603335,199206,0
92.4522,20,92452008637,199206,0
92.5004,20,92500156939,199206,0
92.5515,20,92551335235,184200,1
92.554,20,92553793235,199206,0
92.602,20,92601829525,184200,1
92.6073,20,92607150531,199206,0
92.6532,20,92652965809,199206,0
92.7013,20,92701103105,199206,0
92.7525,20,92752263413,199206,0
92.8029,20,92802748703,199206,0
92.8542,20,92854046011,199206,0
92.9021,20,92901907289,199206,0
92.9504,20,92950180573,199206,0
93.0035,20,93003353857,184200,1
93.0111,20,93010866869,199206,0
93.0544,20,93054186147,184200,1
93.0597,20,93059516159,184200,1
93.0622,20,93061974159,199206,0
93.1025,20,93102293413,199206,0
93.1508,20,93150658697,184200,1
93.1584,20,93158189709,184200,1
93.1636,20,93163445715,199206,0
93.2016,20,93201364987,199206,0
93.2527,20,93252475295,199206,0
93.3036,20,93303448603,199206,0
93.352,20,93351790899,199206,0
93.4003,20,93400057183,199206,0
93.451,20,93450835467,184200,1
93.4585,20,93458310473,184200,1
93.461,20,93460768473,199206,0
93.5044,20,93504167769,199206,0
93.5527,20,93552501065,199206,0
93.6036,20,93603420367,199206,0
93.6545,20,93654292669,199206,0
93.7002,20,93700028959,199206,0
93.7511,20,93750908249,199206,0
93.802,20,93801850545,199206,0
93.8503,20,93850105823,199206,0
93.9037,20,93903564125,184200,1
93.9062,20,93906022125,199206,0
93.9545,20,93954324409,199206,0
94.0028,20,94002662699,184200,1
94.0053,20,94005122699,199206,0
94.0513,20,94051079001,199206,0
94.1021,20,94101908297,199206,0
94.1505,20,94150302587,199206,0
94.2014,20,94201165877,199206,0
94.2521,20,94251874167,199206,0
94.3003,20,94300120451,199206,0
94.3538,20,94353629771,199206,0
94.4021,20,94401876049,184200,1
94.4071,20,94406866055,199206,0
94.4527,20,94452519333,199206,0
94.5037,20,94503503635,199206,0
94.5522,20,94551969925,184200,1
94.5572,20,94556986931,199206,0
94.6006,20,94600413021,199206,0
94.6512,20,94651026317,199206,0
94.7048,20,94704613613,199206,0
94.7504,20,94750245903,199206,0
94.8042,20,94804010217,199206,0
94.8523,20,94852057513,199206,0
94.901,20,94900784809,199206,0
94.9516,20,94951351099,199206,0
95.0026,20,95002431377,199206,0
95.0508,20,95050577673,199206,0
95.1043,20,95104064981,199206,0
95.1526,20,95152369265,184200,1
95.1575,20,95157350271,199206,0
95.2009,20,95200700549,199206,0
95.2518,20,95251644845,184200,1
95.2569,20,95256652851,199206,0
95.3002,20,95300032141,199206,0
95.3512,20,95351041443,199206,0
95.4023,20,95402097751,199206,0
95.4532,20,95453037059,184200,1
95.4557,20,95455495059,199206,0
95.5014,20,95501191331,199206,0
95.5524,20,95552184075,199206,0
95.6006,20,95600421353,199206,0
95.6516,20,95651407667,199206,0
95.7025,20,95702250957,199206,0
95.7508,20,95750571235,199206,0
95.8042,20,95803957537,199206,0
95.8551,20,95854932845,199206,0
95.9009,20,95900721123,184200,1
95.9059,20,95905711129,184200,1
95.9134,20,95913186135,184200,1
95.9233,20,95923054135,199206,0
95.9516,20,95951445407,199206,0
96.0025,20,96002279697,199206,0
96.0534,20,96053162999,199206,0
96.1017,20,96101537283,199206,0
96.1526,20,96152427579,184200,1
96.1576,20,96157408585,199206,0
96.2034,20,96203245881,199206,0
96.2544,20,96254201183,184200,1
96.2569,20,96256713183,184200,1
96.2619,20,96261703189,184200,1
96.2644,20,96264179189,199206,0
96.3027,20,96302469467,199206,0
96.3537,20,96353492763,199206,0
96.4045,20,96404329059,199206,0
96.4504,20,96450222361,199206,0
96.5014,20,96501190675,184200,1
96.5038,20,96503648675,199206,0
96.5521,20,96551883953,199206,0
96.6005,20,96600325249,199206,0
96.6515,20,96651262551,199206,0
96.7024,20,96702215853,184200,1
96.7074,20,96707196859,199206,0
96.7507,20,96750502149,184200,1
96.7532,20,96752978149,184200,1
96.7607,20,96760509161,199206,0
96.8037,20,96803476445,184200,1
96.8115,20,96811264457,199206,0
96.8549,20,96854706747,184200,1
96.8574,20,96857164747,199206,0
96.9003,20,96900137025,199206,0
96.9517,20,96951468327,199206,0
97.0023,20,97002081623,199206,0
97.051,20,97050855925,184200,1
97.0535,20,97053313925,199206,0
97.1015,20,97101343221,184200,1
97.1066,20,97106369227,184200,1
97.109,20,97108845227,199206,0
97.1522,20,97152047499,184200,1
97.1575,20,97157312505,199206,0
97.2004,20,97200248777,184200,1
97.2029,20,97202715777,184200,1
97.2054,20,97205173777,199206,0
97.2512,20,97251000061,184200,1
97.2565,20,97256323067,184200,1
97.2615,20,97261313073,199206,0
97.302,20,97301809345,199206,0
97.3529,20,97352665647,199206,0
97.4012,20,97401050943,184200,1
97.4087,20,97408525949,184200,1
97.4163,20,97416056961,199206,0
97.4546,20,97454435245,199206,0
97.5005,20,97500328541,199206,0
97.5513,20,97551142825,184200,1
97.5538,20,97553600825,199206,0
97.602,20,97601849109,184200,1
97.607,20,97606783109,199206,0
97.6504,20,97650236411,184200,1
97.6579,20,97657740423,199206,0
97.7012,20,97701007701,199206,0
97.7546,20,97754439003,199206,0
97.8005,20,97800274293,199206,0
97.8513,20,97851054583,199206,0
97.902,20,97901848867,184200,1
97.907,20,97906773867,199206,0
97.9503,20,97950095145,199206,0
98.0011,20,98000938435,199206,0
98.0521,20,98051936731,199206,0
98.1031,20,98102858039,199206,0
98.1539,20,98153667341,199206,0
98.2022,20,98201987045,199206,0
98.2531,20,98252935353,199206,0
98.304,20,98303843649,184200,1
98.309,20,98308860655,184200,1
98.314,20,98313803655,199206,0
98.3523,20,98352053927,199206,0
98.4029,20,98402749205,199206,0
98.4513,20,98451132489,199206,0
98.5022,20,98502040785,199206,0
98.5505,20,98550289075,184200,1
98.5579,20,98557755081,184200,1
98.5604,20,98560213081,199206,0
98.6012,20,98600991347,199206,0
98.652,20,98651827643,199206,0
98.7005,20,98700315945,199206,0
98.7514,20,98751224241,199206,0
98.8024,20,98802193537,184200,1
98.8049,20,98804687537,199206,0
98.8533,20,98853092833,199206,0
98.9018,20,98901599135,199206,0
98.9524,20,98952178437,199206,0
99.0033,20,99003123721,184200,1
99.0083,20,99008140727,184200,1
99.0134,20,99013157733,199206,0
99.0512,20,99051020999,184200,1
99.0562,20,99056038005,184200,1
99.059,20,99058818011,199206,0
99.1024,20,99102168295,199206,0
99.1529,20,99152727591,184200,1
99.1554,20,99155185591,199206,0
99.2015,20,99201266863,184200,1
99.2039,20,99203742863,199206,0
99.2521,20,99251880159,184200,1
99.257,20,99256841159,199206,0
99.3028,20,99302618431,184200,1
99.3106,20,99310397443,199206,0
99.3534,20,99353223709,199206,0
99.4042,20,99404019993,199206,0
99.4526,20,99452369289,199206,0
99.5036,20,99503369597,199206,0
99.5543,20,99554093875,199206,0
99.6051,20,99604917165,199206,0
99.651,20,99650826455,184200,1
99.6535,20,99653311455,184200,1
99.6585,20,99658303461,184200,1
99.666,20,99665834473,199206,0
99.7017,20,99701503727,199206,0
99.7552,20,99754957035,199206,0
99.8009,20,99800671307,184200,1
99.8059,20,99805670313,199206,0
99.8517,20,99851545609,199206,0
99.9052,20,99904976911,184200,1
99.9152,20,99915012929,199206,0
99.9511,20,99950870213,199206,0
100.002,20,100001827521,184200,1
100.004,20,100004294521,199206,0
100.05,20,100050205811,199206,0
100.104,20,100103498101,199206,0
100.154,20,100154278391,184200,1
100.159,20,100159212391,184200,1
100.164,20,100164182391,199206,0
100.205,20,100205029681,199206,0
100.251,20,100250736959,184200,1
100.253,20,100253205959,199206,0
100.302,20,100301629255,199206,0
100.353,20,100352463545,199206,0
100.401,20,100400796841,199206,0
100.452,20,100451703125,184200,1
100.454,20,100454179125,199206,0
100.5,20,100500079421,199206,0
100.551,20,100550989723,199206,0
100.602,20,100601730001,199206,0
100.65,20,100650274309,184200,1
100.658,20,100657731315,184200,1
100.665,20,100665197321,184200,1
100.668,20,100667709321,184200,1
100.673,20,100672670321,199206,0
100.701,20,100700884575,199206,0
100.755,20,100754425883,199206,0
100.8,20,100800279167,184200,1
100.808,20,100807783179,199206,0
100.854,20,100853481463,184200,1
100.856,20,100855975463,199206,0
100.905,20,100904407759,199206,0
100.951,20,100950310055,199206,0
