5.00629,5,5000000000,6292227,0
5.01686,5,5006292227,10569230,0
5.05029,5,5050000000,294735,0
5.12949,5,5100000000,29488079,0
5.15251,5,5150000000,2511339,0
5.21127,5,5200000000,11269653,0
5.25474,5,5250000000,4743937,0
5.31102,5,5300000000,11019257,0
5.35458,5,5350000000,4578547,0
5.40847,5,5400000000,8474867,0
5.45969,5,5450000000,9689163,0
5.50045,5,5500000000,454465,0
5.57721,5,5550000000,27209821,0
5.61078,5,5600000000,10780099,0
5.65671,5,5650000000,6705383,0
5.70759,5,5700000000,7590685,0
5.75403,5,5750000000,4034999,0
5.80997,5,5800000000,9968319,0
5.86128,5,5850000000,11279615,0
5.90723,5,5900000000,7232923,0
5.98145,5,5950000000,31452255,0
6.00708,5,6000000000,7077515,0
6.05862,5,6050000000,8617823,0
6.10194,5,6100000000,1940125,0
6.15589,5,6150000000,5891427,0
6.20924,5,6200000000,9236735,0
6.25829,5,6250000000,8288031,0
6.30931,5,6300000000,9314351,0
6.3505,5,6350000000,500653,0
6.40417,5,6400000000,4173979,0
6.45286,5,6450000000,2862293,0
6.50906,5,6500000000,9059601,0
6.58811,5,6550000000,38110945,0
6.61872,5,6600000000,18717211,0
6.65747,5,6650000000,7468507,0
6.72878,5,6700000000,28776851,0
6.78007,5,6750000000,30068141,0
6.80308,5,6800000000,3083377,0
6.85679,5,6850000000,6788691,0
6.91054,5,6900000000,10541011,0
6.98218,5,6950000000,32175367,0
7.00266,5,7000000000,2664615,0
7.05385,5,7050000000,3846923,0
7.10494,5,7100000000,4939231,0
7.15612,5,7150000000,6117527,0
7.21995,5,7200000000,19952877,0
7.26852,5,7250000000,18520173,0
7.31211,5,7300000000,12106469,0
7.35828,5,7350000000,8284783,0
7.42961,5,7400000000,29611127,0
7.47319,5,7450000000,23190423,0
7.52945,5,7500000000,29449749,0
7.55775,5,7550000000,7747015,0
7.61153,5,7600000000,11531323,0
7.65223,5,7650000000,2229613,0
7.70629,5,7700000000,6292927,0
7.76764,5,7750000000,17636277,0
7.8086,5,7800000000,8602567,0
7.86492,5,7850000000,14924899,0
7.92117,5,7900000000,21173225,0
7.96186,5,7950000000,11860509,0
8.00579,5,8000000000,5786799,0
8.05168,5,8050000000,1677107,0
8.10829,5,8100000000,8290427,0
8.17976,5,8150000000,29755777,0
8.2031,5,8200000000,3097025,0
8.282,5,8250000000,32002369,0
8.3129,5,8300000000,12896641,0
8.35373,5,8350000000,3725919,0
8.40784,5,8400000000,7843233,0
8.45117,5,8450000000,1170523,0
8.50783,5,8500000000,7825275,0
8.55621,5,8550000000,6205571,0
8.61267,5,8600000000,12667281,0
8.66344,5,8650000000,13435583,0
8.70191,5,8700000000,1912867,0
8.75309,5,8750000000,3086169,0
8.80187,5,8800000000,1866483,0
8.85816,5,8850000000,8159809,0
8.90675,5,8900000000,6745105,0
8.96045,5,8950000000,10446407,0
9.00651,5,9000000000,6510703,0
9.06545,5,9050000000,15453035,0
9.10149,5,9100000000,1490319,0
9.17035,5,9150000000,20349657,0
9.22682,5,9200000000,26821959,0
9.26505,5,9250000000,15049237,0
9.33168,5,9300000000,31681563,0
9.37493,5,9350000000,24929859,0
9.40591,5,9400000000,5910119,0
9.45732,5,9450000000,7321445,0
9.5086,5,9500000000,8597759,0
9.57751,5,9550000000,27509103,0
9.61611,5,9600000000,16109399,0
9.66483,5,9650000000,14829695,0
9.70867,5,9700000000,8665003,0
9.75233,5,9750000000,2325299,0
9.81112,5,9800000000,11119619,0
9.85223,5,9850000000,2234903,0
9.90064,5,9900000000,644205,0
9.95472,5,9950000000,4716513,0
10.0058,5,10000000000,5801821,0
10.0951,5,10050000000,45118195,0
10.1106,5,10100000000,10579431,0
10.1697,5,10150000000,19681763,0
10.2158,5,10200000000,15822071,0
10.2669,5,10250000000,16925385,0
10.3181,5,10300000000,18111705,0
10.3768,5,10350000000,26827031,0
10.4099,5,10400000000,9880291,0
10.4664,5,10450000000,16392599,0
10.5022,5,10500000000,2170877,0
10.5586,5,10550000000,8618185,0
10.6019,5,10600000000,1895481,0
10.6505,5,10650000000,518783,0
10.7045,5,10700000000,4455115,0
10.7558,5,10750000000,5790423,0
10.8095,5,10800000000,9549737,0
10.8532,5,10850000000,3226027,0
10.9095,5,10900000000,9503359,0
10.9636,5,10950000000,13584673,0
11.0095,5,11000000000,9506969,0
11.0813,5,11050000000,31265319,0
11.1043,5,11100000000,4293567,0
11.158,5,11150000000,7982893,0
11.2015,5,11200000000,1522177,0
11.2603,5,11250000000,10339485,0
11.3089,5,11300000000,8913775,0
11.3602,5,11350000000,10154095,0
11.4165,5,11400000000,16479409,0
11.4653,5,11450000000,15334705,0
11.5014,5,11500000000,1389983,0
11.5627,5,11550000000,12673315,0
11.6114,5,11600000000,11370623,0
11.6676,5,11650000000,17607943,0
11.7061,5,11700000000,6148221,0
11.7599,5,11750000000,9920547,0
11.8111,5,11800000000,11059861,0
11.88,5,11850000000,29971205,0
11.9135,5,11900000000,13467477,0
11.9697,5,11950000000,19722803,0
12.0057,5,12000000000,5735087,0
12.0541,5,12050000000,4088383,0
12.103,5,12100000000,3047679,0
12.162,5,12150000000,11965999,0
12.2006,5,12200000000,562283,0
12.2722,5,12250000000,22247651,0
12.3084,5,12300000000,8378941,0
12.3543,5,12350000000,4303243,0
12.4058,5,12400000000,5807545,0
12.4568,5,12450000000,6784853,0
12.5008,5,12500000000,796155,0
12.5645,5,12550000000,14451493,0
12.6109,5,12600000000,10900789,0
12.6645,5,12650000000,14458085,0
12.7135,5,12700000000,13522393,0
12.7646,5,12750000000,14618707,0
12.8057,5,12800000000,5692997,0
12.8596,5,12850000000,9596311,0
12.9031,5,12900000000,3126595,0
12.9644,5,12950000000,14427927,0
13.0286,5,13000000000,28646271,0
13.0874,5,13050000000,37422591,0
13.1054,5,13100000000,5370833,0
13.1643,5,13150000000,14255153,0
13.2154,5,13200000000,15399455,0
13.2616,5,13250000000,11553751,0
13.3026,5,13300000000,2574041,0
13.3564,5,13350000000,6418367,0
13.4024,5,13400000000,2426663,0
13.4511,5,13450000000,1074959,0
13.5025,5,13500000000,2516261,0
13.5565,5,13550000000,6468587,0
13.6027,5,13600000000,2669889,0
13.6514,5,13650000000,1374191,0
13.7081,5,13700000000,8083523,0
13.7643,5,13750000000,14334831,0
13.8182,5,13800000000,18233157,0
13.8567,5,13850000000,6742423,0
13.9029,5,13900000000,2923719,0
13.9768,5,13950000000,26794057,0
14.0103,5,14000000000,10256335,0
14.0539,5,14050000000,3925631,0
14.1126,5,14100000000,12631957,0
14.1613,5,14150000000,11340277,0
14.2404,5,14200000000,40441627,0
14.2887,5,14250000000,38701941,0
14.3067,5,14300000000,6668183,0
14.3557,5,14350000000,5669491,0
14.4116,5,14400000000,11613817,0
14.4631,5,14450000000,13093131,0
14.5089,5,14500000000,8898427,0
14.5705,5,14550000000,20483753,0
14.6317,5,14600000000,31747079,0
14.6601,5,14650000000,10080339,0
14.7161,5,14700000000,16058659,0
14.762,5,14750000000,12046949,0
14.8104,5,14800000000,10411251,0
14.8847,5,14850000000,34708601,0
14.9027,5,14900000000,2661831,0
14.9538,5,14950000000,3819145,0
15.0025,5,15000000000,2487447,0
15.0641,5,15050000000,14099779,0
15.115,5,15100000000,14962093,0
15.174,5,15150000000,24015419,0
15.2097,5,15200000000,9728691,0
15.2688,5,15250000000,18800023,0
15.3019,5,15300000000,1938295,0
15.3712,5,15350000000,21164639,0
15.4067,5,15400000000,6715911,0
15.4603,5,15450000000,10347219,0
15.5013,5,15500000000,1349509,0
15.5577,5,15550000000,7658829,0
15.6012,5,15600000000,1173125,0
15.7035,5,15650000000,53478747,0
15.7597,5,15750000000,9748061,0
15.8135,5,15800000000,13509381,0
15.852,5,15850000000,2015665,0
15.9134,5,15900000000,13368991,0
15.9645,5,15950000000,14473281,0
16.0106,5,16000000000,10584583,0
16.0514,5,16050000000,1370861,0
16.103,5,16100000000,3039181,0
16.1619,5,16150000000,11941501,0
16.2157,5,16200000000,15720821,0
16.262,5,16250000000,11967123,0
16.3081,5,16300000000,8114425,0
16.3564,5,16350000000,6363727,0
16.4331,5,16400000000,33148083,0
16.4613,5,16450000000,11312343,0
16.5002,5,16500000000,239627,0
16.5614,5,16550000000,11430947,0
16.6028,5,16600000000,2820243,0
16.6667,5,16650000000,16655587,0
16.7103,5,16700000000,10252889,0
16.7739,5,16750000000,23898203,0
16.8022,5,16800000000,2211463,0
16.8632,5,16850000000,13217795,0
16.9071,5,16900000000,7121097,0
16.9554,5,16950000000,5402393,0
17.0247,5,17000000000,24747743,0
17.0529,5,17050000000,2885003,0
17.1172,5,17100000000,17229347,0
17.1504,5,17150000000,387619,0
17.2223,5,17200000000,22289969,0
17.258,5,17250000000,8016253,0
17.3043,5,17300000000,4332549,0
17.381,5,17350000000,31028899,0
17.4045,5,17400000000,4507153,0
17.4534,5,17450000000,3449467,0
17.5125,5,17500000000,12519805,0
17.5513,5,17550000000,1253095,0
17.6078,5,17600000000,7791427,0
17.6592,5,17650000000,9171735,0
17.708,5,17700000000,7975037,0
17.7542,5,17750000000,4239339,0
17.8082,5,17800000000,8180659,0
17.8745,5,17850000000,24512991,0
17.9131,5,17900000000,13057239,0
17.962,5,17950000000,11972553,0
18.0057,5,18000000000,5651831,0
18.0573,5,18050000000,7290157,0
18.116,5,18100000000,16026465,0
18.1598,5,18150000000,9785761,0
18.2061,5,18200000000,6100051,0
18.2575,5,18250000000,7498359,0
18.314,5,18300000000,14005679,0
18.378,5,18350000000,27954011,0
18.409,5,18400000000,9019283,0
18.4551,5,18450000000,5139585,0
18.5114,5,18500000000,11412905,0
18.5577,5,18550000000,7738201,0
18.6062,5,18600000000,6207521,0
18.6527,5,18650000000,2710817,0
18.7244,5,18700000000,24390173,0
18.7832,5,18750000000,33233505,0
18.8242,5,18800000000,24152795,0
18.8552,5,18850000000,5162061,0
18.9111,5,18900000000,11140381,0
18.9779,5,18950000000,27868713,0
19.0111,5,19000000000,11089991,0
19.0627,5,19050000000,12677305,0
19.1266,5,19100000000,26553637,0
19.1599,5,19150000000,9923909,0
19.2208,5,19200000000,20822241,0
19.2569,5,19250000000,6862507,0
19.3257,5,19300000000,25739851,0
19.3568,5,19350000000,6812123,0
19.4056,5,19400000000,5579425,0
19.4674,5,19450000000,17350769,0
19.5005,5,19500000000,500047,0
19.5569,5,19550000000,6894379,0
19.6082,5,19600000000,8244705,0
19.6569,5,19650000000,6931007,0
19.7107,5,19700000000,10708327,0
19.7568,5,19750000000,6781617,0
19.808,5,19800000000,7970919,0
19.854,5,19850000000,4041227,0
19.9052,5,19900000000,5209547,0
19.9513,5,19950000000,1327843,0
20.0253,5,20000000000,25348193,0
20.0513,5,20050000000,1268459,0
20.1127,5,20100000000,12668791,0
20.1538,5,20150000000,3774087,0
20.2026,5,20200000000,2590401,0
20.2588,5,20250000000,8760709,0
20.3024,5,20300000000,2367005,0
20.3535,5,20350000000,3531313,0
20.4023,5,20400000000,2343615,0
20.4533,5,20450000000,3324935,0
20.515,5,20500000000,14964267,0
20.5532,5,20550000000,3182545,0
20.6048,5,20600000000,4765847,0
20.6583,5,20650000000,8324173,0
20.7099,5,20700000000,9859499,0
20.7582,5,20750000000,8232795,0
20.8301,5,20800000000,30099145,0
20.8607,5,20850000000,10725417,0
20.9073,5,20900000000,7324731,0
20.9506,5,20950000000,634021,0
21.0097,5,21000000000,9714347,0
21.0631,5,21050000000,13095655,0
21.1044,5,21100000000,4428939,0
21.1653,5,21150000000,15307265,0
21.2092,5,21200000000,9244561,0
21.2651,5,21250000000,15063863,0
21.309,5,21300000000,8965159,0
21.3523,5,21350000000,2348455,0
21.401,5,21400000000,1003745,0
21.4624,5,21450000000,12366071,0
21.5061,5,21500000000,6087361,0
21.5523,5,21550000000,2270663,0
21.6038,5,21600000000,3753983,0
21.6577,5,21650000000,7677303,0
21.714,5,21700000000,14004623,0
21.7651,5,21750000000,15148931,0
21.8061,5,21800000000,6122215,0
21.8574,5,21850000000,7412523,0
21.9062,5,21900000000,6154831,0
21.9599,5,21950000000,9943145,0
22.0011,5,22000000000,1080435,0
22.0523,5,22050000000,2271737,0
22.1113,5,22100000000,11313069,0
22.1701,5,22150000000,20129401,0
22.2112,5,22200000000,11158691,0
22.2599,5,22250000000,9927999,0
22.3112,5,22300000000,11184313,0
22.3725,5,22350000000,22494651,0
22.4211,5,22400000000,21063953,0
22.4596,5,22450000000,9637249,0
22.5259,5,22500000000,25896587,0
22.5594,5,22550000000,9390859,0
22.6002,5,22600000000,235155,0
22.6645,5,22650000000,14529505,0
22.7002,5,22700000000,233777,0
22.7696,5,22750000000,19626133,0
22.8107,5,22800000000,10723411,0
22.8593,5,22850000000,9281707,0
22.9002,5,22900000000,207003,0
22.9645,5,22950000000,14538329,0
23.0158,5,23000000000,15767643,0
23.0568,5,23050000000,6837927,0
23.1002,5,23100000000,232229,0
23.1645,5,23150000000,14466561,0
23.2002,5,23200000000,228845,0
23.2618,5,23250000000,11828165,0
23.3152,5,23300000000,15191473,0
23.3692,5,23350000000,19175799,0
23.4022,5,23400000000,2242065,0
23.4816,5,23450000000,31594427,0
23.5022,5,23500000000,2202681,0
23.5534,5,23550000000,3373983,0
23.602,5,23600000000,2017291,0
23.6556,5,23650000000,5634605,0
23.722,5,23700000000,21972949,0
23.7629,5,23750000000,12935233,0
23.8317,5,23800000000,31693565,0
23.8526,5,23850000000,2630813,0
23.9039,5,23900000000,3896127,0
23.9909,5,23950000000,40884513,0
24.0038,5,24000000000,3795743,0
24.0574,5,24050000000,7438063,0
24.1035,5,24100000000,3549371,0
24.1548,5,24150000000,4823685,0
24.2085,5,24200000000,8535993,0
24.2598,5,24250000000,9810307,0
24.311,5,24300000000,10992615,0
24.3546,5,24350000000,4607911,0
24.4159,5,24400000000,15871293,0
24.4519,5,24450000000,1940559,0
24.5209,5,24500000000,20891909,0
24.5821,5,24550000000,32099229,0
24.6003,5,24600000000,306471,0
24.6642,5,24650000000,14191803,0
24.7078,5,24700000000,7805093,0
24.7617,5,24750000000,11696425,0
24.8103,5,24800000000,10292721,0
24.8767,5,24850000000,26663053,0
24.9203,5,24900000000,20269257,0
24.9586,5,24950000000,8620529,0
25.0026,5,25000000000,2640831,0
25.0612,5,25050000000,11185151,0
25.1052,5,25100000000,5160453,0
25.1666,5,25150000000,16587785,0
25.2101,5,25200000000,10122069,0
25.2534,5,25250000000,3368359,0
25.3125,5,25300000000,12457679,0
25.3508,5,25350000000,794963,0
25.41,5,25400000000,10007307,0
25.4533,5,25450000000,3339585,0
25.5101,5,25500000000,10136923,0
25.556,5,25550000000,6000231,0
25.6127,5,25600000000,12665545,0
25.6509,5,25650000000,921829,0
25.7126,5,25700000000,12597155,0
25.7559,5,25750000000,5948457,0
25.8098,5,25800000000,9835777,0
25.8561,5,25850000000,6143073,0
25.9204,5,25900000000,20370417,0
25.9536,5,25950000000,3634689,0
26.0074,5,26000000000,7358003,0
26.0559,5,26050000000,5945305,0
26.1481,5,26100000000,48069715,0
26.1559,5,26150000000,5891939,0
26.2121,5,26200000000,12140265,0
26.2532,5,26250000000,3158549,0
26.3095,5,26300000000,9514869,0
26.3582,5,26350000000,8205183,0
26.4299,5,26400000000,29864533,0
26.4503,5,26450000000,259769,0
26.5092,5,26500000000,9162089,0
26.5504,5,26550000000,353379,0
26.6066,5,26600000000,6608699,0
26.6502,5,26650000000,207989,0
26.7115,5,26700000000,11464321,0
26.7702,5,26750000000,20222641,0
26.8008,5,26800000000,848913,0
26.865,5,26850000000,15045239,0
26.9136,5,26900000000,13614541,0
26.9547,5,26950000000,4666819,0
27.0004,5,27000000000,427109,0
27.0798,5,27050000000,29844477,0
27.1002,5,27100000000,216719,0
27.1518,5,27150000000,1833039,0
27.2052,5,27200000000,5187347,0
27.2567,5,27250000000,6718655,0
27.3179,5,27300000000,17916969,0
27.3539,5,27350000000,3902253,0
27.4074,5,27400000000,7379573,0
27.4717,5,27450000000,21669905,0
27.5255,5,27500000000,25519225,0
27.5615,5,27550000000,11511503,0
27.6125,5,27600000000,12508817,0
27.659,5,27650000000,9023119,0
27.7075,5,27700000000,7533427,0
27.7512,5,27750000000,1164717,0
27.805,5,27800000000,5001019,0
27.8617,5,27850000000,11722339,0
27.9126,5,27900000000,12595659,0
27.9512,5,27950000000,1180937,0
28.0124,5,28000000000,12428269,0
28.0665,5,28050000000,16529589,0
28.1022,5,28100000000,2192873,0
28.1509,5,28150000000,897175,0
28.2147,5,28200000000,14656507,0
28.2508,5,28250000000,783785,0
28.3019,5,28300000000,1938263,0
28.3581,5,28350000000,8090571,0
28.4093,5,28400000000,9348891,0
28.4607,5,28450000000,10749205,0
28.5145,5,28500000000,14475299,0
28.5607,5,28550000000,10725613,0
28.6018,5,28600000000,1822891,0
28.6633,5,28650000000,13279229,0
28.7095,5,28700000000,9496525,0
28.7607,5,28750000000,10685827,0
28.8145,5,28800000000,14463147,0
28.8607,5,28850000000,10705443,0
28.9044,5,28900000000,4415727,0
28.9529,5,28950000000,2937041,0
29.0145,5,29000000000,14544379,0
29.0502,5,29050000000,232657,0
29.1296,5,29100000000,29567019,0
29.1552,5,29150000000,5212285,0
29.2218,5,29200000000,21760611,0
29.2831,5,29250000000,33149937,0
29.309,5,29300000000,9016197,0
29.3524,5,29350000000,2363493,0
29.4192,5,29400000000,19232843,0
29.478,5,29450000000,28007157,0
29.5166,5,29500000000,16556435,0
29.5574,5,29550000000,7353725,0
29.6216,5,29600000000,21556075,0
29.6803,5,29650000000,30255401,0
29.7008,5,29700000000,778643,0
29.78,5,29750000000,29964987,0
29.8083,5,29800000000,8318253,0
29.8718,5,29850000000,21766591,0
29.9131,5,29900000000,13108881,0
29.9513,5,29950000000,1318159,0
30.0182,5,30000000000,18161491,0
30.0566,5,30050000000,6615775,0
30.1002,5,30100000000,227059,0
30.2127,5,30150000000,62678717,0
30.2688,5,30250000000,18847019,0
30.3125,5,30300000000,12453315,0
30.3535,5,30350000000,3511617,0
30.4072,5,30400000000,7225931,0
30.4559,5,30450000000,5876233,0
30.5045,5,30500000000,4492541,0
30.576,5,30550000000,26018891,0
30.6095,5,30600000000,9499169,0
30.6683,5,30650000000,18304495,0
30.707,5,30700000000,6976791,0
30.7506,5,30750000000,570075,0
30.8145,5,30800000000,14466413,0
30.858,5,30850000000,8007703,0
30.9041,5,30900000000,4146005,0
30.9579,5,30950000000,7880325,0
31.0216,5,31000000000,21628645,0
31.0955,5,31050000000,45541001,0
31.1063,5,31100000000,6262231,0
31.1828,5,31150000000,32789593,0
31.2212,5,31200000000,21212871,0
31.2673,5,31250000000,17257161,0
31.326,5,31300000000,25959475,0
31.3596,5,31350000000,9556753,0
31.4182,5,31400000000,18169067,0
31.4566,5,31450000000,6628345,0
31.5306,5,31500000000,30596707,0
31.5616,5,31550000000,11558967,0
31.6125,5,31600000000,12475281,0
31.6689,5,31650000000,18886589,0
31.7202,5,31700000000,20171909,0
31.7536,5,31750000000,3630175,0
31.8023,5,31800000000,2329483,0
31.859,5,31850000000,9041809,0
31.9102,5,31900000000,10187135,0
31.9538,5,31950000000,3836431,0
32.0102,5,32000000000,10239763,0
32.0617,5,32050000000,11713065,0
32.11,5,32100000000,9996367,0
32.1615,5,32150000000,11516663,0
32.2099,5,32200000000,9900971,0
32.2535,5,32250000000,3456249,0
32.3072,5,32300000000,7165575,0
32.3507,5,32350000000,713859,0
32.4095,5,32400000000,9539191,0
32.4532,5,32450000000,3179481,0
32.5093,5,32500000000,9342795,0
32.5656,5,32550000000,15578109,0
32.6041,5,32600000000,4075393,0
32.6629,5,32650000000,12853719,0
32.7292,5,32700000000,29174063,0
32.7756,5,32750000000,25621359,0
32.8088,5,32800000000,8759631,0
32.87,5,32850000000,20035969,0
32.9087,5,32900000000,8652259,0
32.9571,5,32950000000,7149549,0
33.0108,5,33000000000,10838869,0
33.062,5,33050000000,12046171,0
33.1006,5,33100000000,642455,0
33.1721,5,33150000000,22134811,0
33.2106,5,33200000000,10639089,0
33.262,5,33250000000,11965397,0
33.3108,5,33300000000,10842705,0
33.3543,5,33350000000,4300007,0
33.4009,5,33400000000,940309,0
33.4595,5,33450000000,9479641,0
33.506,5,33500000000,5988949,0
33.5544,5,33550000000,4409257,0
33.601,5,33600000000,970565,0
33.6799,5,33650000000,29942921,0
33.7209,5,33700000000,20867193,0
33.7541,5,33750000000,4144477,0
33.8031,5,33800000000,3069779,0
33.8666,5,33850000000,16570111,0
33.9156,5,33900000000,15600425,0
33.9663,5,33950000000,16305727,0
34.0079,5,34000000000,7857023,0
34.0637,5,34050000000,13694325,0
34.1049,5,34100000000,4858621,0
34.156,5,34150000000,6015941,0
34.2023,5,34200000000,2271243,0
34.2535,5,34250000000,3498551,0
34.3021,5,34300000000,2121251,0
34.361,5,34350000000,11005571,0
34.4328,5,34400000000,32830933,0
34.4735,5,34450000000,23547223,0
34.512,5,34500000000,11979501,0
34.5557,5,34550000000,5691791,0
34.6044,5,34600000000,4434099,0
34.6608,5,34650000000,10759413,0
34.7018,5,34700000000,1828715,0
34.7631,5,34750000000,13110047,0
34.8601,5,34800000000,60080639,0
34.9012,5,34900000000,1226929,0
34.9651,5,34950000000,15082279,0
35.0087,5,35000000000,8742575,0
35.0623,5,35050000000,12335877,0
35.126,5,35100000000,26039203,0
35.1696,5,35150000000,19641487,0
35.2057,5,35200000000,5732765,0
35.2646,5,35250000000,14567097,0
35.3158,5,35300000000,15754393,0
35.3544,5,35350000000,4399689,0
35.4133,5,35400000000,13268015,0
35.4544,5,35450000000,4358305,0
35.5054,5,35500000000,5425613,0
35.557,5,35550000000,7030927,0
35.6005,5,35600000000,540223,0
35.6699,5,35650000000,19921573,0
35.7136,5,35700000000,13561863,0
35.7674,5,35750000000,17440183,0
35.8031,5,35800000000,3130467,0
35.875,5,35850000000,25038835,0
35.9057,5,35900000000,5721113,0
35.9624,5,35950000000,12379439,0
36.0159,5,36000000000,15908759,0
36.0597,5,36050000000,9716049,0
36.1158,5,36100000000,15775369,0
36.1573,5,36150000000,7281671,0
36.2058,5,36200000000,5755979,0
36.2546,5,36250000000,4628299,0
36.3186,5,36300000000,18553649,0
36.3625,5,36350000000,12490951,0
36.4058,5,36400000000,5820247,0
36.4624,5,36450000000,12386561,0
36.5083,5,36500000000,8261851,0
36.557,5,36550000000,6975153,0
36.6184,5,36600000000,18389479,0
36.6827,5,36650000000,32699823,0
36.7056,5,36700000000,5636065,0
36.7619,5,36750000000,11947391,0
36.8081,5,36800000000,8074687,0
36.8618,5,36850000000,11845007,0
36.9105,5,36900000000,10452315,0
36.9667,5,36950000000,16678629,0
37.0179,5,37000000000,17889949,0
37.0564,5,37050000000,6434239,0
37.1076,5,37100000000,7555547,0
37.1714,5,37150000000,21400867,0
37.2352,5,37200000000,35169187,0
37.2559,5,37250000000,5888429,0
37.3098,5,37300000000,9815761,0
37.361,5,37350000000,11009081,0
37.4122,5,37400000000,12193395,0
37.4584,5,37450000000,8398709,0
37.5146,5,37500000000,14562023,0
37.5582,5,37550000000,8150325,0
37.6145,5,37600000000,14484639,0
37.6606,5,37650000000,10602935,0
37.717,5,37700000000,17015267,0
37.7631,5,37750000000,13099569,0
37.8093,5,37800000000,9253865,0
37.8655,5,37850000000,15500185,0
37.9041,5,37900000000,4112469,0
37.9805,5,37950000000,30540831,0
38.0012,5,38000000000,1240067,0
38.0827,5,38050000000,32694423,0
38.1036,5,38100000000,3586671,0
38.1545,5,38150000000,4527979,0
38.2313,5,38200000000,31341341,0
38.2569,5,38250000000,6923607,0
38.3031,5,38300000000,3079909,0
38.3746,5,38350000000,24554265,0
38.4234,5,38400000000,23391567,0
38.4692,5,38450000000,19227875,0
38.5282,5,38500000000,28241183,0
38.5589,5,38550000000,8903455,0
38.6129,5,38600000000,12881751,0
38.6538,5,38650000000,3798047,0
38.7179,5,38700000000,17944391,0
38.7537,5,38750000000,3650669,0
38.8099,5,38800000000,9914989,0
38.8562,5,38850000000,6172297,0
38.9229,5,38900000000,22906647,0
38.9636,5,38950000000,13631937,0
39.0073,5,39000000000,7294233,0
39.0661,5,39050000000,16126559,0
39.1047,5,39100000000,4684837,0
39.1534,5,39150000000,3425139,0
39.2073,5,39200000000,7314465,0
39.2535,5,39250000000,3545749,0
39.3073,5,39300000000,7341069,0
39.3662,5,39350000000,16233413,0
39.4123,5,39400000000,12281715,0
39.466,5,39450000000,16034035,0
39.502,5,39500000000,2048325,0
39.5633,5,39550000000,13293651,0
39.6015,5,39600000000,1549935,0
39.6581,5,39650000000,8057261,0
39.7295,5,39700000000,29468611,0
39.7502,5,39750000000,241853,0
39.8062,5,39800000000,6211173,0
39.8982,5,39850000000,48167559,0
39.924,5,39900000000,23991801,0
39.9524,5,39950000000,2406067,0
40.0033,5,40000000000,3320375,0
40.0599,5,40050000000,9861695,0
40.1107,5,40100000000,10697009,0
40.1622,5,40150000000,12206317,0
40.2032,5,40200000000,3169619,0
40.2521,5,40250000000,2136933,0
40.3157,5,40300000000,15684271,0
40.3571,5,40350000000,7145561,0
40.4285,5,40400000000,28509905,0
40.4645,5,40450000000,14477189,0
40.5002,5,40500000000,203473,0
40.5618,5,40550000000,11837811,0
40.6178,5,40600000000,17764137,0
40.6617,5,40650000000,11690427,0
40.71,5,40700000000,10020735,0
40.7742,5,40750000000,24221073,0
40.8049,5,40800000000,4883345,0
40.8562,5,40850000000,6159665,0
40.9175,5,40900000000,17495967,0
40.9611,5,40950000000,11100257,0
41.0022,5,41000000000,2209281,0
41.0509,5,41050000000,850589,0
41.1096,5,41100000000,9601915,0
41.1534,5,41150000000,3372217,0
41.2197,5,41200000000,19666537,0
41.2557,5,41250000000,5748815,0
41.3271,5,41300000000,27066159,0
41.3505,5,41350000000,479407,0
41.407,5,41400000000,6970733,0
41.4558,5,41450000000,5792035,0
41.5146,5,41500000000,14559355,0
41.5531,5,41550000000,3101639,0
41.6069,5,41600000000,6930947,0
41.6556,5,41650000000,5570243,0
41.7042,5,41700000000,4245539,0
41.7861,5,41750000000,36113919,0
41.8041,5,41800000000,4060155,0
41.8605,5,41850000000,10488475,0
41.9041,5,41900000000,4101771,0
41.9604,5,41950000000,10395097,0
42.0066,5,42000000000,6556387,0
42.0525,5,42050000000,2505683,0
42.1141,5,42100000000,14057021,0
42.1624,5,42150000000,12385323,0
42.2113,5,42200000000,11307637,0
42.2675,5,42250000000,17493939,0
42.3263,5,42300000000,26297259,0
42.362,5,42350000000,12023543,0
42.4034,5,42400000000,3439833,0
42.4543,5,42450000000,4266147,0
42.5184,5,42500000000,18410479,0
42.5541,5,42550000000,4138769,0
42.6057,5,42600000000,5746089,0
42.6718,5,42650000000,21796427,0
42.7002,5,42700000000,203693,0
42.7538,5,42750000000,3814995,0
42.8104,5,42800000000,10401315,0
42.8612,5,42850000000,11239611,0
42.9657,5,42900000000,65745227,0
43.0274,5,43000000000,27386565,0
43.0806,5,43050000000,30639867,0
43.1065,5,43100000000,6522121,0
43.2013,5,43150000000,51260731,0
43.2601,5,43250000000,10134045,0
43.3012,5,43300000000,1206329,0
43.3601,5,43350000000,10081649,0
43.4163,5,43400000000,16260957,0
43.4522,5,43450000000,2224269,0
43.506,5,43500000000,5994589,0
43.5597,5,43550000000,9670897,0
43.6033,5,43600000000,3275187,0
43.6572,5,43650000000,7182513,0
43.7084,5,43700000000,8449833,0
43.7546,5,43750000000,4599141,0
43.8235,5,43800000000,23451485,0
43.872,5,43850000000,22036781,0
43.9105,5,43900000000,10536065,0
43.9667,5,43950000000,16652373,0
44.0024,5,44000000000,2425663,0
44.0666,5,44050000000,16599001,0
44.1152,5,44100000000,15157297,0
44.1536,5,44150000000,3638587,0
44.2124,5,44200000000,12434913,0
44.2509,5,44250000000,930197,0
44.3094,5,44300000000,9406529,0
44.3559,5,44350000000,5855831,0
44.4349,5,44400000000,34870205,0
44.4531,5,44450000000,3115453,0
44.5092,5,44500000000,9165773,0
44.5503,5,44550000000,303063,0
44.6014,5,44600000000,1370377,0
44.6527,5,44650000000,2669685,0
44.7165,5,44700000000,16483017,0
44.7781,5,44750000000,28117355,0
44.8137,5,44800000000,13686627,0
44.8653,5,44850000000,15329947,0
44.9213,5,44900000000,21299261,0
44.9522,5,44950000000,2209527,0
45.006,5,45000000000,6015847,0
45.07,5,45050000000,20016173,0
45.1133,5,45100000000,13278457,0
45.1775,5,45150000000,27476789,0
45.2056,5,45200000000,5582061,0
45.2849,5,45250000000,34880429,0
45.308,5,45300000000,7964683,0
45.3541,5,45350000000,4109979,0
45.423,5,45400000000,22978317,0
45.4514,5,45450000000,1432589,0
45.5178,5,45500000000,17770939,0
45.5512,5,45550000000,1240211,0
45.6175,5,45600000000,17509537,0
45.6509,5,45650000000,917815,0
45.7047,5,45700000000,4670135,0
45.7662,5,45750000000,16189473,0
45.8073,5,45800000000,7301763,0
45.8585,5,45850000000,8495077,0
45.9122,5,45900000000,12173391,0
45.9532,5,45950000000,3229681,0
46.0095,5,46000000000,9548001,0
46.0503,5,46050000000,309291,0
46.122,5,46100000000,22047635,0
46.1631,5,46150000000,13137919,0
46.2169,5,46200000000,16872245,0
46.2806,5,46250000000,30645565,0
46.3039,5,46300000000,3934825,0
46.3523,5,46350000000,2252109,0
46.4141,5,46400000000,14139429,0
46.455,5,46450000000,4999719,0
46.5242,5,46500000000,24237069,0
46.5523,5,46550000000,2282323,0
46.6014,5,46600000000,1373631,0
46.6574,5,46650000000,7387951,0
46.709,5,46700000000,8966265,0
46.7729,5,46750000000,22885591,0
46.8164,5,46800000000,16408887,0
46.8572,5,46850000000,7227159,0
46.9035,5,46900000000,3475467,0
46.9549,5,46950000000,4870793,0
47.0114,5,47000000000,11432119,0
47.0648,5,47050000000,14804427,0
47.1416,5,47100000000,41561783,0
47.1569,5,47150000000,6940013,0
47.2363,5,47200000000,36263369,0
47.2619,5,47250000000,11861629,0
47.3004,5,47300000000,356907,0
47.3568,5,47350000000,6781221,0
47.4056,5,47400000000,5559529,0
47.4541,5,47450000000,4050813,0
47.5233,5,47500000000,23251139,0
47.5567,5,47550000000,6670417,0
47.6004,5,47600000000,395719,0
47.657,5,47650000000,6955033,0
47.7059,5,47700000000,5850341,0
47.7622,5,47750000000,12177661,0
47.8109,5,47800000000,10899963,0
47.8647,5,47850000000,14677283,0
47.9032,5,47900000000,3228567,0
47.9545,5,47950000000,4486887,0
48.0209,5,48000000000,20870231,0
48.062,5,48050000000,11980527,0
48.1082,5,48100000000,8246835,0
48.1696,5,48150000000,19573161,0
48.2002,5,48200000000,224427,0
48.2595,5,48250000000,9488765,0
48.3386,5,48300000000,38602133,0
48.372,5,48350000000,22026405,0
48.4002,5,48400000000,212677,0
48.4544,5,48450000000,4388009,0
48.5054,5,48500000000,5394323,0
48.562,5,48550000000,11958643,0
48.6003,5,48600000000,279933,0
48.6696,5,48650000000,19611289,0
48.7129,5,48700000000,12864573,0
48.7618,5,48750000000,11845881,0
48.8026,5,48800000000,2643171,0
48.8517,5,48850000000,1680479,0
48.9151,5,48900000000,15142805,0
48.9512,5,48950000000,1162083,0
49.0379,5,49000000000,37933451,0
49.0508,5,49050000000,752675,0
49.1044,5,49100000000,4432995,0
49.1505,5,49150000000,531285,0
49.2119,5,49200000000,11911611,0
49.2554,5,49250000000,5447913,0
49.3092,5,49300000000,9214221,0
49.3759,5,49350000000,25915559,0
49.4014,5,49400000000,1419807,0
49.5035,5,49450000000,53503417,0
49.5598,5,49550000000,9821737,0
49.6034,5,49600000000,3374033,0
49.6546,5,49650000000,4565245,0
49.7185,5,49700000000,18482565,0
49.757,5,49750000000,7035855,0
49.8106,5,49800000000,10631157,0
49.8517,5,49850000000,1714447,0
49.9003,5,49900000000,272737,0
49.9717,5,49950000000,21718087,0
50.0178,5,50000000000,17809383,0
50.0845,5,50050000000,34523721,0
50.1025,5,50100000000,2541957,0
50.169,5,50150000000,19040295,0
50.2076,5,50200000000,7638585,0
50.2766,5,50250000000,26555941,0
50.3026,5,50300000000,2559207,0
50.3613,5,50350000000,11308533,0
50.405,5,50400000000,5004829,0
50.4509,5,50450000000,922137,0
50.5404,5,50500000000,40359529,0
50.5712,5,50550000000,21233795,0
50.6098,5,50600000000,9776079,0
50.6911,5,50650000000,41111441,0
50.7069,5,50700000000,6858677,0
50.7706,5,50750000000,20595997,0
50.8142,5,50800000000,14247293,0
50.855,5,50850000000,4990577,0
50.9089,5,50900000000,8909885,0
50.9574,5,50950000000,7373181,0
51.0087,5,51000000000,8744501,0
51.0671,5,51050000000,17074827,0
51.1058,5,51100000000,5831117,0
51.1797,5,51150000000,29721455,0
51.2052,5,51200000000,5209709,0
51.2564,5,51250000000,6448023,0
51.3181,5,51300000000,18118361,0
51.3539,5,51350000000,3853645,0
51.4025,5,51400000000,2469953,0
51.4663,5,51450000000,16257261,0
51.5098,5,51500000000,9834551,0
51.561,5,51550000000,11045865,0
51.6047,5,51600000000,4717167,0
51.6507,5,51650000000,727463,0
51.7021,5,51700000000,2075789,0
51.7786,5,51750000000,28576145,0
51.8121,5,51800000000,12056423,0
51.8607,5,51850000000,10744731,0
51.9118,5,51900000000,11837033,0
51.9579,5,51950000000,7910329,0
52.0397,5,52000000000,39700691,0
52.0905,5,52050000000,40468993,0
52.1063,5,52100000000,6304223,0
52.1652,5,52150000000,15170543,0
52.2038,5,52200000000,3838827,0
52.2525,5,52250000000,2536135,0
52.3062,5,52300000000,6212449,0
52.3826,5,52350000000,32616799,0
52.4059,5,52400000000,5866041,0
52.457,5,52450000000,6960343,0
52.5183,5,52500000000,18252675,0
52.5542,5,52550000000,4208953,0
52.6105,5,52600000000,10462267,0
52.6716,5,52650000000,21599593,0
52.7073,5,52700000000,7307877,0
52.7841,5,52750000000,34056233,0
52.83,5,52800000000,30003523,0
52.8558,5,52850000000,5775771,0
52.9118,5,52900000000,11770085,0
52.9531,5,52950000000,3092369,0
53.0166,5,53000000000,16623713,0
53.0529,5,53050000000,2919991,0
53.1089,5,53100000000,8916311,0
53.1755,5,53150000000,25547655,0
53.2139,5,53200000000,13870951,0
53.2882,5,53250000000,38152307,0
53.3137,5,53300000000,13714567,0
53.3627,5,53350000000,12659869,0
53.4008,5,53400000000,822141,0
53.4545,5,53450000000,4471455,0
53.5032,5,53500000000,3222769,0
53.5849,5,53550000000,34887125,0
53.6334,5,53600000000,33448409,0
53.6565,5,53650000000,6469663,0
53.7102,5,53700000000,10228977,0
53.7614,5,53750000000,11427279,0
53.8052,5,53800000000,5240575,0
53.8667,5,53850000000,16667913,0
53.9027,5,53900000000,2698197,0
53.9564,5,53950000000,6419505,0
54.0253,5,54000000000,25327855,0
54.0767,5,54050000000,26682145,0
54.1049,5,54100000000,4949417,0
54.1765,5,54150000000,26505761,0
54.2123,5,54200000000,12264033,0
54.2791,5,54250000000,29124383,0
54.3276,5,54300000000,27562691,0
54.3661,5,54350000000,16131975,0
54.4097,5,54400000000,9657265,0
54.4684,5,54450000000,18437597,0
54.5119,5,54500000000,11870881,0
54.5732,5,54550000000,23157195,0
54.6142,5,54600000000,14182479,0
54.655,5,54650000000,5001781,0
54.7014,5,54700000000,1388083,0
54.7626,5,54750000000,12575397,0
54.8111,5,54800000000,11142693,0
54.8649,5,54850000000,14897013,0
54.9211,5,54900000000,21087333,0
54.9542,5,54950000000,4239593,0
55.0438,5,55000000000,43762973,0
55.067,5,55050000000,17023227,0
55.103,5,55100000000,3024505,0
55.1538,5,55150000000,3848813,0
55.2004,5,55200000000,390115,0
55.2537,5,55250000000,3704411,0
55.3231,5,55300000000,23092755,0
55.3614,5,55350000000,11387045,0
55.4329,5,55400000000,32923377,0
55.4789,5,55450000000,28929661,0
55.5124,5,55500000000,12420945,0
55.5582,5,55550000000,8217241,0
55.6018,5,55600000000,1814537,0
55.6757,5,55650000000,25675323,0
55.7066,5,55700000000,6590583,0
55.7502,5,55750000000,239873,0
55.8067,5,55800000000,6702199,0
55.8681,5,55850000000,18062519,0
55.9092,5,55900000000,9210815,0
55.9555,5,55950000000,5455117,0
56.0068,5,56000000000,6752419,0
56.0655,5,56050000000,15461733,0
56.1064,5,56100000000,6449011,0
56.1502,5,56150000000,217307,0
56.2039,5,56200000000,3871603,0
56.2551,5,56250000000,5145917,0
56.3242,5,56300000000,24178267,0
56.3525,5,56350000000,2545521,0
56.4266,5,56400000000,26585877,0
56.4651,5,56450000000,15063155,0
56.5011,5,56500000000,1062427,0
56.5548,5,56550000000,4760741,0
56.6211,5,56600000000,21088073,0
56.6621,5,56650000000,12090363,0
56.7208,5,56700000000,20841689,0
56.7543,5,56750000000,4326955,0
56.8027,5,56800000000,2720263,0
56.8542,5,56850000000,4228583,0
56.9382,5,56900000000,38165939,0
56.9539,5,56950000000,3922175,0
57.0024,5,57000000000,2410471,0
57.054,5,57050000000,4002773,0
57.1076,5,57100000000,7575087,0
57.1565,5,57150000000,6520395,0
57.2076,5,57200000000,7612697,0
57.2618,5,57250000000,11757011,0
57.3206,5,57300000000,20584349,0
57.3591,5,57350000000,9122627,0
57.4025,5,57400000000,2532923,0
57.4692,5,57450000000,19167243,0
57.505,5,57500000000,4963521,0
57.5641,5,57550000000,14144859,0
57.615,5,57600000000,15032167,0
57.656,5,57650000000,6034457,0
57.7072,5,57700000000,7198765,0
57.7559,5,57750000000,5858067,0
57.8045,5,57800000000,4458381,0
57.8584,5,57850000000,8419707,0
57.9247,5,57900000000,24727039,0
57.9761,5,57950000000,26072329,0
58.0269,5,58000000000,26863619,0
58.0502,5,58050000000,200861,0
58.1092,5,58100000000,9172199,0
58.1555,5,58150000000,5485513,0
58.2068,5,58200000000,6786827,0
58.2555,5,58250000000,5538135,0
58.3091,5,58300000000,9079443,0
58.3604,5,58350000000,10378751,0
58.4041,5,58400000000,4140053,0
58.458,5,58450000000,7975379,0
58.5193,5,58500000000,19321711,0
58.5628,5,58550000000,12829007,0
58.614,5,58600000000,13966315,0
58.6652,5,58650000000,15168635,0
58.7139,5,58700000000,13890937,0
58.76,5,58750000000,10000233,0
58.8087,5,58800000000,8697541,0
58.8519,5,58850000000,1925825,0
58.906,5,58900000000,5989145,0
58.9543,5,58950000000,4299447,0
59.0412,5,59000000000,41240833,0
59.0592,5,59050000000,9162075,0
59.1083,5,59100000000,8307383,0
59.1696,5,59150000000,19565721,0
59.2333,5,59200000000,33348041,0
59.2513,5,59250000000,1334289,0
59.3002,5,59300000000,234585,0
59.3768,5,59350000000,26840947,0
59.4027,5,59400000000,2732201,0
59.4793,5,59450000000,29304563,0
59.5077,5,59500000000,7731835,0
59.5587,5,59550000000,8659155,0
59.6126,5,59600000000,12558463,0
59.6507,5,59650000000,735753,0
59.7527,5,59700000000,52685333,0
59.8194,5,59800000000,19446683,0
59.8525,5,59850000000,2539955,0
59.9012,5,59900000000,1158269,0
59.9651,5,59950000000,15063607,0
60.0087,5,60000000000,8696903,0
60.0575,5,60050000000,7458187,0
60.1243,5,60100000000,24332531,0
60.1526,5,60150000000,2559791,0
60.2089,5,60200000000,8887111,0
60.2628,5,60250000000,12848437,0
60.3065,5,60300000000,6542727,0
60.3805,5,60350000000,30520083,0
60.4064,5,60400000000,6393337,0
60.4502,5,60450000000,201645,0
60.5092,5,60500000000,9168971,0
60.5654,5,60550000000,15388297,0
60.6039,5,60600000000,3943593,0
60.6576,5,60650000000,7630907,0
60.7037,5,60700000000,3693203,0
60.765,5,60750000000,15001529,0
60.8186,5,60800000000,18612837,0
60.8572,5,60850000000,7171115,0
60.9261,5,60900000000,26065245,0
60.9745,5,60950000000,24529529,0
61.0105,5,61000000000,10481801,0
61.0765,5,61050000000,26504109,0
61.11,5,61100000000,10020387,0
61.1562,5,61150000000,6221689,0
61.2046,5,61200000000,4637985,0
61.2613,5,61250000000,11276305,0
61.3073,5,61300000000,7317607,0
61.3667,5,61350000000,16656335,0
61.4279,5,61400000000,27890661,0
61.4537,5,61450000000,3743909,0
61.5123,5,61500000000,12321247,0
61.5713,5,61550000000,21298561,0
61.6045,5,61600000000,4488821,0
61.6637,5,61650000000,13672153,0
61.7071,5,61700000000,7100449,0
61.7507,5,61750000000,698721,0
61.8172,5,61800000000,17154065,0
61.8636,5,61850000000,13630367,0
61.9067,5,61900000000,6741651,0
61.9633,5,61950000000,13347983,0
62.0242,5,62000000000,24231297,0
62.0603,5,62050000000,10295575,0
62.1015,5,62100000000,1452871,0
62.1627,5,62150000000,12673203,0
62.2012,5,62200000000,1240481,0
62.2574,5,62250000000,7430795,0
62.3365,5,62300000000,36524157,0
62.3523,5,62350000000,2273399,0
62.406,5,62400000000,5953719,0
62.4571,5,62450000000,7061251,0
62.5134,5,62500000000,13377565,0
62.5622,5,62550000000,12168885,0
62.6057,5,62600000000,5741193,0
62.662,5,62650000000,11981501,0
62.7082,5,62700000000,8216797,0
62.7721,5,62750000000,22079141,0
62.8282,5,62800000000,28226461,0
62.8515,5,62850000000,1513715,0
62.9002,5,62900000000,200023,0
62.9514,5,62950000000,1422343,0
63.0052,5,63000000000,5156663,0
63.0509,5,63050000000,900959,0
63.1225,5,63100000000,22497303,0
63.153,5,63150000000,3004563,0
63.2247,5,63200000000,24738895,0
63.2502,5,63250000000,236149,0
63.307,5,63300000000,6957469,0
63.3502,5,63350000000,221759,0
63.4119,5,63400000000,11874097,0
63.4578,5,63450000000,7798399,0
63.5092,5,63500000000,9231683,0
63.5575,5,63550000000,7532985,0
63.614,5,63600000000,14018299,0
63.6523,5,63650000000,2323595,0
63.7289,5,63700000000,28887933,0
63.7646,5,63750000000,14632217,0
63.8137,5,63800000000,13707531,0
63.862,5,63850000000,12017833,0
63.9031,5,63900000000,3090117,0
63.9643,5,63950000000,14290437,0
64.0233,5,64000000000,23327763,0
64.0615,5,64050000000,11488029,0
64.113,5,64100000000,13003343,0
64.174,5,64150000000,23955675,0
64.2099,5,64200000000,9884953,0
64.2509,5,64250000000,921237,0
64.3047,5,64300000000,4741545,0
64.3735,5,64350000000,23488871,0
64.4327,5,64400000000,32719209,0
64.4532,5,64450000000,3246463,0
64.5045,5,64500000000,4462765,0
64.5659,5,64550000000,15863097,0
64.6045,5,64600000000,4549381,0
64.6557,5,64650000000,5715695,0
64.7172,5,64700000000,17167045,0
64.7633,5,64750000000,13341347,0
64.8044,5,64800000000,4361637,0
64.8504,5,64850000000,443933,0
64.9092,5,64900000000,9166259,0
64.9502,5,64950000000,222555,0
65.0115,5,65000000000,11503881,0
65.0677,5,65050000000,17741207,0
65.1063,5,65100000000,6292491,0
65.1575,5,65150000000,7460805,0
65.2008,5,65200000000,812113,0
65.2573,5,65250000000,7295427,0
65.3057,5,65300000000,5727717,0
65.3573,5,65350000000,7257019,0
65.4005,5,65400000000,503309,0
65.4873,5,65450000000,37341683,0
65.5053,5,65500000000,5334925,0
65.5568,5,65550000000,6830233,0
65.6078,5,65600000000,7775553,0
65.6518,5,65650000000,1804855,0
65.7309,5,65700000000,30927223,0
65.7543,5,65750000000,4299483,0
65.8153,5,65800000000,15258809,0
65.8668,5,65850000000,16803129,0
65.9256,5,65900000000,25606449,0
65.9666,5,65950000000,16640733,0
66.0124,5,66000000000,12412035,0
66.0766,5,66050000000,26587379,0
66.1098,5,66100000000,9774663,0
66.1508,5,66150000000,812953,0
66.2249,5,66200000000,24853309,0
66.2507,5,66250000000,746569,0
66.302,5,66300000000,2043871,0
66.3532,5,66350000000,3235173,0
66.4145,5,66400000000,14467487,0
66.4556,5,66450000000,5577777,0
66.5095,5,66500000000,9472091,0
66.5738,5,66550000000,23753429,0
66.6401,5,66600000000,40069761,0
66.653,5,66650000000,2991997,0
66.7044,5,66700000000,4430317,0
66.7606,5,66750000000,10602631,0
66.8195,5,66800000000,19497957,0
66.8657,5,66850000000,15690259,0
66.9067,5,66900000000,6697537,0
66.9604,5,66950000000,10420851,0
67.0091,5,67000000000,9087147,0
67.0503,5,67050000000,325443,0
67.1092,5,67100000000,9177775,0
67.1502,5,67150000000,205065,0
67.2393,5,67200000000,39309451,0
67.2576,5,67250000000,7581699,0
67.3035,5,67300000000,3540977,0
67.3573,5,67350000000,7300291,0
67.4034,5,67400000000,3429593,0
67.4621,5,67450000000,12097913,0
67.5032,5,67500000000,3161197,0
67.5541,5,67550000000,4059511,0
67.6006,5,67600000000,598807,0
67.6645,5,67650000000,14524151,0
67.7106,5,67700000000,10557441,0
67.759,5,67750000000,8950749,0
67.8055,5,67800000000,5537051,0
67.8693,5,67850000000,19337371,0
67.9279,5,67900000000,27897691,0
67.9535,5,67950000000,3493945,0
68.0176,5,68000000000,17595283,0
68.0533,5,68050000000,3294561,0
68.102,5,68100000000,1991869,0
68.1558,5,68150000000,5816189,0
68.2124,5,68200000000,12407497,0
68.2658,5,68250000000,15754811,0
68.3148,5,68300000000,14805131,0
68.3504,5,68350000000,446403,0
68.4041,5,68400000000,4138705,0
68.4681,5,68450000000,18051037,0
68.5015,5,68500000000,1466309,0
68.5502,5,68550000000,226617,0
68.6091,5,68600000000,9051949,0
68.6804,5,68650000000,30407293,0
68.7217,5,68700000000,21691583,0
68.7549,5,68750000000,4923867,0
68.8036,5,68800000000,3621175,0
68.8649,5,68850000000,14882495,0
68.9009,5,68900000000,919773,0
68.9698,5,68950000000,19802105,0
69.0059,5,69000000000,5906395,0
69.0571,5,69050000000,7099703,0
69.1033,5,69100000000,3269017,0
69.162,5,69150000000,12031349,0
69.2183,5,69200000000,18299681,0
69.2619,5,69250000000,11930977,0
69.3362,5,69300000000,36212333,0
69.3667,5,69350000000,16699593,0
69.4079,5,69400000000,7886871,0
69.4667,5,69450000000,16730203,0
69.5103,5,69500000000,10280493,0
69.5539,5,69550000000,3870795,0
69.6076,5,69600000000,7556103,0
69.6687,5,69650000000,18669405,0
69.7199,5,69700000000,19891725,0
69.7558,5,69750000000,5767003,0
69.8171,5,69800000000,17122335,0
69.8631,5,69850000000,13148625,0
69.9114,5,69900000000,11368921,0
69.9527,5,69950000000,2691205,0
70.0062,5,70000000000,6202525,0
70.0502,5,70050000000,205269,0
70.1086,5,70100000000,8603583,0
70.1627,5,70150000000,12704903,0
70.229,5,70200000000,28996241,0
70.265,5,70250000000,14988525,0
70.3082,5,70300000000,8241809,0
70.3648,5,70350000000,14826129,0
70.4235,5,70400000000,23480455,0
70.4649,5,70450000000,14867745,0
70.5207,5,70500000000,20712041,0
70.5899,5,70550000000,39855379,0
70.6255,5,70600000000,25460651,0
70.6744,5,70650000000,24448953,0
70.7076,5,70700000000,7612219,0
70.7613,5,70750000000,11328539,0
70.8025,5,70800000000,2517829,0
70.8692,5,70850000000,19187179,0
70.9049,5,70900000000,4920457,0
70.9817,5,70950000000,31749819,0
71.03,5,71000000000,30040115,0
71.056,5,71050000000,5958369,0
71.1022,5,71100000000,2215677,0
71.1632,5,71150000000,13168009,0
71.2142,5,71200000000,14247311,0
71.2807,5,71250000000,30696643,0
71.3088,5,71300000000,8763909,0
71.3673,5,71350000000,17338211,0
71.4135,5,71400000000,13467507,0
71.4571,5,71450000000,7116797,0
71.5082,5,71500000000,8211105,0
71.5925,5,71550000000,42508473,0
71.6004,5,71600000000,366697,0
71.6566,5,71650000000,6647017,0
71.7028,5,71700000000,2812325,0
71.7563,5,71750000000,6258639,0
71.8078,5,71800000000,7769947,0
71.8615,5,71850000000,11518261,0
71.9203,5,71900000000,20310575,0
71.951,5,71950000000,972847,0
72.0127,5,72000000000,12652191,0
72.0715,5,72050000000,21489505,0
72.1152,5,72100000000,15214807,0
72.1586,5,72150000000,8616103,0
72.2025,5,72200000000,2470393,0
72.2585,5,72250000000,8496695,0
72.305,5,72300000000,4974997,0
72.361,5,72350000000,11004329,0
72.4125,5,72400000000,12537649,0
72.4532,5,72450000000,3164915,0
72.5123,5,72500000000,12312247,0
72.5582,5,72550000000,8171537,0
72.6122,5,72600000000,12202863,0
72.6579,5,72650000000,7932147,0
72.7195,5,72700000000,19519473,0
72.7728,5,72750000000,22803787,0
72.8088,5,72800000000,8830059,0
72.8523,5,72850000000,2306343,0
72.9084,5,72900000000,8388657,0
72.9928,5,72950000000,42841031,0
73.0437,5,73000000000,43651303,0
73.054,5,73050000000,4023533,0
73.1179,5,73100000000,17944865,0
73.1892,5,73150000000,39190203,0
73.21,5,73200000000,9972445,0
73.2587,5,73250000000,8678753,0
73.3124,5,73300000000,12429067,0
73.3511,5,73350000000,1052351,0
73.4023,5,73400000000,2254665,0
73.4888,5,73450000000,38796033,0
73.5222,5,73500000000,22215311,0
73.5506,5,73550000000,568577,0
73.6043,5,73600000000,4282891,0
73.6606,5,73650000000,10612217,0
73.7067,5,73700000000,6658507,0
73.7553,5,73750000000,5333803,0
73.809,5,73800000000,9016129,0
73.8678,5,73850000000,17814461,0
73.9189,5,73900000000,18906769,0
73.9575,5,73950000000,7492047,0
74.0187,5,74000000000,18737373,0
74.0598,5,74050000000,9813669,0
74.1136,5,74100000000,13563977,0
74.1596,5,74150000000,9637273,0
74.2106,5,74200000000,10632581,0
74.2925,5,74250000000,42451949,0
74.3028,5,74300000000,2824179,0
74.3594,5,74350000000,9399493,0
74.4029,5,74400000000,2865795,0
74.4721,5,74450000000,22081133,0
74.5002,5,74500000000,211399,0
74.5515,5,74550000000,1460719,0
74.6127,5,74600000000,12724051,0
74.6618,5,74650000000,11779359,0
74.7077,5,74700000000,7669667,0
74.7617,5,74750000000,11746969,0
74.81,5,74800000000,10015253,0
74.8587,5,74850000000,8674561,0
74.9199,5,74900000000,19933881,0
74.9638,5,74950000000,13810183,0
75.0147,5,75000000000,14652491,0
75.0532,5,75050000000,3176775,0
75.1069,5,75100000000,6884095,0
75.1555,5,75150000000,5541391,0
75.2042,5,75200000000,4220699,0
75.2655,5,75250000000,15495037,0
75.3217,5,75300000000,21732357,0
75.3602,5,75350000000,10220641,0
75.4089,5,75400000000,8890949,0
75.4626,5,75450000000,12583251,0
75.5036,5,75500000000,3594541,0
75.5548,5,75550000000,4758849,0
75.6034,5,75600000000,3434145,0
75.6522,5,75650000000,2181441,0
75.7237,5,75700000000,23680791,0
75.7573,5,75750000000,7332069,0
75.8136,5,75800000000,13578395,0
75.8518,5,75850000000,1809685,0
75.9008,5,75900000000,772987,0
75.9622,5,75950000000,12194307,0
76.0412,5,76000000000,41192681,0
76.0646,5,76050000000,14562935,0
76.1334,5,76100000000,33409267,0
76.1514,5,76150000000,1377515,0
76.2003,5,76200000000,306829,0
76.2668,5,76250000000,16805167,0
76.3053,5,76300000000,5270457,0
76.3537,5,76350000000,3683771,0
76.4229,5,76400000000,22887127,0
76.4636,5,76450000000,13592411,0
76.5102,5,76500000000,10169713,0
76.5586,5,76550000000,8554021,0
76.6303,5,76600000000,30252353,0
76.666,5,76650000000,15994631,0
76.715,5,76700000000,14975933,0
76.7583,5,76750000000,8316235,0
76.8045,5,76800000000,4468531,0
76.8583,5,76850000000,8299845,0
76.902,5,76900000000,2023141,0
76.9534,5,76950000000,3432455,0
77.0072,5,77000000000,7249781,0
77.0534,5,77050000000,3370083,0
77.1097,5,77100000000,9652397,0
77.1584,5,77150000000,8372693,0
77.2021,5,77200000000,2071001,0
77.2533,5,77250000000,3336315,0
77.3097,5,77300000000,9712647,0
77.3608,5,77350000000,10795961,0
77.412,5,77400000000,11971275,0
77.4582,5,77450000000,8186565,0
77.5275,5,77500000000,27513921,0
77.5582,5,77550000000,8196199,0
77.6274,5,77600000000,27445531,0
77.6632,5,77650000000,13225815,0
77.7042,5,77700000000,4181099,0
77.7628,5,77750000000,12849419,0
77.8014,5,77800000000,1427703,0
77.8527,5,77850000000,2655011,0
77.9039,5,77900000000,3857325,0
77.9628,5,77950000000,12820639,0
78.0091,5,78000000000,9093941,0
78.0577,5,78050000000,7733237,0
78.1036,5,78100000000,3562551,0
78.1551,5,78150000000,5082859,0
78.209,5,78200000000,8950173,0
78.2728,5,78250000000,22824499,0
78.3009,5,78300000000,873765,0
78.3599,5,78350000000,9916079,0
78.4084,5,78400000000,8383393,0
78.4523,5,78450000000,2284689,0
78.5032,5,78500000000,3180997,0
78.5547,5,78550000000,4703311,0
78.6031,5,78600000000,3114619,0
78.6624,5,78650000000,12356939,0
78.7032,5,78700000000,3174235,0
78.7517,5,78750000000,1741525,0
78.8105,5,78800000000,10463845,0
78.8542,5,78850000000,4198147,0
78.9205,5,78900000000,20496479,0
78.977,5,78950000000,27041811,0
79.0203,5,79000000000,20335107,0
79.0793,5,79050000000,29305421,0
79.1176,5,79100000000,17555687,0
79.1587,5,79150000000,8726971,0
79.2148,5,79200000000,14821273,0
79.2585,5,79250000000,8526569,0
79.3047,5,79300000000,4659883,0
79.3609,5,79350000000,10884191,0
79.4119,5,79400000000,11916481,0
79.4531,5,79450000000,3051765,0
79.5017,5,79500000000,1727061,0
79.5608,5,79550000000,10824399,0
79.602,5,79600000000,2006689,0
79.6662,5,79650000000,16175033,0
79.7201,5,79700000000,20105353,0
79.7588,5,79750000000,8764637,0
79.8026,5,79800000000,2617945,0
79.8565,5,79850000000,6514265,0
79.9002,5,79900000000,237561,0
79.9716,5,79950000000,21585917,0
80.005,5,80000000000,4986171,0
80.0564,5,80050000000,6442491,0
80.1203,5,80100000000,20320829,0
80.1565,5,80150000000,6468113,0
80.2002,5,80200000000,204421,0
80.2512,5,80250000000,1246729,0
80.3154,5,80300000000,15375067,0
80.3562,5,80350000000,6215351,0
80.4075,5,80400000000,7480665,0
80.4663,5,80450000000,16251997,0
80.5098,5,80500000000,9764287,0
80.5608,5,80550000000,10842601,0
80.6326,5,80600000000,32589945,0
80.6633,5,80650000000,13254223,0
80.7021,5,80700000000,2116501,0
80.7681,5,80750000000,18101833,0
80.8122,5,80800000000,12156129,0
80.858,5,80850000000,7958443,0
80.9069,5,80900000000,6887751,0
80.9502,5,80950000000,217041,0
81.0219,5,81000000000,21935385,0
81.0551,5,81050000000,5120663,0
81.1092,5,81100000000,9174983,0
81.1832,5,81150000000,33201351,0
81.2088,5,81200000000,8844611,0
81.2727,5,81250000000,22709943,0
81.3087,5,81300000000,8695227,0
81.3548,5,81350000000,4826535,0
81.4009,5,81400000000,917831,0
81.4546,5,81450000000,4563127,0
81.5338,5,81500000000,33790471,0
81.5645,5,81550000000,14463749,0
81.6387,5,81600000000,38669087,0
81.6567,5,81650000000,6655335,0
81.7004,5,81700000000,405637,0
81.7517,5,81750000000,1731951,0
81.8181,5,81800000000,18095283,0
81.8515,5,81850000000,1454549,0
81.9253,5,81900000000,25343911,0
81.9816,5,81950000000,31581231,0
82.0023,5,82000000000,2318473,0
82.0511,5,82050000000,1062787,0
82.1148,5,82100000000,14849113,0
82.1508,5,82150000000,830385,0
82.2454,5,82200000000,45354783,0
82.2557,5,82250000000,5716007,0
82.3094,5,82300000000,9396327,0
82.3606,5,82350000000,10556623,0
82.4244,5,82400000000,24414955,0
82.4579,5,82450000000,7895227,0
82.5498,5,82500000000,49813613,0
82.5577,5,82550000000,7671837,0
82.6086,5,82600000000,8595145,0
82.6701,5,82650000000,20106465,0
82.7188,5,82700000000,18767773,0
82.7573,5,82750000000,7342045,0
82.8058,5,82800000000,5771353,0
82.8775,5,82850000000,27516685,0
82.9082,5,82900000000,8234963,0
82.9522,5,82950000000,2165265,0
83.0206,5,83000000000,20644597,0
83.0824,5,83050000000,32353917,0
83.113,5,83100000000,13009195,0
83.1772,5,83150000000,27238539,0
83.2027,5,83200000000,2661787,0
83.2618,5,83250000000,11762113,0
83.3307,5,83300000000,30720457,0
83.3512,5,83350000000,1245705,0
83.4176,5,83400000000,17643043,0
83.4667,5,83450000000,16723345,0
83.5099,5,83500000000,9886629,0
83.5611,5,83550000000,11072949,0
83.6098,5,83600000000,9763263,0
83.6559,5,83650000000,5910565,0
83.7322,5,83700000000,32224915,0
83.7631,5,83750000000,13126181,0
83.8092,5,83800000000,9181477,0
83.8604,5,83850000000,10439797,0
83.9191,5,83900000000,19068099,0
83.9728,5,83950000000,22845413,0
84.0088,5,84000000000,8783691,0
84.0524,5,84050000000,2436993,0
84.1188,5,84100000000,18762325,0
84.1804,5,84150000000,30385663,0
84.2085,5,84200000000,8468923,0
84.2622,5,84250000000,12248243,0
84.3061,5,84300000000,6079539,0
84.3625,5,84350000000,12536871,0
84.4063,5,84400000000,6287167,0
84.4599,5,84450000000,9927475,0
84.506,5,84500000000,5971759,0
84.5519,5,84550000000,1932061,0
84.6109,5,84600000000,10897381,0
84.657,5,84650000000,7012689,0
84.7262,5,84700000000,26185027,0
84.7517,5,84750000000,1709281,0
84.8008,5,84800000000,750601,0
84.8696,5,84850000000,19640963,0
84.9181,5,84900000000,18096253,0
84.964,5,84950000000,13995561,0
85.0103,5,85000000000,10325851,0
85.0688,5,85050000000,18811183,0
85.1103,5,85100000000,10259467,0
85.1562,5,85150000000,6192769,0
85.2102,5,85200000000,10207077,0
85.2687,5,85250000000,18681397,0
85.3177,5,85300000000,17655705,0
85.3684,5,85350000000,18441025,0
85.4149,5,85400000000,14888321,0
85.4557,5,85450000000,5689623,0
85.5043,5,85500000000,4310919,0
85.5505,5,85550000000,456221,0
85.6119,5,85600000000,11919553,0
85.6504,5,85650000000,423837,0
85.7093,5,85700000000,9283163,0
85.768,5,85750000000,18043489,0
85.8065,5,85800000000,6540773,0
85.8602,5,85850000000,10237087,0
85.9087,5,85900000000,8703377,0
85.9828,5,85950000000,32810745,0
86.052,5,86000000000,52007289,0
86.1233,5,86100000000,23308639,0
86.1644,5,86150000000,14389923,0
86.2104,5,86200000000,10400219,0
86.2516,5,86250000000,1555509,0
86.3079,5,86300000000,7868841,0
86.3515,5,86350000000,1507125,0
86.4028,5,86400000000,2810445,0
86.4592,5,86450000000,9245765,0
86.5362,5,86500000000,36165121,0
86.5667,5,86550000000,16735387,0
86.6103,5,86600000000,10296683,0
86.6691,5,86650000000,19115021,0
86.7152,5,86700000000,15161317,0
86.7612,5,86750000000,11232613,0
86.8019,5,86800000000,1865897,0
86.8559,5,86850000000,5918211,0
86.9504,5,86900000000,50376803,0
87.0114,5,87000000000,11401135,0
87.0628,5,87050000000,12757437,0
87.1035,5,87100000000,3453715,0
87.1549,5,87150000000,4933029,0
87.2083,5,87200000000,8271343,0
87.2674,5,87250000000,17371669,0
87.3032,5,87300000000,3198959,0
87.3901,5,87350000000,40140345,0
87.4232,5,87400000000,23238605,0
87.4672,5,87450000000,17182901,0
87.5055,5,87500000000,5531191,0
87.5597,5,87550000000,9729505,0
87.6031,5,87600000000,3096807,0
87.6673,5,87650000000,17256157,0
87.7005,5,87700000000,484429,0
87.7569,5,87750000000,6869761,0
87.8157,5,87800000000,15679099,0
87.8542,5,87850000000,4201377,0
87.9154,5,87900000000,15417697,0
88.0049,5,87950000000,54881283,0
88.0611,5,88050000000,11114591,0
88.1049,5,88100000000,4886899,0
88.1792,5,88150000000,29220261,0
88.2327,5,88200000000,32666575,0
88.251,5,88250000000,983823,0
88.3048,5,88300000000,4808149,0
88.3535,5,88350000000,3519445,0
88.4047,5,88400000000,4708753,0
88.4535,5,88450000000,3482073,0
88.52,5,88500000000,19951399,0
88.5534,5,88550000000,3431677,0
88.6073,5,88600000000,7257997,0
88.6529,5,88650000000,2901287,0
88.7221,5,88700000000,22064631,0
88.7963,5,88750000000,46266993,0
88.8016,5,88800000000,1602211,0
88.8551,5,88850000000,5084525,0
88.9116,5,88900000000,11607851,0
88.9573,5,88950000000,7346135,0
89.0038,5,89000000000,3797437,0
89.0727,5,89050000000,22726781,0
89.1086,5,89100000000,8587047,0
89.157,5,89150000000,7041349,0
89.2061,5,89200000000,6051657,0
89.2545,5,89250000000,4458953,0
89.311,5,89300000000,11016267,0
89.357,5,89350000000,6969575,0
89.4033,5,89400000000,3346871,0
89.4643,5,89450000000,14322191,0
89.5107,5,89500000000,10737499,0
89.5514,5,89550000000,1352783,0
89.6383,5,89600000000,38297151,0
89.6512,5,89650000000,1235381,0
89.7076,5,89700000000,7632695,0
89.7538,5,89750000000,3800003,0
89.8052,5,89800000000,5164317,0
89.8615,5,89850000000,11525637,0
89.9232,5,89900000000,23220969,0
89.9538,5,89950000000,3753229,0
90.0178,5,90000000000,17821555,0
90.0612,5,90050000000,11224857,0
90.1331,5,90100000000,33086225,0
90.1688,5,90150000000,18828503,0
90.2049,5,90200000000,4925233,0
90.2537,5,90250000000,3703541,0
90.3125,5,90300000000,12465867,0
90.3536,5,90350000000,3558157,0
90.4124,5,90400000000,12421495,0
90.4712,5,90450000000,21222809,0
90.5048,5,90500000000,4753075,0
90.5663,5,90550000000,16279407,0
90.6148,5,90600000000,14801703,0
90.6585,5,90650000000,8544999,0
90.7704,5,90700000000,70391597,0
90.8191,5,90800000000,19070899,0
90.883,5,90850000000,33021237,0
90.9139,5,90900000000,13906509,0
90.9625,5,90950000000,12471805,0
91.0112,5,91000000000,11203107,0
91.0574,5,91050000000,7359409,0
91.1106,5,91100000000,10596711,0
91.1672,5,91150000000,17244037,0
91.2465,5,91200000000,46466399,0
91.2644,5,91250000000,14414641,0
91.3078,5,91300000000,7772943,0
91.3643,5,91350000000,14280263,0
91.4255,5,91400000000,25500595,0
91.4615,5,91450000000,11510873,0
91.5048,5,91500000000,4750163,0
91.5637,5,91550000000,13722477,0
91.6021,5,91600000000,2061767,0
91.661,5,91650000000,11018087,0
91.722,5,91700000000,21977413,0
91.7554,5,91750000000,5437685,0
91.8192,5,91800000000,19237029,0
91.8758,5,91850000000,25808331,0
91.9322,5,91900000000,32198651,0
91.9527,5,91950000000,2721893,0
92.0091,5,92000000000,9121219,0
92.0683,5,92050000000,18257545,0
92.1015,5,92100000000,1462829,0
92.1579,5,92150000000,7907149,0
92.2066,5,92200000000,6575445,0
92.2706,5,92250000000,20647777,0
92.3064,5,92300000000,6401061,0
92.3627,5,92350000000,12730387,0
92.4089,5,92400000000,8884689,0
92.4625,5,92450000000,12527003,0
92.5238,5,92500000000,23810335,0
92.5623,5,92550000000,12309625,0
92.6083,5,92600000000,8341933,0
92.6596,5,92650000000,9553253,0
92.7032,5,92700000000,3238543,0
92.7572,5,92750000000,7179863,0
92.8084,5,92800000000,8436177,0
92.8697,5,92850000000,19676509,0
92.9083,5,92900000000,8274799,0
92.9823,5,92950000000,32288149,0
93.0107,5,93000000000,10733421,0
93.062,5,93050000000,11953735,0
93.1004,5,93100000000,413013,0
93.1538,5,93150000000,3785321,0
93.2002,5,93200000000,209623,0
93.2586,5,93250000000,8596931,0
93.3051,5,93300000000,5131239,0
93.3534,5,93350000000,3448535,0
93.4025,5,93400000000,2545299,0
93.4765,5,93450000000,26524215,0
93.505,5,93500000000,5010475,0
93.561,5,93550000000,10986789,0
93.6252,5,93600000000,25176121,0
93.6916,5,93650000000,41640465,0
93.72,5,93700000000,20020731,0
93.7632,5,93750000000,13220015,0
93.8098,5,93800000000,9795317,0
93.8582,5,93850000000,8215625,0
93.9019,5,93900000000,1859927,0
93.9782,5,93950000000,28171283,0
94.0093,5,94000000000,9254555,0
94.0529,5,94050000000,2869851,0
94.1246,5,94100000000,24608195,0
94.1628,5,94150000000,12754473,0
94.2419,5,94200000000,41905799,0
94.2548,5,94250000000,4801035,0
94.3112,5,94300000000,11184361,0
94.3623,5,94350000000,12348669,0
94.4009,5,94400000000,883959,0
94.4572,5,94450000000,7164273,0
94.5133,5,94500000000,13336587,0
94.5543,5,94550000000,4289865,0
94.6335,5,94600000000,33523227,0
94.6591,5,94650000000,9148487,0
94.7103,5,94700000000,10346795,0
94.7613,5,94750000000,11329097,0
94.8074,5,94800000000,7413399,0
94.8535,5,94850000000,3515701,0
94.9097,5,94900000000,9699015,0
94.9583,5,94950000000,8268317,0
95.0069,5,95000000000,6904625,0
95.0503,5,95050000000,311891,0
95.1319,5,95100000000,31881253,0
95.1883,5,95150000000,38262573,0
95.2091,5,95200000000,9053809,0
95.2653,5,95250000000,15298123,0
95.314,5,95300000000,13959431,0
95.3525,5,95350000000,2454709,0
95.4263,5,95400000000,26309047,0
95.4599,5,95450000000,9859325,0
95.5081,5,95500000000,8140621,0
95.5648,5,95550000000,14771941,0
95.6005,5,95600000000,467213,0
95.6595,5,95650000000,9486533,0
95.7027,5,95700000000,2678817,0
95.7693,5,95750000000,19301155,0
95.805,5,95800000000,5034433,0
95.8617,5,95850000000,11696765,0
95.9126,5,95900000000,12560055,0
95.9818,5,95950000000,31770405,0
96.0124,5,96000000000,12406653,0
96.0536,5,96050000000,3597943,0
96.1098,5,96100000000,9848275,0
96.1664,5,96150000000,16412589,0
96.2022,5,96200000000,2219873,0
96.2561,5,96250000000,6145199,0
96.3201,5,96300000000,20104537,0
96.3612,5,96350000000,11176821,0
96.4048,5,96400000000,4835111,0
96.4586,5,96450000000,8648425,0
96.5049,5,96500000000,4892721,0
96.5637,5,96550000000,13743047,0
96.6125,5,96600000000,12514361,0
96.687,5,96650000000,36975305,0
96.7101,5,96700000000,10104559,0
96.7615,5,96750000000,11515879,0
96.8104,5,96800000000,10431193,0
96.8566,5,96850000000,6574489,0
96.9002,5,96900000000,209785,0
96.9667,5,96950000000,16692129,0
97.0079,5,97000000000,7921425,0
97.0566,5,97050000000,6620739,0
97.1004,5,97100000000,393047,0
97.1592,5,97150000000,9243373,0
97.2282,5,97200000000,28187729,0
97.2512,5,97250000000,1219989,0
97.3002,5,97300000000,219291,0
97.4023,5,97350000000,52327895,0
97.4583,5,97450000000,8293203,0
97.505,5,97500000000,4960505,0
97.5534,5,97550000000,3353813,0
97.6126,5,97600000000,12571139,0
97.674,5,97650000000,23985459,0
97.7049,5,97700000000,4911713,0
97.7534,5,97750000000,3379027,0
97.8227,5,97800000000,22652377,0
97.8532,5,97850000000,3242649,0
97.9099,5,97900000000,9875969,0
97.9738,5,97950000000,23799307,0
98.0072,5,98000000000,7243585,0
98.0608,5,98050000000,10761899,0
98.1074,5,98100000000,7371195,0
98.1583,5,98150000000,8323509,0
98.215,5,98200000000,14974835,0
98.2507,5,98250000000,679107,0
98.3071,5,98300000000,7064439,0
98.3609,5,98350000000,10870759,0
98.402,5,98400000000,2009251,0
98.4532,5,98450000000,3220565,0
98.502,5,98500000000,2016873,0
98.5991,5,98550000000,49050283,0
98.6425,5,98600000000,42512573,0
98.6731,5,98650000000,23136839,0
98.7041,5,98700000000,4092105,0
98.7653,5,98750000000,15342419,0
98.8066,5,98800000000,6607715,0
98.8555,5,98850000000,5489035,0
98.9017,5,98900000000,1744337,0
98.9683,5,98950000000,18259299,0
99.0018,5,99000000000,1762565,0
99.0606,5,99050000000,10617879,0
99.112,5,99100000000,11993199,0
99.1581,5,99150000000,8134483,0
99.2068,5,99200000000,6836785,0
99.2607,5,99250000000,10663111,0
99.312,5,99300000000,11957431,0
99.3632,5,99350000000,13159745,0
99.404,5,99400000000,3977041,0
99.4857,5,99450000000,35729391,0
99.5293,5,99500000000,29279687,0
99.5678,5,99550000000,17814977,0
99.6215,5,99600000000,21464285,0
99.6625,5,99650000000,12538581,0
99.7032,5,99700000000,3198865,0
99.7876,5,99750000000,37568233,0
99.8005,5,99800000000,506463,0
99.8672,5,99850000000,17151795,0
99.9154,5,99900000000,15379091,0
99.9771,5,99950000000,27058263,0
100.026,5,100000000000,25748577,0
100.059,5,100050000000,9307849,0
100.11,5,100100000000,10244169,0
100.157,5,100150000000,6751477,0
100.231,5,100200000000,30688821,0
100.251,5,100250000000,1270075,0
100.31,5,100300000000,10041407,0
100.367,5,100350000000,16640739,0
100.405,5,100400000000,4856035,0
100.489,5,100450000000,39131397,0
100.505,5,100500000000,4531639,0
100.553,5,100550000000,3210947,0
100.612,5,100600000000,12083285,0
100.653,5,100650000000,3130569,0
100.745,5,100700000000,44974937,0
100.76,5,100750000000,10492179,0
100.804,5,100800000000,3948457,0
100.858,5,100850000000,7588765,0
100.911,5,100900000000,11177079,0
100.972,5,100950000000,22454393,0
