20.0109,20,20000000000,10882267
20.0217,20,20010882267,10806042
20.0528,20,20050000000,2845793
20.1559,20,20100000000,55891445
20.2466,20,20200000000,46646661
20.2626,20,20250000000,12588703
20.3322,20,20300000000,32178871
20.4074,20,20350000000,57356457
20.4547,20,20450000000,4665383
20.5228,20,20500000000,22848157
20.5512,20,20550000000,1243229
20.6366,20,20600000000,36565839
20.7248,20,20650000000,74767049
20.7715,20,20750000000,21524975
20.8204,20,20800000000,20436907
20.8571,20,20850000000,7101403
20.9215,20,20900000000,21522371
20.9689,20,20950000000,18937891
21.0005,20,21000000000,530969
21.0933,20,21050000000,43338597
21.104,20,21100000000,4040627
21.1847,20,21150000000,34705631
21.252,20,21200000000,51978793
21.3294,20,21300000000,29361197
21.3504,20,21350000000,389657
21.4128,20,21400000000,12842213
21.4548,20,21450000000,4752315
21.5041,20,21500000000,4108841
21.5614,20,21550000000,11429979
21.6491,20,21600000000,49059595
21.6806,20,21650000000,30553673
21.7069,20,21700000000,6945145
21.7745,20,21750000000,24450307
21.8033,20,21800000000,3272785
21.85,20,21850000000,37305
21.9303,20,21900000000,30287309
21.9723,20,21950000000,22283817
22.0137,20,22000000000,13739919
22.053,20,22050000000,2968827
22.1153,20,22100000000,15279383
22.1624,20,22150000000,12387527
22.2015,20,22200000000,1456623
22.2788,20,22250000000,28752215
22.3027,20,22300000000,2728681
22.3624,20,22350000000,12448231
22.4296,20,22400000000,29606393
22.4871,20,22450000000,37079343
22.5085,20,22500000000,8518397
22.5787,20,22550000000,28659377
22.6075,20,22600000000,7518855
22.6642,20,22650000000,14242993
22.711,20,22700000000,11009513
22.781,20,22750000000,31015899
22.8532,20,22800000000,53232479
22.9055,20,22900000000,5496605
22.9519,20,22950000000,1941719
23.0324,20,23000000000,32426129
23.1073,20,23050000000,57254121
23.164,20,23150000000,14041071
23.2342,20,23200000000,34162863
23.2729,20,23250000000,22883959
23.3429,20,23300000000,42892533
23.3662,20,23350000000,16209593
23.4363,20,23400000000,36272573
23.4545,20,23450000000,4511621
23.5144,20,23500000000,14366765
23.5685,20,23550000000,18491303
23.6411,20,23600000000,41065883
23.6567,20,23650000000,6703925
23.7063,20,23700000000,6338045
23.7628,20,23750000000,12752183
23.8043,20,23800000000,4252691
23.8691,20,23850000000,19142253
23.908,20,23900000000,8015349
23.9649,20,23950000000,14862069
24.019,20,24000000000,18978201
24.0861,20,24050000000,36093363
24.1147,20,24100000000,14659435
24.2025,20,24150000000,52451051
24.2803,20,24250000000,30290643
24.3066,20,24300000000,6648709
24.361,20,24350000000,10976653
24.4306,20,24400000000,30573039
24.4746,20,24450000000,24586553
24.5109,20,24500000000,10885049
24.5728,20,24550000000,22786199
24.6611,20,24600000000,61144221
24.7,20,24700000000,41129
24.7792,20,24750000000,29180315
24.8128,20,24800000000,12770399
24.8571,20,24850000000,7068507
24.9038,20,24900000000,3781027
24.9687,20,24950000000,18656401
25.0151,20,25000000000,15082515
25.0646,20,25050000000,14575041
25.1006,20,25100000000,614131
25.1916,20,25150000000,41583469
25.2048,20,25200000000,4762505
25.2516,20,25250000000,1643025
25.3445,20,25300000000,44476059
25.3576,20,25350000000,7610095
25.4015,20,25400000000,1543203
25.4715,20,25450000000,21549777
25.5419,20,25500000000,41868975
25.5934,20,25550000000,43365101
25.6222,20,25600000000,22206173
25.6535,20,25650000000,3480251
25.7105,20,25700000000,10466389
25.8162,20,25750000000,66200641
25.8582,20,25850000000,8182743
25.9564,20,25900000000,56405383
26.0132,20,26000000000,13237927
26.0598,20,26050000000,9780447
26.1218,20,26100000000,21779597
26.1608,20,26150000000,10776099
26.2255,20,26200000000,25527473
26.2544,20,26250000000,4448951
26.3271,20,26300000000,27145937
26.3506,20,26350000000,605997
26.4152,20,26400000000,15154559
26.467,20,26450000000,16962685
26.5469,20,26500000000,46867283
26.5682,20,26550000000,18190337
26.607,20,26600000000,6990839
26.6638,20,26650000000,13804789
26.7538,20,26700000000,53838817
26.8029,20,26800000000,2943099
26.8598,20,26850000000,9810455
26.9018,20,26900000000,1846963
26.9538,20,26950000000,3826495
27.0135,20,27000000000,13477045
27.07,20,27050000000,19971183
27.1035,20,27100000000,3514673
27.1631,20,27150000000,13100817
27.2257,20,27200000000,25742779
27.2515,20,27250000000,1509845
27.3035,20,27300000000,3469971
27.35,20,27350000000,3491
27.417,20,27400000000,16965059
27.4764,20,27450000000,26407609
27.5488,20,27500000000,48823783
27.5593,20,27550000000,9338813
27.6086,20,27600000000,8562745
27.6734,20,27650000000,23403307
27.7305,20,27700000000,30485257
27.7589,20,27750000000,8898329
27.8079,20,27800000000,7856449
27.8598,20,27850000000,9761981
27.9012,20,27900000000,1219083
27.9734,20,27950000000,23391069
28.0512,20,28000000000,51188067
28.1262,20,28100000000,26158653
28.1524,20,28150000000,2380719
28.2197,20,28200000000,19698287
28.2789,20,28250000000,28882837
28.3023,20,28300000000,2334897
28.3957,20,28350000000,45718525
28.404,20,28400000000,4025549
28.4631,20,28450000000,13139099
28.5045,20,28500000000,4451013
28.5667,20,28550000000,16699569
28.7273,20,28600000000,127310353
28.7692,20,28750000000,19163861
28.8463,20,28800000000,46317047
28.8911,20,28850000000,41078561
28.9041,20,28900000000,4141003
28.9741,20,28950000000,24068577
29.0263,20,29000000000,26314109
29.0678,20,29050000000,17786617
29.1093,20,29100000000,9305719
29.1843,20,29150000000,34348899
29.2051,20,29200000000,5090953
29.2934,20,29250000000,43449975
29.3016,20,29300000000,1577999
29.3844,20,29350000000,34434009
29.4311,20,29400000000,31083529
29.5237,20,29450000000,73716781
29.5836,20,29550000000,33583947
29.6071,20,29600000000,7126007
29.6668,20,29650000000,16792963
29.7522,20,29700000000,52159791
29.817,20,29800000000,16982353
29.8511,20,29850000000,1105843
29.919,20,29900000000,18982817
29.9509,20,29950000000,853895
30.0204,20,30000000000,20353875
30.0645,20,30050000000,14472983
30.1139,20,30100000000,13920509
30.1899,20,30150000000,39854501
30.2133,20,30200000000,13340561
30.2862,20,30250000000,36235141
30.3248,20,30300000000,24812237
30.369,20,30350000000,19047751
30.4155,20,30400000000,15544677
30.4801,20,30450000000,30127239
30.5756,20,30500000000,75588873
30.633,20,30600000000,33030417
30.672,20,30650000000,22028513
30.7416,20,30700000000,41634493
30.7731,20,30750000000,23077571
30.8305,20,30800000000,30463709
30.8922,20,30850000000,42186859
30.9162,20,30900000000,16172325
30.9529,20,30950000000,2869821
31.0028,20,31000000000,2754347
31.0593,20,31050000000,9317891
31.1068,20,31100000000,6752817
31.166,20,31150000000,16044179
31.2046,20,31200000000,4648681
31.2647,20,31250000000,14695825
31.3219,20,31300000000,21862535
31.3505,20,31350000000,497607
31.4003,20,31400000000,265133
31.4548,20,31450000000,4824671
31.504,20,31500000000,4013791
31.5954,20,31550000000,45448819
31.6011,20,31600000000,1117837
31.6581,20,31650000000,8125599
31.7233,20,31700000000,23270161
31.7622,20,31750000000,12184663
31.8068,20,31800000000,6776177
31.8718,20,31850000000,21813333
31.9085,20,31900000000,8459423
31.9563,20,31950000000,6273537
32.0085,20,32000000000,8509069
32.1022,20,32050000000,52178697
32.1743,20,32150000000,24271277
32.2256,20,32200000000,25589403
32.2853,20,32250000000,35343547
32.3116,20,32300000000,11590831
32.3738,20,32350000000,23847387
32.4491,20,32400000000,49147379
32.4648,20,32450000000,14829421
32.5296,20,32500000000,29590983
32.5661,20,32550000000,16075479
32.6184,20,32600000000,18390011
32.6573,20,32650000000,7342513
32.7271,20,32700000000,27083681
32.7709,20,32750000000,20918195
32.8178,20,32800000000,17821309
32.8542,20,32850000000,4198805
32.903,20,32900000000,3029925
32.976,20,32950000000,26010917
33.002,20,33000000000,1990389
33.0726,20,33050000000,22558369
33.1117,20,33100000000,11670871
33.1504,20,33150000000,398373
33.2098,20,33200000000,9751517
33.2619,20,33250000000,11925049
33.3107,20,33300000000,10736981
33.3523,20,33350000000,2327083
33.4531,20,33400000000,53084947
33.5,20,33500000000,3467
33.5594,20,33550000000,9447611
33.6221,20,33600000000,22082761
33.6667,20,33650000000,16674681
33.7129,20,33700000000,12851795
33.8084,20,33750000000,58384429
33.8864,20,33850000000,36410427
33.9405,20,33900000000,40541965
33.9617,20,33950000000,11749019
34.0236,20,34000000000,23550981
34.0909,20,34050000000,40923549
34.1016,20,34100000000,1616579
34.1558,20,34150000000,5828929
34.2128,20,34200000000,12768473
34.2931,20,34250000000,43064883
34.3011,20,34300000000,1103907
34.3578,20,34350000000,7818857
34.4204,20,34400000000,20422093
34.5135,20,34450000000,63476127
34.5891,20,34550000000,39080307
34.6023,20,34600000000,2312343
34.6568,20,34650000000,6818881
34.7248,20,34700000000,24776449
34.7511,20,34750000000,1077327
34.8163,20,34800000000,16301483
34.8655,20,34850000000,15545009
34.9281,20,34900000000,28093971
34.9621,20,34950000000,12130055
35.0219,20,35000000000,21910605
35.053,20,35050000000,2951683
35.2134,20,35100000000,113440873
35.2527,20,35250000000,2719969
35.313,20,35300000000,13018925
35.4373,20,35350000000,87325031
35.4506,20,35450000000,611067
35.5082,20,35500000000,8236611
35.609,20,35550000000,59020069
35.6949,20,35650000000,44941273
35.7055,20,35700000000,5492303
35.7572,20,35750000000,7246429
35.8115,20,35800000000,11512967
35.8634,20,35850000000,13373499
35.9127,20,35900000000,12705025
35.9568,20,35950000000,6789945
36.0295,20,36000000000,29534931
36.0708,20,36050000000,20776033
36.1409,20,36100000000,40935607
36.1515,20,36150000000,1495637
36.2166,20,36200000000,16560793
36.2791,20,36250000000,29140161
36.3568,20,36300000000,56826565
36.409,20,36400000000,8963097
36.5233,20,36450000000,73318585
36.5627,20,36550000000,12663087
36.6586,20,36600000000,58595533
36.703,20,36700000000,2982641
36.7936,20,36750000000,43552263
36.8377,20,36800000000,37672371
36.8637,20,36850000000,13698843
36.9,20,36900000000,32933
37.0008,20,36950000000,50782579
37.1019,20,37050000000,51874631
37.1974,20,37150000000,47413483
37.2134,20,37200000000,13364525
37.2576,20,37250000000,7556633
37.3018,20,37300000000,1763147
37.3951,20,37350000000,45085775
37.403,20,37400000000,2999799
37.494,20,37450000000,43979639
37.5671,20,37500000000,67087219
37.622,20,37600000000,22031351
37.6636,20,37650000000,13585453
37.7046,20,37700000000,4577555
37.7589,20,37750000000,8890687
37.8241,20,37800000000,24106249
37.8994,20,37850000000,49377429
37.9125,20,37900000000,12547465
37.9828,20,37950000000,32796445
38.0063,20,38000000000,6257505
38.0578,20,38050000000,7825631
38.1149,20,38100000000,14915175
38.172,20,38150000000,22035125
38.208,20,38200000000,7966215
38.2859,20,38250000000,35859213
38.3094,20,38300000000,9372273
38.3637,20,38350000000,13665405
38.4389,20,38400000000,38858991
38.5085,20,38450000000,58517971
38.561,20,38550000000,11021097
38.6054,20,38600000000,5353611
38.6622,20,38650000000,12248155
38.7015,20,38700000000,1528657
38.7738,20,38750000000,23781643
38.8515,20,38800000000,51548641
38.955,20,38900000000,55027293
39.0019,20,39000000000,1871813
39.0535,20,39050000000,3509751
39.1079,20,39100000000,7854695
39.1518,20,39150000000,1767209
39.2014,20,39200000000,1420141
39.2867,20,39250000000,36741345
39.3206,20,39300000000,20643429
39.3723,20,39350000000,22318555
39.4139,20,39400000000,13863657
39.4965,20,39450000000,46546261
39.51,20,39500000000,10020297
39.554,20,39550000000,3950811
39.6343,20,39600000000,34256221
39.6501,20,39650000000,54263
39.7073,20,39700000000,7314213
39.7615,20,39750000000,11507751
39.8035,20,39800000000,3524853
39.8992,20,39850000000,49247893
39.918,20,39900000000,18021347
39.9618,20,39950000000,11754673
40.0034,20,40000000000,3400775
40.0706,20,40050000000,20560937
40.1358,20,40100000000,35775905
40.1667,20,40150000000,16709983
40.2212,20,40200000000,21174115
40.3191,20,40250000000,69101755
40.3607,20,40350000000,10716075
40.4203,20,40400000000,20283219
40.4617,20,40450000000,11730133
40.5007,20,40500000000,673229
40.5678,20,40550000000,17822609
40.6144,20,40600000000,14372475
40.6638,20,40650000000,13827001
40.7235,20,40700000000,23510145
40.788,20,40750000000,38004301
40.8143,20,40800000000,14261773
40.8687,20,40850000000,18671311
40.9051,20,40900000000,5112401
40.9594,20,40950000000,9432939
41.0499,20,41000000000,49896373
41.1171,20,41100000000,17109353
41.1615,20,41150000000,11532867
41.2,20,41200000000,4963
41.2721,20,41250000000,22125543
41.3444,20,41300000000,44360717
41.3731,20,41350000000,23085995
41.407,20,41400000000,6979079
41.4613,20,41450000000,11255429
41.505,20,41500000000,4998943
41.5649,20,41550000000,14931493
41.6322,20,41600000000,32194467
41.6816,20,41650000000,31642399
41.7513,20,41700000000,51275973
41.8083,20,41800000000,8322517
41.909,20,41850000000,59027381
41.9637,20,41950000000,13730325
42.0416,20,42000000000,41633323
42.1042,20,42050000000,54159879
42.1586,20,42150000000,8632823
42.2648,20,42200000000,64825293
42.3328,20,42300000000,32766267
42.3721,20,42350000000,22110769
42.416,20,42400000000,15997877
42.45,20,42450000000,41961
42.5069,20,42500000000,6927505
42.5688,20,42550000000,18759061
42.6075,20,42600000000,7525157
42.6593,20,42650000000,9298283
42.7624,20,42700000000,62364153
42.804,20,42800000000,4033661
42.8609,20,42850000000,10901611
42.903,20,42900000000,2955119
42.9947,20,42950000000,44674335
43.0235,20,43000000000,23492407
43.0652,20,43050000000,15196321
43.1021,20,43100000000,2098817
43.1543,20,43150000000,4297349
43.2113,20,43200000000,11262893
43.2507,20,43250000000,713395
43.3053,20,43300000000,5317933
43.3598,20,43350000000,9843471
43.4096,20,43400000000,9565997
43.5048,20,43450000000,54803037
43.5594,20,43550000000,9391575
43.6394,20,43600000000,39438391
43.6501,20,43650000000,122421
43.7743,20,43700000000,74268933
43.8032,20,43800000000,3224223
43.8547,20,43850000000,4693349
43.9302,20,43900000000,30215753
43.9641,20,43950000000,14079837
44.0113,20,44000000000,11256357
44.1012,20,44050000000,51245979
44.1766,20,44150000000,26607971
44.2286,20,44200000000,28585097
44.3113,20,44250000000,61295093
44.3942,20,44350000000,44249509
44.4464,20,44400000000,46443041
44.4907,20,44450000000,40749555
44.5639,20,44500000000,63946541
44.6347,20,44600000000,34666521
44.6974,20,44650000000,47421889
44.7185,20,44700000000,18511943
44.7604,20,44750000000,10421263
44.8043,20,44800000000,4336371
44.869,20,44850000000,18975527
44.9181,20,44900000000,18145053
44.9704,20,44950000000,20388179
45.0148,20,45000000000,14776287
45.0591,20,45050000000,9126801
45.1031,20,45100000000,3148909
45.1625,20,45150000000,12530053
45.2016,20,45200000000,1637149
45.2586,20,45250000000,8646693
45.3206,20,45300000000,20602843
45.3546,20,45350000000,4584333
45.4214,20,45400000000,21447901
45.5293,20,45450000000,79316783
45.5709,20,45550000000,20896291
45.6248,20,45600000000,24842829
45.6563,20,45650000000,6286313
45.7235,20,45700000000,23513287
45.76,20,45750000000,10042377
45.8198,20,45800000000,19752521
45.8742,20,45850000000,24161059
45.9052,20,45900000000,5200949
45.9598,20,45950000000,9796893
46.0425,20,46000000000,42483091
46.0635,20,46050000000,13511551
46.1227,20,46100000000,22695695
46.1797,20,46150000000,29740645
46.2342,20,46200000000,34238183
46.2576,20,46250000000,7590243
46.3148,20,46300000000,14779381
46.3667,20,46350000000,16712319
46.4443,20,46400000000,44311505
46.4599,20,46450000000,9850953
46.5584,20,46500000000,58378999
46.6546,20,46600000000,54577039
46.7093,20,46700000000,9272171
46.7563,20,46750000000,6313285
46.8476,20,46800000000,47621719
46.866,20,46850000000,15967767
46.9154,20,46900000000,15440293
46.9621,20,46950000000,12135407
47.0112,20,47000000000,11225933
47.0756,20,47050000000,25620495
47.1303,20,47100000000,30270439
47.1617,20,47150000000,11659517
47.2211,20,47200000000,21066473
47.2603,20,47250000000,10286569
47.3171,20,47300000000,17100113
47.3666,20,47350000000,16617233
47.4419,20,47400000000,41935819
47.4529,20,47450000000,2852849
47.5563,20,47500000000,56280907
47.6207,20,47600000000,20739469
47.6672,20,47650000000,17180039
47.773,20,47700000000,73046915
47.8074,20,47800000000,7357405
47.8645,20,47850000000,14484955
47.9087,20,47900000000,8691875
47.9574,20,47950000000,7424401
48.0122,20,48000000000,12154345
48.0873,20,48050000000,37311469
48.1163,20,48100000000,16303541
48.2194,20,48150000000,69426193
48.2975,20,48250000000,47452379
48.3055,20,48300000000,5508403
48.3736,20,48350000000,23609971
48.4128,20,48400000000,12793473
48.5263,20,48450000000,76329149
48.5573,20,48550000000,7325227
48.6222,20,48600000000,22248195
48.661,20,48650000000,11020697
48.7519,20,48700000000,51857913
48.8167,20,48800000000,16699475
48.8764,20,48850000000,26417025
48.9052,20,48900000000,5249503
48.9832,20,48950000000,33240095
49.0454,20,49000000000,45363651
49.0714,20,49050000000,21379717
49.1153,20,49100000000,15339825
49.1623,20,49150000000,12300345
49.2402,20,49200000000,40166343
49.2558,20,49250000000,5786385
49.3075,20,49300000000,7532511
49.3645,20,49350000000,14480055
49.411,20,49400000000,10997169
49.5268,20,49450000000,76847069
49.5584,20,49550000000,8405147
49.6518,20,49600000000,51808375
49.7091,20,49700000000,9122513
49.7582,20,49750000000,8221039
49.8126,20,49800000000,12584577
49.8594,20,49850000000,9446503
49.9368,20,49900000000,36796095
49.9757,20,49950000000,25694003
50.043,20,50000000000,43045977
50.0771,20,50050000000,27137061
50.1109,20,50100000000,10896145
50.1729,20,50150000000,22877701
50.2176,20,50200000000,17619215
50.2599,20,50250000000,9906317
50.317,20,50300000000,17030861
50.4231,20,50350000000,73115925
50.4624,20,50450000000,12381021
50.5275,20,50500000000,27505989
50.5511,20,50550000000,1145049
50.613,20,50600000000,12956011
50.6651,20,50650000000,15068543
50.7035,20,50700000000,3539639
50.7861,20,50750000000,36137243
50.8146,20,50800000000,14630315
50.8849,20,50850000000,34932889
50.9006,20,50900000000,598931
50.9937,20,50950000000,43735159
51.0481,20,51000000000,48146291
51.0615,20,51050000000,11547327
51.1004,20,51100000000,392829
51.1804,20,51150000000,30386051
51.2091,20,51200000000,9066123
51.287,20,51250000000,36966121
51.3077,20,51300000000,7691175
51.352,20,51350000000,2043283
51.4318,20,51400000000,31849287
51.4609,20,51450000000,10868359
51.5084,20,51500000000,8416879
51.5886,20,51550000000,38608477
51.6043,20,51600000000,4303519
51.6844,20,51650000000,34361711
51.7183,20,51700000000,18263201
51.7599,20,51750000000,9861709
51.8088,20,51800000000,8836829
51.8605,20,51850000000,10520361
51.9045,20,51900000000,4523281
51.9692,20,51950000000,19166655
52.0208,20,52000000000,20771187
52.0904,20,52050000000,40368761
52.1193,20,52100000000,19281833
52.1894,20,52150000000,39361001
52.2518,20,52200000000,51794557
52.3298,20,52300000000,29838555
52.3637,20,52350000000,13713045
52.4051,20,52400000000,5061553
52.462,20,52450000000,12026691
52.527,20,52500000000,26958659
52.553,20,52550000000,3001725
52.6282,20,52600000000,28188311
52.7106,20,52650000000,60550133
52.7623,20,52750000000,12256289
52.8117,20,52800000000,11712409
52.8632,20,52850000000,13171753
52.9336,20,52900000000,33564327
52.9568,20,52950000000,6774387
53.0111,20,53000000000,11085925
53.1117,20,53050000000,61668977
53.2078,20,53150000000,57757641
53.2964,20,53250000000,46389257
53.3121,20,53300000000,12125299
53.3662,20,53350000000,16241431
53.4053,20,53400000000,5309527
53.4649,20,53450000000,14876671
53.5038,20,53500000000,3813173
53.5763,20,53550000000,26260159
53.6236,20,53600000000,23639273
53.6575,20,53650000000,7533357
53.7379,20,53700000000,37884361
53.774,20,53750000000,24002451
53.8028,20,53800000000,2755523
53.8573,20,53850000000,7271873
53.9402,20,53900000000,40170883
53.9558,20,53950000000,5763925
54.023,20,54000000000,23040087
54.0594,20,54050000000,9371989
54.1111,20,54100000000,11110115
54.1831,20,54150000000,33079093
54.2273,20,54200000000,27297201
54.2537,20,54250000000,3733673
54.3028,20,54300000000,2841793
54.35,20,54350000000,27313
54.4375,20,54400000000,37461523
54.5051,20,54450000000,55080091
54.583,20,54550000000,33027277
54.6454,20,54600000000,45426833
54.656,20,54650000000,5968863
54.7026,20,54700000000,2607789
54.7654,20,54750000000,15427939
54.8689,20,54800000000,68920215
54.9,20,54900000000,5699
54.9516,20,54950000000,1581231
55.0738,20,55000000000,73845331
55.1395,20,55100000000,39506299
55.155,20,55150000000,5036747
55.2118,20,55200000000,11751103
55.2636,20,55250000000,13620635
55.3311,20,55300000000,31108203
55.365,20,55350000000,15000693
55.4016,20,55400000000,1644189
55.4534,20,55450000000,3371315
55.521,20,55500000000,20983883
55.5627,20,55550000000,12688391
55.6352,20,55600000000,35199377
55.6671,20,55650000000,17071861
55.7011,20,55700000000,1087757
55.7582,20,55750000000,8206895
55.8442,20,55800000000,44188099
55.8548,20,55850000000,4828129
55.922,20,55900000000,21993697
55.9532,20,55950000000,3249775
56.0023,20,56000000000,2313707
56.062,20,56050000000,11972851
56.1162,20,56100000000,16194389
56.1551,20,56150000000,5076485
56.2247,20,56200000000,24684059
56.2507,20,56250000000,664125
56.3541,20,56300000000,54126777
56.4113,20,56400000000,11280321
56.4662,20,56450000000,16161453
56.5209,20,56500000000,20892585
56.5757,20,56550000000,25721717
56.6096,20,56600000000,9587801
56.656,20,56650000000,5951915
56.7292,20,56700000000,29182089
56.7737,20,56750000000,23700603
56.8083,20,56800000000,8278093
56.8755,20,56850000000,25545021
56.9173,20,56900000000,17304535
56.9615,20,56950000000,11486643
57.0032,20,57000000000,3245745
57.0683,20,57050000000,18282901
57.1151,20,57100000000,15120827
57.1776,20,57150000000,27582383
57.2063,20,57200000000,6253455
57.2715,20,57250000000,21467017
57.3549,20,57300000000,54924433
57.4041,20,57400000000,4122553
57.4556,20,57450000000,5627679
57.5076,20,57500000000,7558023
57.5903,20,57550000000,40340439
57.6009,20,57600000000,900469
57.6554,20,57650000000,5424413
57.7176,20,57700000000,17646969
57.7748,20,57750000000,24847107
57.8162,20,57800000000,16222615
57.8808,20,57850000000,30831583
57.9459,20,57900000000,45887145
57.982,20,57950000000,31979235
58.003,20,58000000000,3034289
58.0984,20,58050000000,48358141
58.1165,20,58100000000,16490189
58.1635,20,58150000000,13549303
58.2004,20,58200000000,425799
58.2551,20,58250000000,5127337
58.3306,20,58300000000,30580329
58.3902,20,58350000000,40221473
58.4064,20,58400000000,6439515
58.4813,20,58450000000,31285101
58.502,20,58500000000,2045155
58.5695,20,58550000000,19450535
58.6471,20,58600000000,47113905
58.6504,20,58650000000,435003
58.7458,20,58700000000,45760043
58.7617,20,58750000000,11701491
58.8086,20,58800000000,8572605
58.8579,20,58850000000,7949131
58.9227,20,58900000000,22690099
58.9536,20,58950000000,3597177
59.0623,20,59000000000,62322841
59.1193,20,59100000000,19278791
59.2072,20,59150000000,57166407
59.2542,20,59250000000,4156333
59.3036,20,59300000000,3603453
59.3763,20,59350000000,26292845
59.4125,20,59400000000,12466341
59.4667,20,59450000000,16725473
59.526,20,59500000000,25963023
59.5804,20,59550000000,30425967
59.6264,20,59600000000,26379487
59.6576,20,59650000000,7562377
59.7015,20,59700000000,1547891
59.7868,20,59750000000,36825313
59.826,20,59800000000,26010409
59.9062,20,59850000000,56236413
59.9582,20,59950000000,8196539
60.0126,20,60000000000,12602889
60.0673,20,60050000000,17287427
60.1296,20,60100000000,29641983
60.1841,20,60150000000,34086115
60.2359,20,60200000000,35919647
60.2619,20,60250000000,11945525
60.3165,20,60300000000,16504469
60.3503,20,60350000000,343553
60.4025,20,60400000000,2471679
60.4672,20,60450000000,17151647
60.5138,20,60500000000,13773573
60.5811,20,60550000000,31064141
60.6176,20,60600000000,17637637
60.6847,20,60650000000,34697799
60.7599,20,60700000000,59900197
60.8096,20,60800000000,9577129
60.8535,20,60850000000,3508049
60.9027,20,60900000000,2706169
60.9571,20,60950000000,7122913
61.0502,20,61000000000,50151947
61.1378,20,61100000000,37835563
61.1692,20,61150000000,19180641
61.2006,20,61200000000,570719
61.2626,20,61250000000,12552087
61.3738,20,61300000000,73844975
61.4154,20,61400000000,15434483
61.4568,20,61450000000,6790991
61.5242,20,61500000000,24154153
61.5527,20,61550000000,2746225
61.6661,20,61600000000,66085901
61.7286,20,61700000000,28577051
61.7984,20,61750000000,48400039
61.8038,20,61800000000,3802057
61.9154,20,61850000000,65367727
62.0016,20,61950000000,51617743
62.0659,20,62050000000,15943711
62.1077,20,62100000000,7736031
62.1575,20,62150000000,7450151
62.21,20,62200000000,10008089
62.2904,20,62250000000,40429687
62.3294,20,62300000000,29355783
62.361,20,62350000000,10962267
62.415,20,62400000000,15007399
62.459,20,62450000000,9019913
62.5029,20,62500000000,2944021
62.5957,20,62550000000,45711867
62.6452,20,62600000000,45213393
62.6531,20,62650000000,3127417
62.7126,20,62700000000,12605967
62.7619,20,62750000000,11946087
62.8526,20,62800000000,52574709
62.9016,20,62900000000,1566235
63.018,20,62950000000,67954917
63.0647,20,63050000000,14730031
63.1113,20,63100000000,11343145
63.1711,20,63150000000,21071695
63.2097,20,63200000000,9713791
63.2618,20,63250000000,11789323
63.3056,20,63300000000,5649431
63.3939,20,63350000000,43900583
63.4126,20,63400000000,12611631
63.4515,20,63450000000,1502727
63.5131,20,63500000000,13120283
63.5675,20,63550000000,17513415
63.6087,20,63600000000,8728517
63.6553,20,63650000000,5335631
63.7379,20,63700000000,37949641
63.7562,20,63750000000,6197689
63.8129,20,63800000000,12870233
63.9159,20,63850000000,65911291
64.0167,20,63950000000,66680343
64.0766,20,64050000000,26550893
64.1055,20,64100000000,5507371
64.1787,20,64150000000,28739951
64.2101,20,64200000000,10131435
64.2696,20,64250000000,19635985
64.3267,20,64300000000,26708529
64.3506,20,64350000000,641995
64.4025,20,64400000000,2503527
64.462,20,64450000000,11963671
64.511,20,64500000000,10992197
64.6143,20,64550000000,64294849
64.6838,20,64650000000,33838235
64.7382,20,64700000000,38247367
64.7777,20,64750000000,27681275
64.8113,20,64800000000,11288171
64.85,20,64850000000,35673
64.9229,20,64900000000,22894659
64.9674,20,64950000000,17389173
65.0062,20,65000000000,6209269
65.0991,20,65050000000,49119897
65.1075,20,65100000000,7471327
65.1669,20,65150000000,16914471
65.2185,20,65200000000,18526597
65.2552,20,65250000000,5207687
65.3384,20,65300000000,38411291
65.4063,20,65350000000,56309453
65.4587,20,65450000000,8650985
65.5138,20,65500000000,13827523
65.5737,20,65550000000,23651073
65.6052,20,65600000000,5154151
65.6644,20,65650000000,14364701
65.7088,20,65700000000,8849215
65.7582,20,65750000000,8224741
65.8204,20,65800000000,20367297
65.8976,20,65850000000,47626483
65.9419,20,65900000000,41852591
65.95,20,65950000000,16615
66.0279,20,66000000000,27945207
66.0877,20,66050000000,37673351
66.111,20,66100000000,10981411
66.1938,20,66150000000,43809421
66.2429,20,66200000000,42881353
66.2636,20,66250000000,13614407
66.3643,20,66300000000,64330459
66.4035,20,66400000000,3541555
66.4557,20,66450000000,5732087
66.5152,20,66500000000,15230231
66.5594,20,66550000000,9447745
66.606,20,66600000000,6001859
66.6527,20,66650000000,2731379
66.7068,20,66700000000,6803511
66.7739,20,66750000000,23899079
66.8025,20,66800000000,2536151
66.875,20,66850000000,25046731
66.9007,20,66900000000,742797
66.9682,20,66950000000,18185771
67.0614,20,67000000000,61440399
67.1364,20,67100000000,36402985
67.1625,20,67150000000,12499457
67.209,20,67200000000,9041571
67.2718,20,67250000000,21842127
67.3462,20,67300000000,46232119
67.3597,20,67350000000,9699155
67.4117,20,67400000000,11667687
67.4638,20,67450000000,13751031
67.5049,20,67500000000,4877133
67.5674,20,67550000000,17437907
67.6061,20,67600000000,6051003
67.705,20,67650000000,55047049
67.757,20,67750000000,7015987
67.8115,20,67800000000,11542525
67.8771,20,67850000000,27060087
67.9494,20,67900000000,49374667
67.9653,20,67950000000,15270709
68.017,20,68000000000,16954241
68.0558,20,68050000000,5827337
68.1024,20,68100000000,2378857
68.1854,20,68150000000,35374273
68.2264,20,68200000000,26446375
68.2553,20,68250000000,5251853
68.32,20,68300000000,20010227
68.3644,20,68350000000,14425147
68.4162,20,68400000000,16179679
68.4524,20,68450000000,2449581
68.5119,20,68500000000,11918131
68.5534,20,68550000000,3438045
68.6153,20,68600000000,15259601
68.6668,20,68650000000,16836727
68.7058,20,68700000000,5762229
68.771,20,68750000000,21019197
68.8102,20,68800000000,10158699
68.8643,20,68850000000,14336831
68.9547,20,68900000000,54728671
69.0171,20,69000000000,17111227
69.0818,20,69050000000,31777069
69.1211,20,69100000000,21067571
69.2245,20,69150000000,74540847
69.2948,20,69250000000,44787827
69.3521,20,69300000000,52083371
69.4018,20,69400000000,1778897
69.4597,20,69450000000,9674135
69.5011,20,69500000000,1103237
69.592,20,69550000000,42010265
69.6285,20,69600000000,28486167
69.67,20,69650000000,19951269
69.7344,20,69700000000,34435237
69.7577,20,69750000000,7654297
69.8117,20,69800000000,11653429
69.8686,20,69850000000,18617179
69.908,20,69900000000,8041681
70.0197,20,69950000000,69723163
70.0586,20,70050000000,8602665
70.1238,20,70100000000,23765227
70.1676,20,70150000000,17597741
70.2432,20,70200000000,43208733
70.2511,20,70250000000,1131757
70.3108,20,70300000000,10762307
70.36,20,70350000000,10030833
70.4222,20,70400000000,22189389
70.4843,20,70450000000,34312945
70.5081,20,70500000000,8104005
70.5856,20,70550000000,35552597
70.6531,20,70600000000,53080759
70.7023,20,70700000000,2325879
70.7825,20,70750000000,32463071
70.8011,20,70800000000,1113119
70.8815,20,70850000000,31463123
70.9228,20,70900000000,22758631
70.9924,20,70950000000,42437799
71.0314,20,71000000000,31361707
71.0626,20,71050000000,12626785
71.1095,20,71100000000,9483305
71.1819,20,71150000000,31924291
71.2132,20,71200000000,13215775
71.2601,20,71250000000,10051889
71.3066,20,71300000000,6595003
71.3636,20,71350000000,13642141
71.4179,20,71400000000,17945273
71.5005,20,71450000000,50496877
71.5881,20,71550000000,38057493
71.6037,20,71600000000,3677535
71.7093,20,71650000000,59260193
71.7841,20,71750000000,34081779
71.8383,20,71800000000,38269317
71.8591,20,71850000000,9092371
71.9213,20,71900000000,21262927
71.9677,20,71950000000,17681447
72.0189,20,72000000000,18927573
72.071,20,72050000000,21031105
72.1018,20,72100000000,1796183
72.1872,20,72150000000,37176199
72.2002,20,72200000000,195235
72.3111,20,72250000000,61067311
72.3888,20,72350000000,38808309
72.42,20,72400000000,20043793
72.4517,20,72450000000,1708683
72.5214,20,72500000000,21405069
72.5685,20,72550000000,18545589
72.6027,20,72600000000,2678469
72.6906,20,72650000000,40638491
72.7194,20,72700000000,19353563
72.7635,20,72750000000,13526077
72.8026,20,72800000000,2646579
72.9076,20,72850000000,57612231
72.9648,20,72950000000,14844775
73.0372,20,73000000000,37151355
73.0636,20,73050000000,13562421
73.1102,20,73100000000,10193941
73.1722,20,73150000000,22201497
73.2035,20,73200000000,3501575
73.3124,20,73250000000,62387239
73.3645,20,73350000000,14525771
73.4035,20,73400000000,3533273
73.45,20,73450000000,5387
73.5127,20,73500000000,12746943
73.5594,20,73550000000,9372057
73.6292,20,73600000000,29246037
73.6605,20,73650000000,10456115
73.705,20,73700000000,4978035
73.762,20,73750000000,12004579
73.8424,20,73800000000,42412177
73.8555,20,73850000000,5484213
73.9046,20,73900000000,4558333
73.9511,20,73950000000,1100853
74.0028,20,74000000000,2784979
74.0545,20,74050000000,4528917
74.115,20,74100000000,14951467
74.1586,20,74150000000,8614981
74.2388,20,74200000000,38816391
74.2573,20,74250000000,7259439
74.3633,20,74300000000,63295503
74.4,20,74400000000,2999
74.4592,20,74450000000,9226549
74.5191,20,74500000000,19071093
74.5709,20,74550000000,20852219
74.6021,20,74600000000,2063297
74.6901,20,74650000000,40056319
74.7289,20,74700000000,28901227
74.7938,20,74750000000,43803383
74.8019,20,74800000000,1904407
74.8958,20,74850000000,45750035
74.9141,20,74900000000,14051489
74.9683,20,74950000000,18308027
75.0023,20,75000000000,2334517
75.0902,20,75050000000,40234757
75.1345,20,75100000000,34486271
75.1764,20,75150000000,26414373
75.2,20,75200000000,7839
75.2727,20,75250000000,22668825
75.3068,20,75300000000,6783909
75.3667,20,75350000000,16681865
75.4263,20,75400000000,26295009
75.5038,20,75450000000,53757601
75.5512,20,75550000000,1244527
75.6004,20,75600000000,378647
75.6732,20,75650000000,23175227
75.7228,20,75700000000,22825753
75.7515,20,75750000000,1543231
75.8574,20,75800000000,57371107
75.9068,20,75900000000,6827633
75.9591,20,75950000000,9143571
76.011,20,76000000000,11015697
76.0808,20,76050000000,30827083
76.1225,20,76100000000,22504591
76.156,20,76150000000,5995675
76.2081,20,76200000000,8061207
76.2678,20,76250000000,17836517
76.3349,20,76300000000,34869679
76.3531,20,76350000000,3099133
76.4615,20,76400000000,61502203
76.511,20,76500000000,11046135
76.5919,20,76550000000,41877951
76.6203,20,76600000000,20264023
76.6776,20,76650000000,27647973
76.706,20,76700000000,5963045
76.7555,20,76750000000,5525571
76.8049,20,76800000000,4866097
76.8515,20,76850000000,1462211
76.9135,20,76900000000,13523767
76.9838,20,76950000000,33842747
77.0324,20,77000000000,32396679
77.0795,20,77050000000,29484799
77.103,20,77100000000,3025265
77.15,20,77150000000,34379
77.2073,20,77200000000,7327735
77.2589,20,77250000000,8886861
77.3028,20,77300000000,2784375
77.3621,20,77350000000,12129519
77.4112,20,77400000000,11246045
77.4965,20,77450000000,46525249
77.5353,20,77500000000,35254345
77.551,20,77550000000,954387
77.6957,20,77600000000,95694947
77.7169,20,77700000000,16945407
77.7587,20,77750000000,8675321
77.8054,20,77800000000,5386841
77.8604,20,77850000000,10363785
77.9486,20,77900000000,48604213
77.9902,20,77950000000,40184721
78.0089,20,78000000000,8949175
78.0611,20,78050000000,11115707
78.1159,20,78100000000,15880651
78.1807,20,78150000000,30695807
78.2041,20,78200000000,4065867
78.2636,20,78250000000,13571011
78.3182,20,78300000000,18213955
78.3621,20,78350000000,12100469
78.4245,20,78400000000,24501431
78.4766,20,78450000000,26576369
78.5413,20,78500000000,41265931
78.5672,20,78550000000,17228997
78.63,20,78600000000,29953553
78.6897,20,78650000000,39680697
78.7132,20,78700000000,13228757
78.7676,20,78750000000,17602889
78.8115,20,78800000000,11499403
78.8739,20,78850000000,23907553
78.9156,20,78900000000,15559655
79.0037,20,78950000000,53722083
79.0528,20,79050000000,2829421
79.1048,20,79100000000,4778953
79.1618,20,79150000000,11780309
79.216,20,79200000000,15983847
79.2731,20,79250000000,23136391
79.3121,20,79300000000,12097893
79.3513,20,79350000000,1281395
79.4007,20,79400000000,674327
79.4704,20,79450000000,20352901
79.5355,20,79500000000,35479463
79.6056,20,79550000000,55560037
79.6779,20,79650000000,27946617
79.7375,20,79700000000,37495761
79.7843,20,79750000000,34305875
79.8104,20,79800000000,10429941
79.8776,20,79850000000,27622509
79.9091,20,79900000000,9074993
79.9504,20,79950000000,433095
80.0334,20,80000000000,33392105
80.0598,20,80050000000,9801577
80.1218,20,80100000000,21783727
80.1838,20,80150000000,33790689
80.2405,20,80200000000,40505045
80.2618,20,80250000000,11826505
80.3187,20,80300000000,18668643
80.3548,20,80350000000,4778733
80.4192,20,80400000000,19227889
80.4635,20,80450000000,13493105
80.5253,20,80500000000,25260661
80.5668,20,80550000000,16840575
80.6004,20,80600000000,429659
80.665,20,80650000000,14968221
80.7218,20,80700000000,21791765
80.7557,20,80750000000,5666255
80.8488,20,80800000000,48766883
80.8828,20,80850000000,32757373
80.9347,20,80900000000,34661905
80.984,20,80950000000,34010431
81.0358,20,81000000000,35844557
81.0644,20,81050000000,14417629
81.1317,20,81100000000,31680009
81.158,20,81150000000,7966075
81.2199,20,81200000000,19911631
81.2589,20,81250000000,8891727
81.3134,20,81300000000,13417265
81.3807,20,81350000000,30725833
81.4147,20,81400000000,14652729
81.482,20,81450000000,32039703
81.5031,20,81500000000,3077163
81.5623,20,81550000000,12314119
81.6346,20,81600000000,34592699
81.6791,20,81650000000,29068213
81.7775,20,81700000000,77539665
81.8115,20,81800000000,11532155
81.8742,20,81850000000,24171711
81.9287,20,81900000000,28659655
81.9911,20,81950000000,41069617
82.0354,20,82000000000,35405537
82.0926,20,82050000000,42647675
82.101,20,82100000000,981699
82.1835,20,82150000000,33467897
82.2637,20,82200000000,63712495
82.3,20,82300000000,9585
82.3643,20,82350000000,14288553
82.4139,20,82400000000,13896079
82.453,20,82450000000,2971175
82.5044,20,82500000000,4449707
82.5615,20,82550000000,11523251
82.6054,20,82600000000,5366765
82.6755,20,82650000000,25490745
82.709,20,82700000000,8998829
82.7605,20,82750000000,10450361
82.8019,20,82800000000,1933463
82.9182,20,82850000000,68196145
82.9754,20,82950000000,25356689
83.0352,20,83000000000,35166645
83.0508,20,83050000000,830687
83.1075,20,83100000000,7528637
83.1541,20,83150000000,4089157
83.2089,20,83200000000,8901289
83.305,20,83250000000,54959141
83.3645,20,83350000000,14489691
83.4036,20,83400000000,3621787
83.4709,20,83450000000,20885167
83.5331,20,83500000000,33133723
83.6185,20,83550000000,68472133
83.6579,20,83650000000,7940635
83.7127,20,83700000000,12696985
83.7573,20,83750000000,7261499
83.8119,20,83800000000,11894043
83.8664,20,83850000000,16419581
83.9103,20,83900000000,10308689
83.9798,20,83950000000,29782263
84.0085,20,84000000000,8490335
84.0679,20,84050000000,17934885
84.1014,20,84100000000,1408969
84.1635,20,84150000000,13454525
84.2278,20,84200000000,27841681
84.277,20,84250000000,26984613
84.3106,20,84300000000,10609697
84.35,20,84350000000,7793
84.4016,20,84400000000,1611919
84.5101,20,84450000000,60120801
84.5752,20,84550000000,25194957
84.6478,20,84600000000,47823537
84.6766,20,84650000000,26631015
84.7079,20,84700000000,7912093
84.7778,20,84750000000,27768479
84.8063,20,84800000000,6252551
84.8606,20,84850000000,10649307
84.9177,20,84900000000,17711851
84.9674,20,84950000000,17426189
85.0242,20,85000000000,24213733
85.0632,20,85050000000,13239235
85.1154,20,85100000000,15383985
85.1784,20,85150000000,28401353
85.212,20,85200000000,12016437
85.2587,20,85250000000,8738551
85.3079,20,85300000000,7943483
85.3627,20,85350000000,12711021
85.4301,20,85400000000,30143589
85.4566,20,85450000000,6631467
85.5141,20,85500000000,14148605
85.579,20,85550000000,29044761
85.6284,20,85600000000,28393287
85.6723,20,85650000000,22289801
85.737,20,85700000000,36954957
85.7579,20,85750000000,7868011
85.8098,20,85800000000,9757137
85.8536,20,85850000000,3591057
85.9521,20,85900000000,52076009
86.0141,20,86000000000,14128565
86.0631,20,86050000000,13074903
86.1481,20,86100000000,48111513
86.1614,20,86150000000,11443549
86.2264,20,86200000000,26400517
86.2912,20,86250000000,41205485
86.3097,20,86300000000,9650939
86.3532,20,86350000000,3182047
86.4107,20,86400000000,10659185
86.4625,20,86450000000,12546123
86.5094,20,86500000000,9358237
86.5582,20,86550000000,8172357
86.6153,20,86600000000,15287529
86.6592,20,86650000000,9183637
86.7191,20,86700000000,19054781
86.812,20,86750000000,62039409
86.8507,20,86850000000,678317
86.9154,20,86900000000,15396879
86.9749,20,86950000000,24938429
87.0109,20,87000000000,10897519
87.1013,20,87050000000,51306547
87.1943,20,87150000000,44274175
87.2206,20,87200000000,20593647
87.324,20,87250000000,73989329
87.365,20,87350000000,15016431
87.4708,20,87400000000,70812111
87.5285,20,87500000000,28492467
87.5907,20,87550000000,40677429
87.6298,20,87600000000,29772931
87.7099,20,87650000000,59928123
87.7569,20,87750000000,6854237
87.8215,20,87800000000,21507799
87.8632,20,87850000000,13194307
87.9046,20,87900000000,4640221
87.9639,20,87950000000,13921989
88.0034,20,88000000000,3355491
88.0833,20,88050000000,33342683
88.1461,20,88100000000,46133051
88.1541,20,88150000000,4118075
88.2419,20,88200000000,41936097
88.2732,20,88250000000,23218581
88.3324,20,88300000000,32368725
88.3611,20,88350000000,11076203
88.4384,20,88400000000,38390389
88.4924,20,88450000000,42398333
88.5108,20,88500000000,10771787
88.57,20,88550000000,20036931
88.6088,20,88600000000,8774027
88.6586,20,88650000000,8566771
88.7153,20,88700000000,15316721
88.7771,20,88750000000,27057871
88.8081,20,88800000000,8106355
88.8626,20,88850000000,12624893
88.9351,20,88900000000,35126285
88.9665,20,88950000000,16479769
89.0079,20,89000000000,7862277
89.0598,20,89050000000,9767215
89.158,20,89100000000,58020449
89.2074,20,89200000000,7429787
89.2645,20,89250000000,14545143
89.309,20,89300000000,8966657
89.3714,20,89350000000,21413807
89.4231,20,89400000000,23059339
89.4572,20,89450000000,7226829
89.5068,20,89500000000,6780355
89.551,20,89550000000,1023869
89.6182,20,89600000000,18234437
89.6781,20,89650000000,28103799
89.73,20,89700000000,29953331
89.7588,20,89750000000,8804403
89.8156,20,89800000000,15644353
89.8599,20,89850000000,9880461
89.9864,20,89900000000,86360573
90.01,20,90000000000,9989633
90.0591,20,90050000000,9134159
90.1441,20,90100000000,44116363
90.1601,20,90150000000,10074811
90.2123,20,90200000000,12338343
90.2797,20,90250000000,29690911
90.3059,20,90300000000,5921383
90.3629,20,90350000000,12894333
90.4097,20,90400000000,9740453
90.4508,20,90450000000,750555
90.5413,20,90500000000,41283583
90.5545,20,90550000000,4524619
90.6274,20,90600000000,27384793
90.6715,20,90650000000,21504901
90.736,20,90700000000,35962057
90.7569,20,90750000000,6883111
90.8166,20,90800000000,16645473
90.8605,20,90850000000,10514581
90.9442,20,90900000000,44228591
90.9548,20,90950000000,4779621
91.0149,20,91000000000,14880577
91.0696,20,91050000000,19574709
91.1004,20,91100000000,410787
91.1731,20,91150000000,23117179
91.2068,20,91200000000,6786263
91.3107,20,91250000000,60744915
91.3807,20,91350000000,30680895
91.4092,20,91400000000,9210373
91.4563,20,91450000000,6278893
91.5204,20,91500000000,20423861
91.557,20,91550000000,6959969
91.6141,20,91600000000,14119919
91.661,20,91650000000,11043845
91.7288,20,91700000000,28832225
91.7651,20,91750000000,15146127
91.8356,20,91800000000,35644701
91.9157,20,91850000000,65655299
91.9547,20,91950000000,4714801
92.0014,20,92000000000,1409915
92.0818,20,92050000000,31806513
92.1183,20,92100000000,18273009
92.152,20,92150000000,2023499
92.2268,20,92200000000,26777897
92.2632,20,92250000000,13191393
92.3644,20,92300000000,64371851
92.4347,20,92400000000,34747019
92.4585,20,92450000000,8545485
92.5153,20,92500000000,15317435
92.588,20,92550000000,37979609
92.6196,20,92600000000,19617687
92.6744,20,92650000000,24357225
92.7235,20,92700000000,23484345
92.7625,20,92750000000,12516253
92.8092,20,92800000000,9156367
92.8534,20,92850000000,3428881
92.9072,20,92900000000,7241013
92.9898,20,92950000000,39778617
93.0727,20,93000000000,72741221
93.1036,20,93100000000,3640299
93.1911,20,93150000000,41075915
93.2142,20,93200000000,14232381
93.2583,20,93250000000,8281489
93.3047,20,93300000000,4736009
93.3822,20,93350000000,32201601
93.4212,20,93400000000,21188697
93.4709,20,93450000000,20892441
93.5045,20,93500000000,4490525
93.5693,20,93550000000,19271087
93.6207,20,93600000000,20668213
93.6595,20,93650000000,9498309
93.7142,20,93700000000,14226253
93.7614,20,93750000000,11426773
93.8318,20,93800000000,31798347
93.8762,20,93850000000,26159455
93.91,20,93900000000,9997539
93.9699,20,93950000000,19922089
94.0088,20,94000000000,8784997
94.0735,20,94050000000,23548153
94.1331,20,94100000000,33115109
94.1595,20,94150000000,9462175
94.2348,20,94200000000,34760761
94.2607,20,94250000000,10705639
94.3333,20,94300000000,33262219
94.3645,20,94350000000,14502297
94.4243,20,94400000000,24255847
94.4815,20,94450000000,31461985
94.5128,20,94500000000,12815469
94.5519,20,94550000000,1857565
94.6347,20,94600000000,34650575
94.7053,20,94650000000,55309555
94.7626,20,94750000000,12571505
94.8068,20,94800000000,6779613
94.9128,20,94850000000,62803677
94.9541,20,94950000000,4142779
95.0219,20,95000000000,21948753
95.0609,20,95050000000,10935849
95.1031,20,95100000000,3085763
95.1575,20,95150000000,7484707
95.2044,20,95200000000,4427227
95.2639,20,95250000000,13931777
95.3111,20,95300000000,11099891
95.36,20,95350000000,9985011
95.4115,20,95400000000,11517137
95.4658,20,95450000000,15817881
95.5282,20,95500000000,28218249
95.6289,20,95550000000,78923113
95.681,20,95650000000,31007051
95.7606,20,95700000000,60635649
95.8,20,95800000000,42745
95.9184,20,95850000000,68407839
95.968,20,95950000000,18042771
96.0564,20,96000000000,56370793
96.1314,20,96100000000,31448003
96.1724,20,96150000000,22431105
96.2039,20,96200000000,3900589
96.2658,20,96250000000,15846145
96.3,20,96300000000,5635
96.3748,20,96350000000,24832221
96.4477,20,96400000000,47665207
96.4712,20,96450000000,21169267
96.5151,20,96500000000,15137375
96.567,20,96550000000,16970313
96.6347,20,96600000000,34652287
96.6557,20,96650000000,5680747
96.7051,20,96700000000,5056273
96.7519,20,96750000000,1937793
96.8243,20,96800000000,24252373
96.8787,20,96850000000,28723317
96.9126,20,96900000000,12615807
96.9643,20,96950000000,14308339
97.0134,20,97000000000,13381459
97.063,20,97050000000,12977985
97.1508,20,97100000000,50846601
97.2026,20,97200000000,2591539
97.2904,20,97250000000,40375155
97.3088,20,97300000000,8812203
97.3634,20,97350000000,13365741
97.41,20,97400000000,10040855
97.4979,20,97450000000,47876471
97.5034,20,97500000000,3420489
97.5657,20,97550000000,15663045
97.6404,20,97600000000,40355631
97.6742,20,97650000000,24158527
97.7228,20,97700000000,22751647
97.7721,20,97750000000,22065579
97.8189,20,97800000000,18936693
97.8604,20,97850000000,10364607
97.9048,20,97900000000,4829933
97.9619,20,97950000000,11867071
98.0472,20,98000000000,47225275
98.0528,20,98050000000,2823293
98.1221,20,98100000000,22127273
98.156,20,98150000000,6029357
98.2081,20,98200000000,8149889
98.2651,20,98250000000,15062027
98.3016,20,98300000000,1608523
98.3792,20,98350000000,29180709
98.4002,20,98400000000,181575
98.4518,20,98450000000,1837107
98.5449,20,98500000000,44934953
98.5686,20,98550000000,18625013
98.6052,20,98600000000,5162915
98.6933,20,98650000000,43325937
98.7065,20,98700000000,6522973
98.7709,20,98750000000,20945535
98.8203,20,98800000000,20266467
98.8643,20,98850000000,14269981
98.921,20,98900000000,20968525
98.9627,20,98950000000,12683627
99.0328,20,99000000000,32821419
99.0719,20,99050000000,21882515
99.1007,20,99100000000,742587
99.1703,20,99150000000,20322755
99.2016,20,99200000000,1551239
99.2608,20,99250000000,10799789
99.3231,20,99300000000,23137157
99.3618,20,99350000000,11768659
99.4036,20,99400000000,3616573
99.463,20,99450000000,13004529
99.528,20,99500000000,28024091
99.5617,20,99550000000,11720175
99.624,20,99600000000,24014137
99.6937,20,99650000000,43657711
99.7019,20,99700000000,1856735
99.7509,20,99750000000,901667
99.8259,20,99800000000,25873253
99.8704,20,99850000000,20374361
99.9067,20,99900000000,6716451
99.9637,20,99950000000,13655401
100.003,20,100000000000,2812497
100.086,20,100050000000,35756913
100.158,20,100100000000,57919899
100.218,20,100200000000,17671855
100.288,20,100250000000,37937835
100.304,20,100300000000,3895283
100.358,20,100350000000,8251415
100.439,20,100400000000,38761231
100.452,20,100450000000,1931267
100.511,20,100500000000,11338411
100.553,20,100550000000,2803513
100.615,20,100600000000,15169663
100.654,20,100650000000,4222759
100.716,20,100700000000,16303909
100.75,20,100750000000,143399
100.815,20,100800000000,14734961
100.864,20,100850000000,14020487
100.926,20,100900000000,25868043
100.957,20,100950000000,7214121
