0.120076,10,120003003,73000,1
0.120837,10,120764015,73000,1
0.121339,10,121266027,73000,1
0.121587,10,121514033,73000,1
0.123406,10,123333081,73000,1
0.124213,10,123853099,360012,0
10.0028,10,10002567565,240012,0
10.0034,10,10003083583,287212,0
10.0521,10,10051817703,287212,0
10.1018,10,10101498635,287212,0
10.151,10,10150757161,287212,0
10.2006,10,10200570093,73000,1
10.206,10,10205710105,287212,0
10.2524,10,10252314625,73000,1
10.2553,10,10255004631,287212,0
10.3049,10,10304576969,287212,0
10.3512,10,10351174083,73000,1
10.3516,10,10351272083,287212,0
10.4008,10,10400560609,287212,0
10.4523,10,10452021735,287212,0
10.5018,10,10501503885,287212,0
10.5509,10,10550575817,287212,0
10.6004,10,10600140749,287212,0
10.6546,10,10654289099,287212,0
10.7019,10,10701600431,287212,0
10.751,10,10750735551,287212,0
10.8007,10,10800390671,287212,0
10.8547,10,10854424209,287212,0
10.9017,10,10901422135,287212,0
10.9506,10,10950351661,287212,0
11.0005,10,11000389781,73000,1
11.0083,10,11008050205,287212,0
11.0549,10,11054605319,287212,0
11.1041,10,11104068039,73000,1
11.1095,10,11109190051,287212,0
11.1509,10,11150797153,73000,1
11.1512,10,11150948153,287212,0
11.2006,10,11200333491,287212,0
11.2519,10,11251865617,73000,1
11.2546,10,11254493623,73000,1
11.2572,10,11257112629,73000,1
11.26,10,11259713635,287212,0
11.3019,10,11301867737,73000,1
11.3022,10,11301956737,287212,0
11.3513,10,11351057857,287212,0
11.4012,10,11400871789,287212,0
11.4525,10,11452179133,287212,0
11.5019,10,11501637253,287212,0
11.551,10,11550757373,287212,0
11.6001,10,11600071305,73000,1
11.6031,10,11603021311,73000,1
11.6059,10,11605622317,287212,0
11.6521,10,11651800431,287212,0
11.7016,10,11701283957,287212,0
11.7534,10,11753155489,287212,0
11.8025,10,11802424421,73000,1
11.8053,10,11805043427,287212,0
11.8543,10,11854181547,73000,1
11.8569,10,11856862553,73000,1
11.8623,10,11861993565,287212,0
11.9013,10,11901276661,73000,1
11.9065,10,11906416673,73000,1
11.9066,10,11906489673,73000,1
11.9068,10,11906562673,287212,0
11.951,10,11950889781,73000,1
11.9538,10,11953561787,287212,0
12.0026,10,12002562719,73000,1
12.0055,10,12005252725,287212,0
12.052,10,12051696651,287212,0
12.1011,10,12100831771,287212,0
12.1508,10,12150506297,287212,0
12.2026,10,12202288235,287212,0
12.2546,10,12254293767,287212,0
12.3011,10,12300781099,287212,0
12.3506,10,12350505031,73000,1
12.3509,10,12350612031,287212,0
12.4023,10,12402034969,287212,0
12.4517,10,12451642713,73000,1
12.4518,10,12451715713,73000,1
12.4522,10,12451937713,287212,0
12.5011,10,12500850239,287212,0
12.551,10,12550878577,73000,1
12.5512,10,12550951577,287212,0
12.6025,10,12602190703,287212,0
12.6524,10,12652159229,287212,0
12.7041,10,12703815167,287212,0
12.7514,10,12751089093,287212,0
12.8004,10,12800083213,287212,0
12.8526,10,12852268557,287212,0
12.9009,10,12900859677,73000,1
12.9038,10,12903478683,287212,0
12.9533,10,12953014427,287212,0
13.0024,10,13002156359,287212,0
13.0519,10,13051639291,287212,0
13.1034,10,13103107229,287212,0
13.1505,10,13150248155,287212,0
13.2048,10,13204495693,287212,0
13.2522,10,13251884619,287212,0
13.301,10,13300682145,287212,0
13.353,10,13352918489,73000,1
13.3532,10,13353078489,73000,1
13.3535,10,13353238489,287212,0
13.4003,10,13400012603,287212,0
13.4548,10,13454503735,287212,0
13.5011,10,13500770849,287212,0
13.5531,10,13553006193,73000,1
13.5532,10,13553079193,73000,1
13.556,10,13555716199,287212,0
13.6023,10,13602224719,73000,1
13.6049,10,13604843725,73000,1
13.6052,10,13604916725,287212,0
13.6522,10,13651915845,287212,0
13.7011,10,13700819371,287212,0
13.751,10,13750759897,287212,0
13.8003,10,13800244017,73000,1
13.8032,10,13802872023,287212,0
13.8522,10,13852135143,73000,1
13.8525,10,13852208143,287212,0
13.9014,10,13901353075,73000,1
13.904,10,13903972081,73000,1
13.9042,10,13904079081,73000,1
13.9044,10,13904152081,287212,0
13.9512,10,13950867601,287212,0
14.0003,10,14000003127,287212,0
14.0546,10,14054285477,287212,0
14.1012,10,14100925997,287212,0
14.153,10,14152689529,287212,0
14.2024,10,14202137649,287212,0
14.2515,10,14251203769,287212,0
14.3009,10,14300875889,73000,1
14.3013,10,14300982889,287212,0
14.3553,10,14354999427,287212,0
14.4022,10,14401944953,287212,0
14.4537,10,14453610485,73000,1
14.454,10,14453743485,287212,0
14.5012,10,14500883223,287212,0
14.555,10,14554756761,287212,0
14.6019,10,14601870693,73000,1
14.6047,10,14604462699,287212,0
14.6509,10,14650809219,73000,1
14.6537,10,14653428225,287212,0
14.701,10,14700915963,73000,1
14.7013,10,14700988963,287212,0
14.7503,10,14750017489,287212,0
14.805,10,14804721839,287212,0
14.8513,10,14851059359,287212,0
14.9012,10,14900901885,287212,0
14.9526,10,14952289823,287212,0
15.0046,10,15004283979,287212,0
15.051,10,15050711093,287212,0
15.1005,10,15100240431,287212,0
15.1545,10,15154425781,73000,1
15.1573,10,15157026787,287212,0
15.2021,10,15201780113,287212,0
15.2512,10,15251121639,73000,1
15.2538,10,15253742645,73000,1
15.2541,10,15253840645,287212,0
15.301,10,15300963977,73000,1
15.3039,10,15303653983,287212,0
15.3503,10,15350008909,287212,0
15.4053,10,15404989853,287212,0
15.4544,10,15454097973,287212,0
15.5042,10,15503919905,287212,0
15.5505,10,15550444425,73000,1
15.5535,10,15553187431,287212,0
15.6005,10,15600213357,287212,0
15.6518,10,15651681889,73000,1
15.6518,10,15651754889,73000,1
15.6572,10,15656885901,287212,0
15.7016,10,15701361821,287212,0
15.7508,10,15750497941,287212,0
15.8002,10,15800105873,73000,1
15.8078,10,15807766891,73000,1
15.8107,10,15810367897,287212,0
15.8523,10,15852038405,287212,0
15.902,10,15901709931,287212,0
15.9509,10,15950854051,73000,1
15.9512,10,15950927051,287212,0
16.0007,10,16000429171,287212,0
16.0551,10,16055001303,73000,1
16.0579,10,16057595309,287212,0
16.1046,10,16104307235,287212,0
16.1515,10,16151198755,287212,0
16.2007,10,16200441875,287212,0
16.2524,10,16252348407,73000,1
16.2526,10,16252490407,73000,1
16.2577,10,16257629825,73000,1
16.258,10,16257736825,287212,0
16.3023,10,16302020339,287212,0
16.3541,10,16353801871,287212,0
16.4006,10,16400280985,287212,0
16.4552,10,16454947335,287212,0
16.5019,10,16501793855,73000,1
16.5045,10,16504403861,73000,1
16.5076,10,16507326867,287212,0
16.5518,10,16551464381,287212,0
16.6008,10,16600537501,287212,0
16.6504,10,16650305839,73000,1
16.6505,10,16650385839,73000,1
16.6505,10,16650465839,73000,1
16.6508,10,16650538839,287212,0
16.7026,10,16702310965,287212,0
16.7521,10,16751804897,287212,0
16.8011,10,16800779017,287212,0
16.8504,10,16850351949,73000,1
16.8505,10,16850431949,73000,1
16.8506,10,16850511949,73000,1
16.8534,10,16853139955,287212,0
16.9027,10,16902451887,287212,0
16.9549,10,16954616825,287212,0
17.0012,10,17001149345,73000,1
17.0038,10,17003768351,73000,1
17.0041,10,17003841351,287212,0
17.0511,10,17051010465,73000,1
17.0564,10,17056132477,287212,0
17.1004,10,17100064991,287212,0
17.1526,10,17152276335,287212,0
17.2017,10,17201411455,287212,0
17.2536,10,17253560581,73000,1
17.2537,10,17253633581,73000,1
17.2566,10,17256323587,287212,0
17.3003,10,17300031507,287212,0
17.3527,10,17352446851,287212,0
17.4018,10,17401503377,287212,0
17.4515,10,17451246903,287212,0
17.5025,10,17502465435,73000,1
17.5028,10,17502538435,287212,0
17.5528,10,17552511773,287212,0
17.6042,10,17604089117,73000,1
17.607,10,17606681123,287212,0
17.6515,10,17651426637,73000,1
17.6543,10,17654036643,287212,0
17.703,10,17702734169,287212,0
17.7526,10,17752360695,287212,0
17.8016,10,17801343815,287212,0
17.8517,10,17851398153,287212,0
17.901,10,17900761085,287212,0
17.9529,10,17952579023,287212,0
18.0019,10,18001597549,287212,0
18.0511,10,18050838887,287212,0
18.1003,10,18100020413,287212,0
18.1521,10,18151774351,287212,0
18.2038,10,18203536289,287212,0
18.2535,10,18253235815,287212,0
18.3023,10,18302255341,73000,1
18.3026,10,18302328341,287212,0
18.352,10,18351686273,287212,0
18.4006,10,18400563799,73000,1
18.4007,10,18400636799,73000,1
18.4061,10,18405776811,287212,0
18.4552,10,18454903337,287212,0
18.5042,10,18503868863,287212,0
18.5508,10,18550527383,287212,0
18.6026,10,18602532321,73000,1
18.6052,10,18605133327,73000,1
18.6053,10,18605206327,73000,1
18.6056,10,18605279327,287212,0
18.6541,10,18653844447,287212,0
18.7011,10,18701065967,73000,1
18.7065,10,18706187979,287212,0
18.7503,10,18750022087,287212,0
18.8021,10,18801982837,73000,1
18.8099,10,18809643855,287212,0
18.8514,10,18851095987,287212,0
18.9009,10,18900786107,73000,1
18.906,10,18905917119,73000,1
18.9063,10,18905997119,287212,0
18.9504,10,18950144227,287212,0
19.0023,10,19002257165,73000,1
19.0026,10,19002330165,287212,0
19.0512,10,19051132909,73000,1
19.0515,10,19051221909,287212,0
19.1011,10,19100981841,73000,1
19.1014,10,19101159841,287212,0
19.1527,10,19152646373,73000,1
19.153,10,19152744373,287212,0
19.2023,10,19202181711,73000,1
19.2023,10,19202254711,73000,1
19.2026,10,19202327711,287212,0
19.2519,10,19251579237,287212,0
19.3043,10,19304004363,287212,0
19.3504,10,19350289883,73000,1
19.3532,10,19352908889,287212,0
19.4003,10,19400052409,287212,0
19.4513,10,19451269753,73000,1
19.4542,10,19453897759,287212,0
19.501,10,19500904091,73000,1
19.5011,10,19500977091,73000,1
19.5014,10,19501084091,287212,0
19.5552,10,19554939035,287212,0
19.6022,10,19601919961,287212,0
19.6512,10,19650884893,287212,0
19.7008,10,19700547419,287212,0
19.755,10,19754679363,287212,0
19.802,10,19801944289,73000,1
19.8099,10,19809605307,287212,0
19.8512,10,19851112221,73000,1
19.8565,10,19856243233,287212,0
19.9015,10,19901194153,287212,0
19.9551,10,19954986503,73000,1
19.9554,10,19955137503,287212,0
20.0025,10,20002199429,287212,0
20.0515,10,20051200361,287212,0
20.101,10,20100670027,287212,0
20.1524,10,20152280965,73000,1
20.1575,10,20157429977,73000,1
20.1601,10,20160039983,73000,1
20.1604,10,20160112983,287212,0
20.2022,10,20202131491,73000,1
20.2078,10,20207539015,287212,0
20.2517,10,20251400529,287212,0
20.3008,10,20300555055,287212,0
20.3504,10,20350101581,287212,0
20.4021,10,20401854519,287212,0
20.4512,10,20450945451,287212,0
20.5004,10,20500144789,287212,0
20.5522,10,20551926915,287212,0
20.6011,10,20600989847,73000,1
20.6014,10,20601062847,287212,0
20.6511,10,20650814779,287212,0
20.7025,10,20702257311,287212,0
20.7547,10,20754635467,73000,1
20.7601,10,20759830479,287212,0
20.8014,10,20801107987,287212,0
20.8509,10,20850629513,287212,0
20.9051,10,20904807645,287212,0
20.9517,10,20951617977,73000,1
20.952,10,20951690977,287212,0
21.0033,10,21003241103,73000,1
21.0059,10,21005851109,73000,1
21.006,10,21005958109,73000,1
21.0112,10,21011107121,73000,1
21.0144,10,21014101127,287212,0
21.0508,10,21050489217,287212,0
21.1025,10,21102180561,287212,0
21.1524,10,21152159087,287212,0
21.2012,10,21201134207,73000,1
21.2015,10,21201207207,287212,0
21.2511,10,21250833545,287212,0
21.3023,10,21302266077,73000,1
21.3052,10,21304876083,287212,0
21.3551,10,21354780203,287212,0
21.4015,10,21401252317,287212,0
21.4513,10,21450994655,287212,0
21.5027,10,21502374781,287212,0
21.5524,10,21552064307,287212,0
21.6015,10,21601236427,287212,0
21.6533,10,21653222583,73000,1
21.6587,10,21658371595,287212,0
21.7046,10,21704503709,73000,1
21.7072,10,21707113715,73000,1
21.7123,10,21712253727,73000,1
21.7177,10,21717402739,287212,0
21.7544,10,21754148235,287212,0
21.8008,10,21800511755,287212,0
21.8505,10,21850165281,287212,0
21.9021,10,21901798407,287212,0
21.9519,10,21951575933,287212,0
22.0009,10,22000623459,287212,0
22.0535,10,22053234991,287212,0
22.1004,10,22100073511,287212,0
22.1525,10,22152257449,287212,0
22.2014,10,22201071975,287212,0
22.251,10,22250697907,287212,0
22.3024,10,22302076251,287212,0
22.3516,10,22351282183,287212,0
22.4008,10,22400506115,287212,0
22.4526,10,22452341647,287212,0
22.5019,10,22501869985,73000,1
22.5046,10,22504506991,73000,1
22.5072,10,22507134997,73000,1
22.5098,10,22509772003,73000,1
22.5124,10,22512373009,73000,1
22.5127,10,22512446009,287212,0
22.5518,10,22551497511,287212,0
22.6007,10,22600659443,73000,1
22.601,10,22600732443,287212,0
22.6504,10,22650130003,287212,0
22.7048,10,22704512947,287212,0
22.7541,10,22753772473,287212,0
22.801,10,22800697805,287212,0
22.8525,10,22852246743,287212,0
22.9024,10,22902086081,287212,0
22.9513,10,22950980607,287212,0
23.0035,10,23003226145,287212,0
23.0527,10,23052369671,287212,0
23.1024,10,23102066009,287212,0
23.1517,10,23151386535,287212,0
23.201,10,23200934467,73000,1
23.2011,10,23201007467,73000,1
23.209,10,23208667891,287212,0
23.2529,10,23252589811,287212,0
23.3046,10,23304576749,73000,1
23.3075,10,23307248755,287212,0
23.3516,10,23351296675,287212,0
23.4011,10,23400816795,287212,0
23.4553,10,23455010333,287212,0
23.5022,10,23501864665,287212,0
23.5509,10,23550873409,73000,1
23.5538,10,23553483415,287212,0
23.6007,10,23600676747,73000,1
23.6036,10,23603304753,287212,0
23.6523,10,23652057685,287212,0
23.702,10,23701754617,287212,0
23.7515,10,23751244549,287212,0
23.8009,10,23800595075,287212,0
23.853,10,23852667231,287212,0
23.9025,10,23902237463,287212,0
23.9516,10,23951340583,287212,0
24.001,10,24000724921,287212,0
24.0549,10,24054641865,287212,0
24.1021,10,24101855385,287212,0
24.1535,10,24153171511,287212,0
24.2006,10,24200337249,287212,0
24.2519,10,24251573781,287212,0
24.3012,10,24300940525,287212,0
24.3527,10,24352454651,287212,0
24.4045,10,24404423589,73000,1
24.4046,10,24404530589,73000,1
24.4047,10,24404646589,73000,1
24.4075,10,24407238595,287212,0
24.4511,10,24451064703,73000,1
24.4514,10,24451137703,287212,0
24.5012,10,24500915229,287212,0
24.5531,10,24552795761,287212,0
24.6022,10,24601868287,287212,0
24.6513,10,24650994813,287212,0
24.7002,10,24700157339,73000,1
24.7031,10,24702785345,287212,0
24.7522,10,24752091871,73000,1
24.7522,10,24752164871,73000,1
24.7523,10,24752262871,73000,1
24.7578,10,24757464883,287212,0
24.8045,10,24804188809,287212,0
24.8536,10,24853289335,287212,0
24.9022,10,24902146861,73000,1
24.9025,10,24902219861,287212,0
24.9523,10,24951962793,287212,0
25.001,10,25000695725,287212,0
25.0504,10,25050353251,73000,1
25.0507,10,25050426251,287212,0
25.1021,10,25102011377,73000,1
25.1025,10,25102171377,287212,0
25.1522,10,25151916715,287212,0
25.2013,10,25200969053,287212,0
25.2509,10,25250568985,287212,0
25.3027,10,25302454329,287212,0
25.3547,10,25354388861,287212,0
25.4008,10,25400725787,73000,1
25.4009,10,25400798787,73000,1
25.4062,10,25405947799,287212,0
25.4537,10,25453366913,287212,0
25.5025,10,25502208033,287212,0
25.5549,10,25554622565,287212,0
25.6038,10,25603524091,287212,0
25.6508,10,25650558611,287212,0
25.7024,10,25702151549,287212,0
25.7514,10,25751350669,73000,1
25.7544,10,25754093675,287212,0
25.8005,10,25800224601,287212,0
25.8553,10,25855013051,287212,0
25.9021,10,25901857977,287212,0
25.9542,10,25953918103,287212,0
26.0007,10,26000451623,287212,0
26.0529,10,26052644161,287212,0
26.1043,10,26104227693,73000,1
26.1094,10,26109367111,73000,1
26.1097,10,26109447111,287212,0
26.1541,10,26153860437,287212,0
26.2032,10,26202949963,287212,0
26.2527,10,26252424489,287212,0
26.3018,10,26301486421,287212,0
26.3543,10,26353990953,287212,0
26.4011,10,26400854067,287212,0
26.4505,10,26450211999,287212,0
26.5022,10,26501869125,287212,0
26.5546,10,26554291063,287212,0
26.6007,10,26600609395,73000,1
26.6035,10,26603237401,287212,0
26.6528,10,26652702333,73000,1
26.6531,10,26652775333,287212,0
26.705,10,26704726459,287212,0
26.7521,10,26752027979,73000,1
26.7522,10,26752107979,73000,1
26.7551,10,26754779985,287212,0
26.8019,10,26801869505,73000,1
26.8048,10,26804470511,287212,0
26.8538,10,26853472037,287212,0
26.9001,10,26900004963,73000,1
26.9005,10,26900182963,287212,0
26.9548,10,26954485907,287212,0
27.0017,10,27001460021,287212,0
27.0504,10,27050085953,287212,0
27.1053,10,27105039897,287212,0
27.1517,10,27151438417,287212,0
27.2012,10,27200957537,287212,0
27.2503,10,27250002063,287212,0
27.3026,10,27302292407,287212,0
27.3514,10,27351069933,287212,0
27.4008,10,27400697459,73000,1
27.4059,10,27405846471,73000,1
27.4085,10,27408474477,73000,1
27.4086,10,27408547477,73000,1
27.4112,10,27411175483,73000,1
27.4141,10,27413776489,287212,0
27.4527,10,27452425585,287212,0
27.5021,10,27501836329,287212,0
27.5511,10,27551052855,73000,1
27.5539,10,27553653861,287212,0
27.6008,10,27600482787,287212,0
27.6521,10,27651843319,287212,0
27.7012,10,27701130657,73000,1
27.7013,10,27701228657,73000,1
27.7066,10,27706359669,287212,0
27.7506,10,27750343589,287212,0
27.8026,10,27802514715,73000,1
27.8054,10,27805124721,287212,0
27.8514,10,27851302647,73000,1
27.8542,10,27853921653,287212,0
27.9015,10,27901232579,287212,0
27.9527,10,27952648705,73000,1
27.953,10,27952728705,287212,0
28.0027,10,28002381637,287212,0
28.0537,10,28053654169,73000,1
28.0563,10,28056264175,73000,1
28.0592,10,28058865181,287212,0
28.101,10,28100696689,287212,0
28.1553,10,28155042227,287212,0
28.2051,10,28204848159,287212,0
28.2517,10,28251390679,287212,0
28.304,10,28303735429,287212,0
28.353,10,28352753549,287212,0
28.4001,10,28400004475,73000,1
28.4055,10,28405206487,287212,0
28.4521,10,28451805601,287212,0
28.5041,10,28503811133,287212,0
28.5504,10,28550131247,287212,0
28.6023,10,28602039185,287212,0
28.654,10,28653732123,287212,0
28.7037,10,28703394055,287212,0
28.7525,10,28752223393,287212,0
28.8044,10,28804093737,287212,0
28.8511,10,28850831851,287212,0
28.9003,10,28900253783,73000,1
28.9006,10,28900342783,287212,0
28.9526,10,28952312315,287212,0
29.0014,10,29001367841,73000,1
29.0016,10,29001483841,73000,1
29.0042,10,29004102847,73000,1
29.0045,10,29004182847,287212,0
29.0533,10,29053255779,73000,1
29.0561,10,29055856785,287212,0
29.1026,10,29102541711,73000,1
29.1052,10,29105142717,73000,1
29.1079,10,29107779723,73000,1
29.1081,10,29107852723,287212,0
29.1525,10,29152187831,287212,0
29.201,10,29200965951,73000,1
29.2042,10,29203879957,287212,0
29.2528,10,29252684889,73000,1
29.2529,10,29252853889,73000,1
29.2531,10,29252978889,73000,1
29.2557,10,29255668895,73000,1
29.256,10,29255748895,287212,0
29.3021,10,29301837415,287212,0
29.3521,10,29351840535,287212,0
29.4009,10,29400655061,287212,0
29.4503,10,29450005399,287212,0
29.5019,10,29501573931,287212,0
29.5515,10,29551227457,287212,0
29.6003,10,29600050577,287212,0
29.6528,10,29652501921,287212,0
29.7018,10,29701477041,287212,0
29.7512,10,29750917161,287212,0
29.803,10,29802753287,287212,0
29.8549,10,29854642225,287212,0
29.9014,10,29901139745,287212,0
29.9509,10,29950642083,287212,0
30.0026,10,30002333615,287212,0
30.0521,10,30052023141,73000,1
30.0549,10,30054624147,287212,0
30.1014,10,30101120073,287212,0
30.151,10,30150968411,73000,1
30.1512,10,30151146411,73000,1
30.1515,10,30151219411,287212,0
30.2003,10,30200060155,287212,0
30.2549,10,30254621099,287212,0
30.3038,10,30303748625,73000,1
30.3041,10,30303821625,287212,0
30.3514,10,30351069551,287212,0
30.4007,10,30400387671,287212,0
30.4507,10,30450452197,287212,0
30.5048,10,30504559329,287212,0
30.5547,10,30554381855,287212,0
30.6039,10,30603586381,287212,0
30.6507,10,30650674495,73000,1
30.651,10,30650747495,287212,0
30.7025,10,30702233027,287212,0
30.7525,10,30752207553,287212,0
30.8014,10,30801136079,287212,0
30.8508,10,30850494011,287212,0
30.9003,10,30900013349,287212,0
30.9519,10,30951794881,73000,1
30.955,10,30954726887,287212,0
31.0038,10,31003539413,287212,0
31.0505,10,31050180339,287212,0
31.105,10,31104664283,287212,0
31.1518,10,31151553615,287212,0
31.2017,10,31201430547,287212,0
31.2534,10,31253097079,287212,0
31.3002,10,31300105193,73000,1
31.303,10,31302706199,287212,0
31.352,10,31351932725,73000,1
31.3521,10,31352021725,73000,1
31.3552,10,31354953731,287212,0
31.402,10,31401722251,287212,0
31.4535,10,31453207783,287212,0
31.5003,10,31500268115,73000,1
31.5032,10,31502869121,287212,0
31.5548,10,31554509653,287212,0
31.6018,10,31601482173,287212,0
31.6507,10,31650368293,287212,0
31.7027,10,31702372637,287212,0
31.7513,10,31751213757,73000,1
31.7564,10,31756362769,73000,1
31.7567,10,31756435769,287212,0
31.804,10,31803717695,287212,0
31.8505,10,31850190809,287212,0
31.9028,10,31902767341,73000,1
31.9031,10,31902856341,287212,0
31.9515,10,31951455867,73000,1
31.9518,10,31951528867,287212,0
32.0012,10,32000879393,287212,0
32.0525,10,32052436925,73000,1
32.0528,10,32052525925,287212,0
32.1052,10,32104895863,287212,0
32.1513,10,32151010383,287212,0
32.2006,10,32200502533,73000,1
32.2034,10,32203112539,287212,0
32.2525,10,32252238065,287212,0
32.3026,10,32302489591,73000,1
32.3052,10,32305117597,73000,1
32.3081,10,32307807603,287212,0
32.3517,10,32351599117,73000,1
32.3517,10,32351672117,73000,1
32.352,10,32351745117,287212,0
32.4015,10,32401203049,287212,0
32.4501,10,32450007387,73000,1
32.4504,10,32450080387,287212,0
32.5024,10,32502308325,73000,1
32.5077,10,32507448337,287212,0
32.5516,10,32551283257,287212,0
32.6036,10,32603334383,287212,0
32.6503,10,32650002497,287212,0
32.7026,10,32702300841,287212,0
32.7522,10,32751946961,287212,0
32.8044,10,32804132087,287212,0
32.8507,10,32850631201,73000,1
32.8535,10,32853250207,287212,0
32.9007,10,32900401727,287212,0
32.9523,10,32951987259,287212,0
33.0016,10,33001338379,287212,0
33.0507,10,33050430905,287212,0
33.1056,10,33105362443,287212,0
33.1544,10,33154303563,73000,1
33.1545,10,33154392563,73000,1
33.1573,10,33157029569,287212,0
33.2012,10,33201167489,73000,1
33.2015,10,33201240489,287212,0
33.2509,10,33250617609,287212,0
33.3027,10,33302408547,287212,0
33.3523,10,33352025667,287212,0
33.404,10,33403726011,287212,0
33.4507,10,33450598531,73000,1
33.451,10,33450671531,287212,0
33.5024,10,33502150657,287212,0
33.5521,10,33551832183,287212,0
33.601,10,33600923303,73000,1
33.6036,10,33603560309,73000,1
33.6063,10,33606179315,73000,1
33.6094,10,33609111321,287212,0
33.6509,10,33650808829,73000,1
33.6512,10,33650897829,287212,0
33.7024,10,33702286955,73000,1
33.7024,10,33702359955,73000,1
33.7053,10,33704969961,287212,0
33.7524,10,33752147887,287212,0
33.8015,10,33801203007,287212,0
33.8533,10,33853055351,287212,0
33.9024,10,33902093471,287212,0
33.9519,10,33951827403,73000,1
33.9523,10,33952005403,287212,0
34.0011,10,34000820523,287212,0
34.0506,10,34050359049,287212,0
34.1047,10,34104411587,287212,0
34.1513,10,34151240513,73000,1
34.1516,10,34151313513,287212,0
34.2004,10,34200376445,73000,1
34.2008,10,34200465445,287212,0
34.2504,10,34250074377,287212,0
34.3043,10,34304028915,287212,0
34.3515,10,34351178841,287212,0
34.4051,10,34404856973,287212,0
34.4521,10,34451862711,287212,0
34.5012,10,34500960049,287212,0
34.5507,10,34550594387,73000,1
34.5535,10,34553186393,287212,0
34.6027,10,34602402325,287212,0
34.6523,10,34652054663,287212,0
34.7034,10,34703318789,73000,1
34.7037,10,34703398789,287212,0
34.7506,10,34750351121,287212,0
34.8021,10,34801857653,287212,0
34.8518,10,34851537179,287212,0
34.9031,10,34903059711,73000,1
34.906,10,34905678717,287212,0
34.9529,10,34952633455,287212,0
35.0017,10,35001580981,73000,1
35.0069,10,35006782993,73000,1
35.0072,10,35006889993,287212,0
35.0517,10,35051577101,73000,1
35.057,10,35056699113,287212,0
35.1031,10,35102856445,287212,0
35.1523,10,35152017189,287212,0
35.201,10,35200945933,73000,1
35.2036,10,35203564939,73000,1
35.2062,10,35206174945,73000,1
35.2091,10,35208766951,287212,0
35.2508,10,35250471271,287212,0
35.3026,10,35302305209,287212,0
35.3543,10,35353978553,287212,0
35.4013,10,35401037479,287212,0
35.4503,10,35450262005,73000,1
35.4506,10,35450360005,287212,0
35.5027,10,35502445537,287212,0
35.5513,10,35551268063,73000,1
35.5514,10,35551341063,73000,1
35.5517,10,35551421063,287212,0
35.6012,10,35600940589,287212,0
35.6527,10,35652417527,287212,0
35.7025,10,35702186459,287212,0
35.7517,10,35751437579,287212,0
35.8014,10,35801064699,287212,0
35.8508,10,35850505819,287212,0
35.9028,10,35902485945,287212,0
35.9515,10,35951460471,73000,1
35.9516,10,35951533471,73000,1
35.9544,10,35954143477,287212,0
36.0011,10,36000857591,287212,0
36.0525,10,36052246123,287212,0
36.1048,10,36104473467,287212,0
36.151,10,36150910987,73000,1
36.1538,10,36153520993,287212,0
36.2008,10,36200466919,287212,0
36.2521,10,36251793857,287212,0
36.3044,10,36304333795,73000,1
36.3047,10,36304406795,287212,0
36.3539,10,36353605915,287212,0
36.401,10,36400692247,287212,0
36.4551,10,36454764379,287212,0
36.5023,10,36501967899,287212,0
36.5511,10,36551066831,73000,1
36.5514,10,36551297831,73000,1
36.5542,10,36553907837,287212,0
36.6013,10,36601022951,287212,0
36.6503,10,36650006071,287212,0
36.7024,10,36702109009,287212,0
36.7513,10,36750993535,287212,0
36.8035,10,36803164503,287212,0
36.8528,10,36852475841,287212,0
36.9021,10,36901843773,287212,0
36.9514,10,36951068299,287212,0
37.0009,10,37000622637,287212,0
37.0548,10,37054541175,287212,0
37.102,10,37101665695,287212,0
37.1534,10,37153296039,73000,1
37.156,10,37155897045,73000,1
37.1586,10,37158525051,73000,1
37.1589,10,37158598051,287212,0
37.2005,10,37200261559,287212,0
37.2547,10,37254645097,73000,1
37.2574,10,37257317103,73000,1
37.2602,10,37259927109,287212,0
37.3018,10,37301471429,287212,0
37.351,10,37350965361,73000,1
37.3562,10,37356114373,73000,1
37.3591,10,37358795379,287212,0
37.4007,10,37400395887,287212,0
37.4504,10,37450129819,287212,0
37.5023,10,37502206351,73000,1
37.5049,10,37504834357,73000,1
37.505,10,37504914357,73000,1
37.5053,10,37505056357,287212,0
37.5522,10,37551948877,287212,0
37.6014,10,37601101809,287212,0
37.6508,10,37650727741,73000,1
37.6536,10,37653319747,287212,0
37.7023,10,37702186867,73000,1
37.7023,10,37702266867,73000,1
37.7027,10,37702408867,287212,0
37.7549,10,37754618605,287212,0
37.801,10,37800919719,73000,1
37.8038,10,37803529725,287212,0
37.851,10,37850740463,287212,0
37.9026,10,37902334589,287212,0
37.9524,10,37952110927,287212,0
38.0014,10,38001158453,287212,0
38.0513,10,38051060197,287212,0
38.1051,10,38105006735,73000,1
38.1052,10,38105079735,73000,1
38.1053,10,38105239735,73000,1
38.1056,10,38105346735,287212,0
38.1525,10,38152221849,287212,0
38.204,10,38203717381,287212,0
38.2508,10,38250715307,73000,1
38.2536,10,38253307313,287212,0
38.3001,10,38300063833,73000,1
38.303,10,38302691839,287212,0
38.355,10,38354893371,73000,1
38.3553,10,38355026371,287212,0
38.4039,10,38403616897,287212,0
38.4506,10,38450560229,73000,1
38.4535,10,38453232235,287212,0
38.5003,10,38500032755,287212,0
38.5521,10,38552020693,73000,1
38.5547,10,38554639699,73000,1
38.5576,10,38557276705,287212,0
38.6041,10,38603801225,287212,0
38.6509,10,38650622339,287212,0
38.705,10,38704685877,287212,0
38.7519,10,38751613397,287212,0
38.8008,10,38800544517,287212,0
38.8502,10,38850094043,73000,1
38.8503,10,38850183043,73000,1
38.8506,10,38850361043,287212,0
38.9022,10,38901885169,287212,0
38.9516,10,38951298507,287212,0
39.0008,10,39000478627,287212,0
39.0527,10,39052421159,287212,0
39.1015,10,39101439091,73000,1
39.1018,10,39101555091,287212,0
39.1511,10,39151041211,73000,1
39.1537,10,39153660217,73000,1
39.154,10,39153733217,287212,0
39.2005,10,39200229549,287212,0
39.2505,10,39250203481,287212,0
39.302,10,39301689419,287212,0
39.3511,10,39350769757,287212,0
39.4003,10,39400226877,73000,1
39.4007,10,39400448877,287212,0
39.4525,10,39452436815,73000,1
39.4528,10,39452509815,287212,0
39.5022,10,39501868341,287212,0
39.5539,10,39553801685,73000,1
39.5542,10,39553874685,287212,0
39.6008,10,39600704799,73000,1
39.6037,10,39603385805,287212,0
39.6502,10,39650090919,73000,1
39.653,10,39652753925,287212,0
39.7025,10,39702228857,287212,0
39.7521,10,39751804789,287212,0
39.8014,10,39801359721,73000,1
39.8043,10,39803996727,287212,0
39.8508,10,39850475653,287212,0
39.9002,10,39900138585,73000,1
39.9056,10,39905271003,287212,0
39.9516,10,39951538117,73000,1
39.9544,10,39954139123,287212,0
40.0016,10,40001308049,287212,0
40.0504,10,40050354169,73000,1
40.0507,10,40050427169,287212,0
40.1005,10,40100222101,287212,0
40.152,10,40151698633,287212,0
40.2013,10,40201201159,73000,1
40.2016,10,40201274159,287212,0
40.2504,10,40250363685,73000,1
40.2506,10,40250514685,73000,1
40.251,10,40250729685,287212,0
40.3007,10,40300384805,287212,0
40.3546,10,40354311937,287212,0
40.4013,10,40401229863,73000,1
40.4016,10,40401302863,287212,0
40.4506,10,40450313389,287212,0
40.5026,10,40502327921,287212,0
40.5517,10,40551462447,287212,0
40.6014,10,40601118379,287212,0
40.6505,10,40650466905,73000,1
40.6534,10,40653067911,287212,0
40.705,10,40704912443,73000,1
40.7078,10,40707549449,287212,0
40.7516,10,40751534963,73000,1
40.7517,10,40751641963,73000,1
40.7545,10,40754233969,287212,0
40.8037,10,40803395307,287212,0
40.8527,10,40852460239,287212,0
40.9048,10,40904493177,287212,0
40.9514,10,40951160291,287212,0
41.0007,10,41000446629,287212,0
41.0548,10,41054543167,287212,0
41.102,10,41101737687,287212,0
41.1537,10,41153403813,287212,0
41.201,10,41200714739,287212,0
41.2527,10,41252362865,287212,0
41.3049,10,41304621021,287212,0
41.351,10,41350922541,73000,1
41.3538,10,41353541547,287212,0
41.4005,10,41400219067,287212,0
41.4522,10,41451877193,287212,0
41.502,10,41501663719,287212,0
41.551,10,41550904245,73000,1
41.5511,10,41550977245,73000,1
41.5514,10,41551137245,287212,0
41.6006,10,41600344365,287212,0
41.655,10,41654737309,287212,0
41.7015,10,41701395235,73000,1
41.7018,10,41701468235,287212,0
41.7534,10,41753106579,287212,0
41.8025,10,41802241511,287212,0
41.8543,10,41853986667,287212,0
41.9003,10,41900243187,73000,1
41.9035,10,41903192599,287212,0
41.9505,10,41950173119,287212,0
42.0018,10,42001756651,73000,1
42.005,10,42004688657,287212,0
42.052,10,42051678177,287212,0
42.1034,10,42103066709,287212,0
42.1505,10,42150181229,287212,0
42.2045,10,42204172361,287212,0
42.2513,10,42250999693,287212,0
42.3031,10,42302762819,287212,0
42.3524,10,42352157345,287212,0
42.4013,10,42400969683,287212,0
42.4511,10,42450802209,287212,0
42.5027,10,42502430741,287212,0
42.5522,10,42552109673,73000,1
42.56,10,42559761691,287212,0
42.6038,10,42603514611,287212,0
42.6506,10,42650539537,73000,1
42.6508,10,42650690537,73000,1
42.6511,10,42650763537,287212,0
42.7024,10,42702109663,287212,0
42.7519,10,42751798189,73000,1
42.7522,10,42751878189,287212,0
42.8013,10,42800995715,287212,0
42.8512,10,42850899241,287212,0
42.9026,10,42902334367,287212,0
42.9521,10,42952051893,73000,1
42.9524,10,42952131893,287212,0
43.0013,10,43001043419,287212,0
43.0506,10,43050501539,73000,1
43.0507,10,43050670539,73000,1
43.0536,10,43053289545,287212,0
43.1026,10,43102338071,287212,0
43.1522,10,43151919597,287212,0
43.2012,10,43200867717,287212,0
43.2537,10,43253446061,287212,0
43.3026,10,43302315587,287212,0
43.3525,10,43352183925,287212,0
43.4015,10,43401184451,287212,0
43.451,10,43450713571,287212,0
43.5005,10,43500172691,287212,0
43.5525,10,43552213629,287212,0
43.6017,10,43601637749,73000,1
43.602,10,43601710749,287212,0
43.651,10,43650695275,287212,0
43.7028,10,43702519619,287212,0
43.752,10,43751718739,287212,0
43.8012,10,43801077859,73000,1
43.8012,10,43801150859,73000,1
43.8066,10,43806272871,287212,0
43.8506,10,43850356197,287212,0
43.9025,10,43902173323,287212,0
43.9515,10,43951431067,73000,1
43.9516,10,43951511067,73000,1
43.9544,10,43954103073,287212,0
44.0011,10,44000834593,287212,0
44.0529,10,44052787531,73000,1
44.0531,10,44052860531,287212,0
44.1027,10,44102396463,287212,0
44.1517,10,44151388583,287212,0
44.2011,10,44200826921,287212,0
44.2551,10,44255004459,73000,1
44.2554,10,44255084459,287212,0
44.3051,10,44304818985,287212,0
44.3521,10,44351772099,287212,0
44.4017,10,44401631625,73000,1
44.4071,10,44406833637,287212,0
44.4513,10,44450980745,287212,0
44.5008,10,44500464083,287212,0
44.552,10,44551923615,73000,1
44.5548,10,44554533621,287212,0
44.6043,10,44604044553,287212,0
44.6505,10,44650220479,287212,0
44.7026,10,44702341417,287212,0
44.7517,10,44751422349,287212,0
44.8039,10,44803837287,73000,1
44.804,10,44803917287,73000,1
44.8043,10,44803997287,287212,0
44.8508,10,44850549401,287212,0
44.9004,10,44900106333,287212,0
44.9518,10,44951547865,287212,0
45.0016,10,45001289203,287212,0
45.0506,10,45050344323,287212,0
45.1029,10,45102581855,287212,0
45.1517,10,45151583975,73000,1
45.1595,10,45159244993,287212,0
45.2012,10,45201084501,73000,1
45.2065,10,45206233513,287212,0
45.2529,10,45252578845,287212,0
45.3003,10,45300012177,287212,0
45.3544,10,45354145309,287212,0
45.4015,10,45401259829,287212,0
45.4505,10,45450215761,287212,0
45.5027,10,45502400887,287212,0
45.5542,10,45553935013,287212,0
45.6039,10,45603623945,287212,0
45.6504,10,45650113059,287212,0
45.7025,10,45702235591,287212,0
45.7539,10,45753597123,287212,0
45.8007,10,45800656049,73000,1
45.801,10,45800729049,287212,0
45.8504,10,45850098169,287212,0
45.9022,10,45901924701,287212,0
45.9514,10,45951150227,287212,0
46.0006,10,46000287347,287212,0
46.0526,10,46052282879,287212,0
46.1017,10,46101435811,287212,0
46.1506,10,46150536337,73000,1
46.1509,10,46150609337,287212,0
46.2003,10,46200057457,287212,0
46.2526,10,46252284395,287212,0
46.3018,10,46301472327,287212,0
46.3513,10,46351045853,287212,0
46.4053,10,46405053391,287212,0
46.4524,10,46452160911,287212,0
46.5016,10,46501285249,287212,0
46.5537,10,46553380187,287212,0
46.6026,10,46602266307,287212,0
46.652,10,46651883457,73000,1
46.6548,10,46654502463,287212,0
46.7037,10,46703396583,287212,0
46.7511,10,46751038103,73000,1
46.7515,10,46751189103,287212,0
46.8008,10,46800493629,287212,0
46.8552,10,46854887167,287212,0
46.9012,10,46901144281,73000,1
46.9013,10,46901217281,73000,1
46.9014,10,46901290281,73000,1
46.9042,10,46903909287,287212,0
46.9512,10,46950897025,287212,0
47.0026,10,47002312151,287212,0
47.0547,10,47054629683,73000,1
47.0548,10,47054709683,73000,1
47.0551,10,47054789683,287212,0
47.1013,10,47101001203,287212,0
47.151,10,47150663729,287212,0
47.2026,10,47202320667,287212,0
47.2522,10,47251883599,287212,0
47.301,10,47300938125,73000,1
47.3064,10,47306087137,287212,0
47.3507,10,47350387057,287212,0
47.4022,10,47401881183,287212,0
47.4518,10,47451688709,73000,1
47.4521,10,47451777709,287212,0
47.5008,10,47500483829,287212,0
47.5507,10,47550385761,287212,0
47.6047,10,47604367299,287212,0
47.6513,10,47651044225,287212,0
47.7029,10,47702591569,287212,0
47.7522,10,47752148095,73000,1
47.7574,10,47757297107,73000,1
47.7602,10,47759916113,287212,0
47.8014,10,47801352433,73000,1
47.8015,10,47801425433,73000,1
47.8018,10,47801514433,287212,0
47.8512,10,47850881771,287212,0
47.9027,10,47902430709,287212,0
47.9548,10,47954500241,287212,0
48.0016,10,48001266355,287212,0
48.0507,10,48050399015,287212,0
48.1025,10,48102260547,287212,0
48.152,10,48151903479,73000,1
48.1523,10,48152054479,287212,0
48.2015,10,48201189411,287212,0
48.2531,10,48253043537,73000,1
48.2535,10,48253176537,287212,0
48.3003,10,48300031463,287212,0
48.3516,10,48351340401,287212,0
48.4015,10,48401190927,287212,0
48.453,10,48452723053,287212,0
48.5027,10,48502411985,287212,0
48.5511,10,48551048511,73000,1
48.5539,10,48553641923,287212,0
48.6034,10,48603278043,73000,1
48.6062,10,48605906049,287212,0
48.6504,10,48650088157,287212,0
48.7003,10,48700030089,287212,0
48.7517,10,48751438621,287212,0
48.8009,10,48800816147,73000,1
48.8037,10,48803426153,287212,0
48.8526,10,48852311679,287212,0
48.9048,10,48904497211,287212,0
48.9536,10,48953300549,287212,0
49.0004,10,49000315881,73000,1
49.0007,10,49000413881,287212,0
49.0524,10,49052302007,73000,1
49.0552,10,49054894013,287212,0
49.102,10,49101891939,73000,1
49.1048,10,49104492945,287212,0
49.1511,10,49150776465,287212,0
49.2007,10,49200634585,73000,1
49.2008,10,49200723585,73000,1
49.2011,10,49200812585,287212,0
49.2525,10,49252234335,287212,0
49.3022,10,49301949267,287212,0
49.351,10,49350717199,287212,0
49.4003,10,49400209537,73000,1
49.4006,10,49400289537,287212,0
49.4519,10,49451777663,73000,1
49.4547,10,49454378669,287212,0
49.5045,10,49504247195,287212,0
49.551,10,49550737309,287212,0
49.603,10,49602752435,287212,0
49.6524,10,49652127773,287212,0
49.7019,10,49701610705,287212,0
49.7513,10,49750976231,287212,0
49.8009,10,49800622163,287212,0
49.8524,10,49852128289,287212,0
49.9016,10,49901551409,73000,1
49.9045,10,49904241415,287212,0
49.9512,10,49950945529,287212,0
50.0014,10,50001115055,287212,0
50.0504,10,50050062987,287212,0
50.1022,10,50101870925,287212,0
50.1516,10,50151317857,287212,0
50.2008,10,50200498977,287212,0
50.2527,10,50252433103,287212,0
50.3019,10,50301605035,287212,0
50.354,10,50353698567,287212,0
50.4003,10,50400044493,287212,0
50.452,10,50451746231,287212,0
50.5013,10,50500998351,287212,0
50.5508,10,50550511283,287212,0
50.602,10,50601908815,73000,1
50.6048,10,50604527821,287212,0
50.6513,10,50651276153,73000,1
50.6542,10,50653877159,287212,0
50.7009,10,50700650679,287212,0
50.7533,10,50752975617,287212,0
50.8025,10,50802163143,287212,0
50.852,10,50851736669,287212,0
50.9012,10,50901149195,73000,1
50.904,10,50903741201,287212,0
50.9512,10,50950926127,287212,0
51.0027,10,51002625065,73000,1
51.003,10,51002698065,287212,0
51.055,10,51054684409,287212,0
51.102,10,51101700523,287212,0
51.1514,10,51151159049,287212,0
51.2028,10,51202521581,287212,0
51.2544,10,51254340707,73000,1
51.257,10,51256950713,73000,1
51.2573,10,51257039713,287212,0
51.3013,10,51301007227,287212,0
51.3507,10,51350625759,73000,1
51.3535,10,51353217765,287212,0
51.4051,10,51405015109,73000,1
51.4055,10,51405184109,287212,0
51.4525,10,51452459035,73000,1
51.4526,10,51452532035,73000,1
51.458,10,51457672047,287212,0
51.5017,10,51501452561,287212,0
51.5538,10,51553538093,287212,0
51.6003,10,51600178207,73000,1
51.6003,10,51600251207,73000,1
51.6006,10,51600324207,287212,0
51.6503,10,51650022733,287212,0
51.7013,10,51701250265,73000,1
51.7016,10,51701339265,287212,0
51.751,10,51750968385,73000,1
51.7511,10,51751041385,73000,1
51.7539,10,51753633391,287212,0
51.8031,10,51802777323,287212,0
51.8502,10,51850078249,73000,1
51.853,10,51852715255,287212,0
51.9042,10,51904139787,73000,1
51.9045,10,51904212787,287212,0
51.9514,10,51951104307,287212,0
52.0026,10,52002322839,287212,0
52.0525,10,52052189177,287212,0
52.1015,10,52101207703,287212,0
52.1505,10,52150217041,287212,0
52.2051,10,52204794985,287212,0
52.2545,10,52254421511,73000,1
52.2548,10,52254510511,287212,0
52.3012,10,52300935843,287212,0
52.3504,10,52350070775,287212,0
52.4024,10,52402145307,287212,0
52.4519,10,52451585427,287212,0
52.5009,10,52500604953,287212,0
52.5504,10,52550117479,287212,0
52.6024,10,52602123823,287212,0
52.6546,10,52654288949,287212,0
52.7013,10,52701010469,287212,0
52.7507,10,52750429995,287212,0
52.8026,10,52802346121,287212,0
52.8515,10,52851230241,287212,0
52.9036,10,52903304991,287212,0
52.9524,10,52952117923,287212,0
53.0023,10,53002055855,287212,0
53.0538,10,53053513199,287212,0
53.1008,10,53100681719,73000,1
53.1036,10,53103282725,287212,0
53.1552,10,53154930257,287212,0
53.2022,10,53201946183,287212,0
53.2509,10,53250873521,73000,1
53.2538,10,53253501527,287212,0
53.3036,10,53303307647,287212,0
53.3526,10,53352325173,287212,0
53.4022,10,53402127917,73000,1
53.4025,10,53402207917,287212,0
53.454,10,53453667261,287212,0
53.5012,10,53500868999,287212,0
53.5525,10,53552380343,73000,1
53.5553,10,53554972349,287212,0
53.6021,10,53601987869,73000,1
53.6074,10,53607127881,287212,0
53.6514,10,53651158395,287212,0
53.7014,10,53701141515,287212,0
53.7503,10,53750054635,287212,0
53.8027,10,53802408167,287212,0
53.8514,10,53851357287,73000,1
53.8515,10,53851430287,73000,1
53.8518,10,53851519287,287212,0
53.9014,10,53901147813,287212,0
53.9552,10,53954878757,287212,0
54.0023,10,54002018495,287212,0
54.0512,10,54050957021,287212,0
54.1007,10,54100387547,287212,0
54.1523,10,54151979297,287212,0
54.2018,10,54201480229,287212,0
54.2511,10,54250794349,287212,0
54.3029,10,54302807287,73000,1
54.303,10,54302923287,73000,1
54.3058,10,54305515293,287212,0
54.3525,10,54352217813,287212,0
54.4019,10,54401576933,287212,0
54.451,10,54450900053,73000,1
54.4513,10,54450973053,287212,0
54.5007,10,54500430579,287212,0
54.5524,10,54552071111,287212,0
54.6018,10,54601510637,287212,0
54.6509,10,54650600381,287212,0
54.7027,10,54702417319,287212,0
54.7519,10,54751787251,73000,1
54.7545,10,54754424257,73000,1
54.7573,10,54757034263,287212,0
54.8041,10,54803819377,287212,0
54.8507,10,54850612897,73000,1
54.8533,10,54853231903,73000,1
54.8561,10,54855823909,287212,0
54.9024,10,54902369023,73000,1
54.9053,10,54904970029,287212,0
54.9522,10,54952125493,73000,1
54.9551,10,54954815499,287212,0
55.0041,10,55003810619,287212,0
55.0511,10,55050845545,287212,0
55.1024,10,55102143483,287212,0
55.1523,10,55151983415,287212,0
55.2038,10,55203550947,287212,0
55.2531,10,55252848879,287212,0
55.3042,10,55304174817,73000,1
55.3046,10,55304272817,287212,0
55.3516,10,55351351743,287212,0
55.403,10,55402677275,287212,0
55.4549,10,55454655213,287212,0
55.5013,10,55500991139,287212,0
55.5511,10,55550804665,287212,0
55.6052,10,55604926609,287212,0
55.6524,10,55652130129,287212,0
55.7015,10,55701255061,287212,0
55.7513,10,55751177181,73000,1
55.7541,10,55753858187,287212,0
55.8003,10,55800025707,287212,0
55.8522,10,55852137645,73000,1
55.8523,10,55852210645,73000,1
55.8549,10,55854838651,73000,1
55.8551,10,55854989651,73000,1
55.8554,10,55855105651,287212,0
55.9022,10,55901952171,287212,0
55.9522,10,55951944509,287212,0
56.0014,10,56001124629,287212,0
56.0511,10,56050831561,287212,0
56.1052,10,56104948317,287212,0
56.1524,10,56152071243,287212,0
56.2038,10,56203495775,287212,0
56.2506,10,56250549107,73000,1
56.2533,10,56253239113,73000,1
56.2559,10,56255849119,73000,1
56.2562,10,56255929119,287212,0
56.3003,10,56300058633,287212,0
56.3549,10,56354574983,287212,0
56.4014,10,56401135503,287212,0
56.4504,10,56450110435,287212,0
56.5049,10,56504564379,287212,0
56.554,10,56553699905,287212,0
56.6006,10,56600278237,287212,0
56.6503,10,56650002763,287212,0
56.7018,10,56701560701,287212,0
56.7509,10,56750607227,287212,0
56.8003,10,56800000753,287212,0
56.8548,10,56854508291,287212,0
56.9012,10,56901175811,73000,1
56.9038,10,56903776817,73000,1
56.9039,10,56903849817,73000,1
56.9067,10,56906459823,287212,0
56.9507,10,56950605149,73000,1
56.951,10,56950747149,287212,0
57.0005,10,57000457111,73000,1
57.0009,10,57000608111,287212,0
57.0527,10,57052444049,287212,0
57.1025,10,57102241575,287212,0
57.1513,10,57150991913,287212,0
57.2032,10,57202888663,287212,0
57.252,10,57251755595,287212,0
57.3019,10,57301650121,287212,0
57.3511,10,57350821647,287212,0
57.4008,10,57400474985,287212,0
57.4549,10,57454813117,73000,1
57.4552,10,57454886117,287212,0
57.5021,10,57501768637,287212,0
57.554,10,57553667169,287212,0
57.6007,10,57600462095,287212,0
57.6527,10,57652412627,287212,0
57.7051,10,57704775159,287212,0
57.7514,10,57751131273,287212,0
57.8008,10,57800713799,73000,1
57.8035,10,57803394805,73000,1
57.8038,10,57803467805,287212,0
57.8505,10,57850215919,287212,0
57.9003,10,57900011851,287212,0
57.952,10,57951704383,287212,0
58.0014,10,58001108315,287212,0
58.0504,10,58050305841,73000,1
58.053,10,58052915847,73000,1
58.0558,10,58055543853,287212,0
58.1003,10,58100244961,73000,1
58.1004,10,58100317961,73000,1
58.1007,10,58100397961,287212,0
58.1521,10,58152029493,73000,1
58.1524,10,58152118493,287212,0
58.2022,10,58201907019,287212,0
58.2533,10,58253044957,287212,0
58.303,10,58302735483,287212,0
58.3545,10,58354401609,73000,1
58.3548,10,58354474609,287212,0
58.4043,10,58404021135,287212,0
58.4508,10,58450474655,287212,0
58.5004,10,58500081399,287212,0
58.5522,10,58552078931,73000,1
58.56,10,58559739949,287212,0
58.6015,10,58601213863,287212,0
58.6532,10,58652923395,287212,0
58.7028,10,58702512327,287212,0
58.7522,10,58751951447,287212,0
58.8012,10,58801077379,73000,1
58.8014,10,58801157379,287212,0
58.8533,10,58853028129,287212,0
58.9025,10,58902181655,287212,0
58.9519,10,58951873181,73000,1
58.9522,10,58951946181,287212,0
59.0011,10,59000859301,287212,0
59.0505,10,59050199499,287212,0
59.105,10,59104734849,287212,0
59.1516,10,59151491369,73000,1
59.1544,10,59154128375,287212,0
59.201,10,59200696895,287212,0
59.2502,10,59250090827,73000,1
59.2531,10,59252780833,287212,0
59.3025,10,59302212953,287212,0
59.3518,10,59351561103,287212,0
59.4009,10,59400642629,287212,0
59.4533,10,59452969973,287212,0
59.5022,10,59502103499,73000,1
59.5022,10,59502176499,73000,1
59.5051,10,59504848505,287212,0
59.552,10,59551715025,287212,0
59.6034,10,59603127963,287212,0
59.6528,10,59652486895,287212,0
59.7017,10,59701400015,287212,0
59.7511,10,59750848541,287212,0
59.8026,10,59802309073,287212,0
59.8546,10,59854349011,287212,0
59.9036,10,59903263131,287212,0
59.9504,10,59950334057,73000,1
59.9558,10,59955483069,287212,0
60.0048,10,60004510595,287212,0
60.0518,10,60051537709,287212,0
60.1008,10,60100493829,287212,0
60.1503,10,60150006355,287212,0
60.2019,10,60201563887,287212,0
60.2512,10,60251126819,73000,1
60.2514,10,60251295819,73000,1
60.2517,10,60251368819,287212,0
60.3035,10,60303177945,287212,0
60.3532,10,60352877471,287212,0
60.4021,10,60401788809,287212,0
60.4516,10,60451308147,287212,0
60.5008,10,60500515267,287212,0
60.5503,10,60550186793,73000,1
60.5504,10,60550337793,73000,1
60.5507,10,60550410793,287212,0
60.6022,10,60601941919,287212,0
60.6518,10,60651531257,287212,0
60.7005,10,60700409377,73000,1
60.7033,10,60703046383,287212,0
60.7525,10,60752183315,287212,0
60.8016,10,60801575653,73000,1
60.8019,10,60801648653,287212,0
60.854,10,60853716997,287212,0
60.9008,10,60900520111,287212,0
60.9552,10,60954876461,287212,0
61.0018,10,61001472981,287212,0
61.0509,10,61050607913,287212,0
61.105,10,61104723451,287212,0
61.1543,10,61153992977,287212,0
61.2008,10,61200517497,287212,0
61.2522,10,61251913435,287212,0
61.3021,10,61301860773,287212,0
61.3509,10,61350816893,73000,1
61.3537,10,61353408899,287212,0
61.4007,10,61400380231,287212,0
61.4521,10,61452062763,73000,1
61.455,10,61454752769,287212,0
61.5023,10,61501964101,287212,0
61.5511,10,61550860033,287212,0
61.6003,10,61600014559,287212,0
61.6521,10,61651803497,287212,0
61.7015,10,61701215429,287212,0
61.7503,10,61750216955,73000,1
61.7557,10,61755365967,287212,0
61.8003,10,61800006487,287212,0
61.852,10,61851715019,287212,0
61.9016,10,61901277357,287212,0
61.9507,10,61950591289,73000,1
61.9535,10,61953201295,287212,0
62.0003,10,62000050881,287212,0
62.0521,10,62051842007,287212,0
62.1018,10,62101502939,287212,0
62.1508,10,62150683465,73000,1
62.1561,10,62155814477,287212,0
62.2051,10,62205013003,73000,1
62.2052,10,62205086003,73000,1
62.2106,10,62210288015,287212,0
62.2517,10,62251618523,73000,1
62.2518,10,62251691523,73000,1
62.2571,10,62256813535,287212,0
62.3016,10,62301335861,287212,0
62.3504,10,62350338387,73000,1
62.3532,10,62352957393,287212,0
62.4004,10,62400107913,287212,0
62.4522,10,62451870445,287212,0
62.5015,10,62501452971,73000,1
62.5018,10,62501525971,287212,0
62.5507,10,62550597715,73000,1
62.5508,10,62550713715,73000,1
62.5509,10,62550786715,73000,1
62.5512,10,62550866715,287212,0
62.6011,10,62601055241,73000,1
62.6012,10,62601128241,73000,1
62.6015,10,62601201241,287212,0
62.6528,10,62652483367,287212,0
62.7023,10,62702029487,287212,0
62.7515,10,62751181825,287212,0
62.8007,10,62800389351,287212,0
62.8551,10,62854827483,287212,0
62.9017,10,62901450409,287212,0
62.9508,10,62950745935,73000,1
62.9534,10,62953355941,73000,1
62.9537,10,62953428941,287212,0
63.0028,10,63002485873,287212,0
63.0548,10,63054515523,287212,0
63.1014,10,63101326449,73000,1
63.1018,10,63101468449,287212,0
63.151,10,63150746975,287212,0
63.2024,10,63202313913,73000,1
63.2025,10,63202411913,73000,1
63.2053,10,63205012919,287212,0
63.252,10,63251736033,287212,0
63.3011,10,63300854153,287212,0
63.3509,10,63350582085,287212,0
63.4056,10,63405358217,287212,0
63.4521,10,63452027737,73000,1
63.4524,10,63452100737,287212,0
63.5011,10,63501058857,73000,1
63.5038,10,63503686863,73000,1
63.5041,10,63503775863,287212,0
63.5538,10,63553554795,287212,0
63.6002,10,63600142909,73000,1
63.603,10,63602752915,287212,0
63.6503,10,63650012029,287212,0
63.7015,10,63701194967,287212,0
63.7509,10,63750856711,73000,1
63.7538,10,63753484717,287212,0
63.8003,10,63800001831,287212,0
63.8524,10,63852131769,287212,0
63.9017,10,63901382889,287212,0
63.9511,10,63950991227,73000,1
63.9565,10,63956184239,287212,0
64.0003,10,64000009753,287212,0
64.0522,10,64052111909,73000,1
64.0575,10,64057251327,287212,0
64.1013,10,64100979435,287212,0
64.1506,10,64150355179,287212,0
64.2022,10,64201948711,287212,0
64.2517,10,64251414643,287212,0
64.3007,10,64300440981,287212,0
64.3505,10,64350208725,287212,0
64.4018,10,64401491069,287212,0
64.4538,10,64453558007,287212,0
64.5005,10,64500169933,287212,0
64.5549,10,64554651689,287212,0
64.6042,10,64603883621,287212,0
64.6537,10,64653367741,287212,0
64.7004,10,64700371667,73000,1
64.7033,10,64702990673,287212,0
64.7526,10,64752287605,287212,0
64.8017,10,64801423725,287212,0
64.8512,10,64850881251,287212,0
64.9004,10,64900319371,73000,1
64.9007,10,64900392371,287212,0
64.9526,10,64952281309,287212,0
65.0015,10,65001183241,287212,0
65.0533,10,65053015991,287212,0
65.1028,10,65102464117,287212,0
65.1519,10,65151590049,287212,0
65.2036,10,65203292175,287212,0
65.2551,10,65255019113,73000,1
65.2605,10,65260471531,73000,1
65.2684,10,65268123549,287212,0
65.3021,10,65301808445,287212,0
65.3543,10,65354004571,287212,0
65.4037,10,65403417691,287212,0
65.4503,10,65450003805,287212,0
65.5049,10,65504636123,287212,0
65.5542,10,65553878649,287212,0
65.601,10,65600965387,73000,1
65.6065,10,65606167399,287212,0
65.6527,10,65652460513,287212,0
65.7024,10,65702312039,73000,1
65.7027,10,65702392039,287212,0
65.7546,10,65754264165,287212,0
65.8017,10,65801407091,287212,0
65.8508,10,65850498617,287212,0
65.9027,10,65902662367,73000,1
65.9031,10,65902769367,287212,0
65.9519,10,65951636299,287212,0
66.0018,10,66001495825,287212,0
66.0509,10,66050639351,287212,0
66.1007,10,66100425689,287212,0
66.1521,10,66151787033,287212,0
66.2018,10,66201555371,287212,0
66.2507,10,66250441491,287212,0
66.3006,10,66300271829,287212,0
66.352,10,66351730955,287212,0
66.402,10,66401964887,73000,1
66.4048,10,66404556893,287212,0
66.4511,10,66451001413,73000,1
66.454,10,66453682419,287212,0
66.5011,10,66501002939,73000,1
66.5014,10,66501075939,287212,0
66.5505,10,66550210871,287212,0
66.6027,10,66602420997,287212,0
66.6518,10,66651465929,287212,0
66.7015,10,66701216861,287212,0
66.7501,10,66750005387,73000,1
66.7528,10,66752695393,73000,1
66.7531,10,66752768393,287212,0
66.8025,10,66802457325,73000,1
66.8028,10,66802555325,287212,0
66.8519,10,66851628445,287212,0
66.9012,10,66901122565,73000,1
66.9013,10,66901195565,73000,1
66.9042,10,66903867571,287212,0
66.9506,10,66950277685,287212,0
67.0004,10,67000155023,287212,0
67.0518,10,67051553149,287212,0
67.1008,10,67100760675,73000,1
67.1063,10,67106204687,73000,1
67.1066,10,67106277687,287212,0
67.1526,10,67152266613,287212,0
67.2023,10,67202009545,287212,0
67.2519,10,67251645071,287212,0
67.3013,10,67301031597,287212,0
67.3531,10,67352818753,287212,0
67.4024,10,67402096873,287212,0
67.4519,10,67451650805,287212,0
67.5009,10,67500619925,287212,0
67.5531,10,67552830863,287212,0
67.6019,10,67601608983,287212,0
67.6513,10,67651056321,287212,0
67.7052,10,67704877265,287212,0
67.7548,10,67754465311,287212,0
67.8012,10,67800865425,287212,0
67.8507,10,67850411357,287212,0
67.9048,10,67904543895,287212,0
67.9518,10,67951730421,73000,1
67.9546,10,67954331427,287212,0
68.0034,10,68003091953,287212,0
68.0526,10,68052263291,287212,0
68.1014,10,68101094223,287212,0
68.1534,10,68153136349,287212,0
68.2024,10,68202155469,287212,0
68.252,10,68251748401,287212,0
68.3008,10,68300525927,287212,0
68.3504,10,68350107671,287212,0
68.4019,10,68401647203,287212,0
68.4513,10,68451219729,73000,1
68.4514,10,68451292729,73000,1
68.4517,10,68451461729,287212,0
68.5035,10,68503171073,287212,0
68.5532,10,68552913005,287212,0
68.6024,10,68602109125,287212,0
68.6522,10,68651950057,287212,0
68.7011,10,68700816583,287212,0
68.7537,10,68753391521,287212,0
68.8025,10,68802383641,73000,1
68.8027,10,68802456641,287212,0
68.8524,10,68852326167,73000,1
68.8578,10,68857528179,287212,0
68.9014,10,68901299099,73000,1
68.9067,10,68906447517,287212,0
68.9538,10,68953463849,287212,0
69.0028,10,69002517375,287212,0
69.0523,10,69052177525,73000,1
69.0523,10,69052250525,73000,1
69.0524,10,69052323525,73000,1
69.0578,10,69057463537,287212,0
69.1042,10,69103871651,287212,0
69.1516,10,69151556577,73000,1
69.152,10,69151734577,287212,0
69.2037,10,69203443703,287212,0
69.2508,10,69250746223,73000,1
69.2539,10,69253659635,287212,0
69.3026,10,69302482755,73000,1
69.308,10,69307675767,287212,0
69.352,10,69351698281,287212,0
69.404,10,69403685219,287212,0
69.4506,10,69450568333,73000,1
69.456,10,69455699345,287212,0
69.5025,10,69502206865,287212,0
69.552,10,69551677421,287212,0
69.6012,10,69600882165,287212,0
69.6502,10,69650123097,73000,1
69.6533,10,69653028103,287212,0
69.7025,10,69702226035,287212,0
69.7541,10,69753766973,287212,0
69.8014,10,69801094699,287212,0
69.8503,10,69850033819,287212,0
69.9003,10,69900021081,287212,0
69.9521,10,69951788207,287212,0
70.0016,10,70001307733,287212,0
70.0504,10,70050103259,287212,0
70.1029,10,70102616009,287212,0
70.1521,10,70151802347,287212,0
70.2021,10,70201823279,287212,0
70.2513,10,70251022805,287212,0
70.301,10,70300694737,287212,0
70.3526,10,70352299863,287212,0
70.4019,10,70401658201,287212,0
70.4508,10,70450534727,287212,0
70.5031,10,70502827853,287212,0
70.5521,10,70551775973,287212,0
70.6014,10,70601277311,73000,1
70.6043,10,70603967317,287212,0
70.6509,10,70650608837,287212,0
70.7003,10,70700200769,73000,1
70.7056,10,70705349781,287212,0
70.7546,10,70754271901,287212,0
70.8015,10,70801396421,73000,1
70.8041,10,70804006427,73000,1
70.8069,10,70806625433,287212,0
70.8505,10,70850460947,73000,1
70.8534,10,70853079953,287212,0
70.9027,10,70902367291,287212,0
70.9513,10,70951270411,73000,1
70.9542,10,70953889417,287212,0
71.0014,10,71001119343,287212,0
71.0503,10,71050056869,287212,0
71.1025,10,71102418807,73000,1
71.1028,10,71102491807,287212,0
71.1523,10,71152027927,287212,0
71.2043,10,71204061459,287212,0
71.2507,10,71250452573,287212,0
71.3007,10,71300399911,287212,0
71.3518,10,71351744443,73000,1
71.3546,10,71354354449,287212,0
71.4041,10,71403989381,73000,1
71.4069,10,71406581387,287212,0
71.4507,10,71450620495,73000,1
71.451,10,71450693495,287212,0
71.5026,10,71502540839,73000,1
71.5029,10,71502613839,287212,0
71.5526,10,71552302771,287212,0
71.6041,10,71603842521,287212,0
71.6509,10,71650565635,287212,0
71.7025,10,71702418761,73000,1
71.7028,10,71702491761,287212,0
71.752,10,71751752881,287212,0
71.8005,10,71800468407,73000,1
71.8062,10,71805929825,287212,0
71.8504,10,71850156339,287212,0
71.9019,10,71901846871,73000,1
71.9022,10,71901926871,287212,0
71.9518,10,71951511397,287212,0
72.001,10,72000948923,73000,1
72.0039,10,72003567929,287212,0
72.0509,10,72050654261,287212,0
72.1025,10,72102224605,287212,0
72.1525,10,72152262131,287212,0
72.2015,10,72201388251,73000,1
72.2068,10,72206528263,287212,0
72.2513,10,72251050777,287212,0
72.3008,10,72300561303,287212,0
72.3527,10,72352451835,287212,0
72.4041,10,72403794179,287212,0
72.451,10,72450669105,287212,0
72.5024,10,72502084637,287212,0
72.5523,10,72552032163,287212,0
72.6015,10,72601257283,287212,0
72.6509,10,72650618215,287212,0
72.7023,10,72701971153,287212,0
72.7545,10,72754216497,287212,0
72.8009,10,72800572611,287212,0
72.8504,10,72850084137,287212,0
72.9017,10,72901642075,73000,1
72.902,10,72901722075,287212,0
72.9514,10,72951109195,287212,0
73.0004,10,73000119721,287212,0
73.0523,10,73052241253,73000,1
73.0549,10,73054851259,73000,1
73.0577,10,73057461265,287212,0
73.1042,10,73103952379,287212,0
73.1514,10,73151068899,287212,0
73.2051,10,73204862437,287212,0
73.2521,10,73251797769,287212,0
73.3012,10,73300933889,287212,0
73.3532,10,73352910639,287212,0
73.4044,10,73404120765,287212,0
73.4514,10,73451082503,287212,0
73.5003,10,73500000841,287212,0
73.552,10,73551666185,287212,0
73.6012,10,73600953117,287212,0
73.6506,10,73650356643,287212,0
73.7003,10,73700056169,287212,0
73.7521,10,73751794701,287212,0
73.8014,10,73801136227,287212,0
73.853,10,73852944759,73000,1
73.8533,10,73853017759,287212,0
73.9028,10,73902520285,287212,0
73.9516,10,73951307811,287212,0
74.0013,10,74001006743,287212,0
74.0505,10,74050418863,73000,1
74.0506,10,74050507863,73000,1
74.0509,10,74050580863,287212,0
74.1031,10,74102818395,287212,0
74.1521,10,74151801921,287212,0
74.2039,10,74203592453,287212,0
74.2552,10,74254898203,287212,0
74.3018,10,74301682347,73000,1
74.3018,10,74301762347,73000,1
74.3072,10,74306911359,287212,0
74.351,10,74350709873,287212,0
74.4031,10,74402766217,287212,0
74.4542,10,74454170561,73000,1
74.4596,10,74459310573,287212,0
74.5015,10,74501231893,287212,0
74.551,10,74550956419,73000,1
74.5538,10,74553548425,287212,0
74.6008,10,74600552081,287212,0
74.655,10,74654712213,287212,0
74.7023,10,74702253139,73000,1
74.7026,10,74702326139,287212,0
74.7515,10,74751406071,73000,1
74.7516,10,74751495071,73000,1
74.7567,10,74756644083,73000,1
74.757,10,74756751083,287212,0
74.8012,10,74800925597,287212,0
74.8527,10,74852404941,287212,0
74.9003,10,74900000273,287212,0
74.9516,10,74951326211,287212,0
75.0012,10,75000865331,287212,0
75.0501,10,75050008857,73000,1
75.0504,10,75050081857,287212,0
75.1025,10,75102382389,73000,1
75.1028,10,75102551389,287212,0
75.1517,10,75151411509,287212,0
75.2013,10,75201262441,73000,1
75.2042,10,75203872447,287212,0
75.2505,10,75250236967,287212,0
75.3026,10,75302321123,287212,0
75.3541,10,75353844249,287212,0
75.4008,10,75400700769,73000,1
75.4034,10,75403319775,73000,1
75.4038,10,75403488775,287212,0
75.4551,10,75454858713,287212,0
75.5019,10,75501615045,287212,0
75.5511,10,75550992165,73000,1
75.554,10,75553682171,287212,0
75.6008,10,75600520285,287212,0
75.6525,10,75652408411,73000,1
75.6553,10,75655036417,287212,0
75.7048,10,75704762537,73000,1
75.7077,10,75707443543,287212,0
75.7515,10,75751197651,287212,0
75.8008,10,75800550177,287212,0
75.8506,10,75850265109,287212,0
75.905,10,75904729241,287212,0
75.9522,10,75951877573,287212,0
76.0014,10,76001100129,287212,0
76.0508,10,76050539061,287212,0
76.1022,10,76101874593,287212,0
76.1516,10,76151358931,287212,0
76.2009,10,76200593051,287212,0
76.2503,10,76250221577,73000,1
76.2531,10,76252831583,287212,0
76.3017,10,76301661921,73000,1
76.3071,10,76306801933,287212,0
76.3516,10,76351493259,73000,1
76.3519,10,76351566259,287212,0
76.4006,10,76400326191,287212,0
76.4527,10,76452402129,287212,0
76.5013,10,76501019655,287212,0
76.5507,10,76550368399,287212,0
76.6022,10,76601890931,287212,0
76.6518,10,76651543269,287212,0
76.7006,10,76700481795,73000,1
76.7008,10,76700554795,287212,0
76.7502,10,76750172869,73000,1
76.7556,10,76755321881,287212,0
76.8024,10,76802149995,287212,0
76.8517,10,76851614927,73000,1
76.8543,10,76854242933,73000,1
76.8571,10,76856843939,287212,0
76.9036,10,76903314459,287212,0
76.9532,10,76952937075,287212,0
77.002,10,77001749413,287212,0
77.0518,10,77051483939,287212,0
77.1003,10,77100200059,73000,1
77.1031,10,77102837065,287212,0
77.1524,10,77152071591,287212,0
77.2012,10,77200894929,287212,0
77.2509,10,77250565861,287212,0
77.3018,10,77301713393,73000,1
77.3021,10,77301786393,287212,0
77.352,10,77351735325,287212,0
77.401,10,77400881445,73000,1
77.4038,10,77403473451,287212,0
77.4536,10,77453342571,287212,0
77.503,10,77502682691,287212,0
77.5526,10,77552275217,287212,0
77.6043,10,77603975343,287212,0
77.6512,10,77650876863,287212,0
77.7002,10,77700101795,73000,1
77.7028,10,77702702801,73000,1
77.7081,10,77707842813,287212,0
77.7503,10,77750022133,287212,0
77.8019,10,77801589071,287212,0
77.8513,10,77850982409,287212,0
77.9004,10,77900093529,287212,0
77.9522,10,77951885655,287212,0
78.0043,10,78004050187,287212,0
78.051,10,78050674301,287212,0
78.1026,10,78102320645,287212,0
78.1521,10,78151796577,287212,0
78.2014,10,78201145509,287212,0
78.2505,10,78250183629,287212,0
78.3025,10,78302456567,73000,1
78.3053,10,78305048573,287212,0
78.3517,10,78351385093,287212,0
78.4011,10,78400859025,287212,0
78.4525,10,78452245963,287212,0
78.5024,10,78502111707,287212,0
78.5542,10,78553903239,287212,0
78.6014,10,78601142481,287212,0
78.6507,10,78650390225,287212,0
78.7003,10,78700257563,73000,1
78.7006,10,78700330563,287212,0
78.7548,10,78754471507,287212,0
78.8017,10,78801392899,287212,0
78.8506,10,78850349425,287212,0
78.9031,10,78902844363,287212,0
78.9548,10,78954474489,287212,0
79.0043,10,79004201015,73000,1
79.0046,10,79004343015,287212,0
79.0535,10,79053218947,287212,0
79.1005,10,79100215451,287212,0
79.1522,10,79151863983,287212,0
79.2041,10,79204057515,73000,1
79.2069,10,79206658521,287212,0
79.251,10,79250671629,287212,0
79.3003,10,79300059155,287212,0
79.3549,10,79354600693,287212,0
79.4022,10,79402154213,73000,1
79.4101,10,79409815231,287212,0
79.4513,10,79450967739,287212,0
79.5009,10,79500790671,73000,1
79.5012,10,79500863671,287212,0
79.5524,10,79552162015,287212,0
79.6019,10,79601868353,73000,1
79.6022,10,79601941353,287212,0
79.6511,10,79650799285,287212,0
79.7006,10,79700558623,73000,1
79.7009,10,79700638623,287212,0
79.7524,10,79752091155,287212,0
79.8046,10,79804356099,287212,0
79.8507,10,79850460619,287212,0
79.9033,10,79903016369,287212,0
79.9523,10,79952061301,287212,0
80.0017,10,80001365827,287212,0
80.0536,10,80053263359,287212,0
80.1005,10,80100163473,287212,0
80.1549,10,80154644011,287212,0
80.202,10,80201676749,287212,0
80.2514,10,80251072869,287212,0
80.3007,10,80300377989,287212,0
80.3503,10,80350006515,287212,0
80.4046,10,80404344053,287212,0
80.4538,10,80453496391,287212,0
80.5025,10,80502258323,287212,0
80.5521,10,80551769255,287212,0
80.6014,10,80601152781,287212,0
80.651,10,80650663119,287212,0
80.7024,10,80702122651,287212,0
80.752,10,80751695395,287212,0
80.8009,10,80800616515,287212,0
80.8532,10,80852869265,287212,0
80.902,10,80901719385,287212,0
80.9514,10,80951104063,287212,0
81.0005,10,81000179589,287212,0
81.0503,10,81050003709,287212,0
81.1045,10,81104207247,287212,0
81.1518,10,81151482579,287212,0
81.2006,10,81200280699,287212,0
81.2526,10,81252327855,287212,0
81.3016,10,81301337975,287212,0
81.3511,10,81350768907,287212,0
81.4026,10,81402348033,287212,0
81.452,10,81451902965,73000,1
81.4548,10,81454494971,287212,0
81.5038,10,81503529309,287212,0
81.5532,10,81552924841,287212,0
81.6026,10,81602329961,287212,0
81.6546,10,81654325899,287212,0
81.7009,10,81700573419,287212,0
81.7506,10,81750358163,287212,0
81.805,10,81804687295,287212,0
81.8521,10,81851767815,287212,0
81.9032,10,81903129347,73000,1
81.9033,10,81903202347,73000,1
81.9061,10,81905803353,287212,0
81.9507,10,81950620679,73000,1
81.9536,10,81953301685,287212,0
82.0026,10,82002312805,287212,0
82.0519,10,82051636331,287212,0
82.1009,10,82100834263,73000,1
82.1035,10,82103471269,73000,1
82.109,10,82108673281,287212,0
82.153,10,82152758201,287212,0
82.2024,10,82202107727,287212,0
82.2512,10,82251090065,73000,1
82.2515,10,82251232065,287212,0
82.3006,10,82300357997,287212,0
82.3526,10,82352335935,287212,0
82.4017,10,82401389679,287212,0
82.4508,10,82450471611,287212,0
82.5005,10,82500254093,287212,0
82.5522,10,82551894031,287212,0
82.6019,10,82601609557,287212,0
82.6511,10,82650842677,287212,0
82.7006,10,82700566609,73000,1
82.7009,10,82700639609,287212,0
82.7526,10,82752509547,73000,1
82.7527,10,82752582547,73000,1
82.753,10,82752715547,287212,0
82.8027,10,82802377479,287212,0
82.8516,10,82851318599,287212,0
82.9014,10,82901105125,287212,0
82.955,10,82954917257,73000,1
82.9553,10,82954990257,287212,0
83.0022,10,83002149183,73000,1
83.0076,10,83007271195,287212,0
83.0517,10,83051399709,287212,0
83.1012,10,83100902235,287212,0
83.1503,10,83150027761,287212,0
83.2024,10,83202328293,73000,1
83.2052,10,83204938299,287212,0
83.2518,10,83251472413,287212,0
83.3014,10,83301152939,287212,0
83.3506,10,83350289059,287212,0
83.4028,10,83402489997,287212,0
83.4517,10,83451384117,287212,0
83.504,10,83503675649,287212,0
83.5508,10,83550547169,287212,0
83.6003,10,83600014695,287212,0
83.6518,10,83651466227,287212,0
83.7013,10,83701005347,287212,0
83.7525,10,83752252473,287212,0
83.8021,10,83801797217,287212,0
83.8515,10,83851251743,287212,0
83.9009,10,83900645081,287212,0
83.9523,10,83952024613,287212,0
84.0018,10,84001471357,287212,0
84.0503,10,84050267289,73000,1
84.0504,10,84050340289,73000,1
84.0507,10,84050429289,287212,0
84.1052,10,84104948421,287212,0
84.1518,10,84151678535,73000,1
84.1518,10,84151767535,73000,1
84.1545,10,84154377541,73000,1
84.1598,10,84159526553,287212,0
84.2013,10,84201251061,73000,1
84.2045,10,84204183067,287212,0
84.2507,10,84250415587,287212,0
84.3025,10,84302260525,287212,0
84.3521,10,84351839051,287212,0
84.4041,10,84403862583,287212,0
84.4509,10,84450797509,73000,1
84.451,10,84450904509,73000,1
84.4563,10,84456053521,287212,0
84.5025,10,84502462447,73000,1
84.5053,10,84505054453,287212,0
84.5524,10,84552348567,73000,1
84.5553,10,84554967573,287212,0
84.6015,10,84601233499,287212,0
84.6512,10,84650930837,287212,0
84.7003,10,84700030363,287212,0
84.7525,10,84752224895,287212,0
84.8014,10,84801130015,287212,0
84.851,10,84850667953,287212,0
84.9025,10,84902198485,287212,0
84.9518,10,84951539417,287212,0
85.0006,10,85000362537,287212,0
85.0504,10,85050121875,287212,0
85.1043,10,85104032007,287212,0
85.1512,10,85151085121,73000,1
85.154,10,85153722127,287212,0
85.2006,10,85200292647,287212,0
85.2552,10,85254953591,287212,0
85.304,10,85303713117,287212,0
85.3533,10,85353055237,287212,0
85.4026,10,85402280357,287212,0
85.4525,10,85452443477,73000,1
85.4528,10,85452516477,287212,0
85.5043,10,85503978603,287212,0
85.5534,10,85553302535,73000,1
85.5562,10,85555930541,287212,0
85.6026,10,85602268655,287212,0
85.6548,10,85654515069,287212,0
85.7011,10,85700852589,287212,0
85.7508,10,85750731709,73000,1
85.7509,10,85750804709,73000,1
85.7562,10,85755926721,287212,0
85.8026,10,85802317835,287212,0
85.8521,10,85851783767,287212,0
85.9012,10,85900952105,287212,0
85.9508,10,85950748037,73000,1
85.9536,10,85953340043,287212,0
86.0026,10,86002322163,287212,0
86.0522,10,86051940095,287212,0
86.1014,10,86101084215,287212,0
86.1507,10,86150407147,287212,0
86.2021,10,86202035679,73000,1
86.2049,10,86204654685,287212,0
86.2519,10,86251609611,287212,0
86.3008,10,86300744137,73000,1
86.3011,10,86300817137,287212,0
86.3509,10,86350587257,287212,0
86.4023,10,86402252789,73000,1
86.4052,10,86404862795,287212,0
86.452,10,86451716721,287212,0
86.5016,10,86501342247,287212,0
86.5509,10,86550833773,73000,1
86.5512,10,86550949773,287212,0
86.6003,10,86600219299,73000,1
86.6006,10,86600361299,287212,0
86.6528,10,86652551237,287212,0
86.7022,10,86701917763,287212,0
86.7514,10,86751097883,287212,0
86.8007,10,86800393815,287212,0
86.8524,10,86852362941,73000,1
86.8525,10,86852435941,73000,1
86.8529,10,86852613941,287212,0
86.9023,10,86901999873,287212,0
86.9514,10,86951151211,287212,0
87.0008,10,87000707143,73000,1
87.0036,10,87003326149,287212,0
87.0524,10,87052337675,73000,1
87.0527,10,87052453675,287212,0
87.1024,10,87102152795,287212,0
87.151,10,87150897321,73000,1
87.1513,10,87150970321,287212,0
87.204,10,87203732859,287212,0
87.2505,10,87250211973,287212,0
87.3049,10,87304595135,287212,0
87.351,10,87350968249,73000,1
87.3538,10,87353561661,287212,0
87.4031,10,87402767999,287212,0
87.4517,10,87451616525,73000,1
87.4518,10,87451696525,73000,1
87.4521,10,87451769525,287212,0
87.5018,10,87501467051,287212,0
87.5537,10,87553415989,287212,0
87.6006,10,87600541103,73000,1
87.6035,10,87603178109,287212,0
87.6524,10,87652089041,287212,0
87.7017,10,87701660785,73000,1
87.7046,10,87704270791,287212,0
87.751,10,87750723905,287212,0
87.8032,10,87803094843,73000,1
87.8035,10,87803245843,287212,0
87.8524,10,87852282775,73000,1
87.8526,10,87852362775,287212,0
87.9023,10,87902000301,287212,0
87.9539,10,87953586427,287212,0
88.0011,10,88000771759,287212,0
88.0526,10,88052321885,287212,0
88.102,10,88101681411,287212,0
88.1508,10,88150539343,287212,0
88.2001,10,88200005275,73000,1
88.2028,10,88202679281,73000,1
88.2028,10,88202759281,73000,1
88.2032,10,88202901281,287212,0
88.2525,10,88252171807,287212,0
88.3025,10,88302257739,287212,0
88.3513,10,88350983859,287212,0
88.404,10,88403755609,287212,0
88.4502,10,88450113723,73000,1
88.453,10,88452732729,287212,0
88.5023,10,88501968849,287212,0
88.5512,10,88551087375,73000,1
88.5515,10,88551185375,287212,0
88.6033,10,88603002313,287212,0
88.6503,10,88650001427,287212,0
88.7044,10,88704099965,287212,0
88.7512,10,88750938485,287212,0
88.8031,10,88802811017,287212,0
88.8526,10,88852324137,287212,0
88.9018,10,88901469257,287212,0
88.9513,10,88951044783,287212,0
89.0028,10,89002470315,287212,0
89.0524,10,89052114653,287212,0
89.1015,10,89101232585,287212,0
89.1535,10,89153166523,287212,0
89.2022,10,89201936049,287212,0
89.2517,10,89251420981,287212,0
89.3008,10,89300467101,287212,0
89.3525,10,89352222633,287212,0
89.4012,10,89400912753,287212,0
89.4534,10,89453150285,287212,0
89.5027,10,89502453811,287212,0
89.5527,10,89552366743,287212,0
89.602,10,89601671675,287212,0
89.6514,10,89651325201,73000,1
89.6517,10,89651398201,287212,0
89.701,10,89700693727,287212,0
89.7508,10,89750463877,287212,0
89.8023,10,89801978003,287212,0
89.8517,10,89851372935,287212,0
89.9008,10,89900740055,73000,1
89.9011,10,89900856055,287212,0
89.9507,10,89950365987,287212,0
90.0021,10,90002001925,73000,1
90.0049,10,90004593931,287212,0
90.0521,10,90051858263,287212,0
90.101,10,90100915383,73000,1
90.1038,10,90103516389,287212,0
90.1511,10,90150782909,287212,0
90.2025,10,90202254035,287212,0
90.2522,10,90251942967,287212,0
90.301,10,90300757493,287212,0
90.3508,10,90350555019,287212,0
90.4025,10,90402194145,287212,0
90.452,10,90451900077,73000,1
90.4523,10,90451973077,287212,0
90.5037,10,90503391609,287212,0
90.5506,10,90550282723,287212,0
90.6021,10,90602019255,73000,1
90.6023,10,90602232255,73000,1
90.6049,10,90604844261,73000,1
90.6103,10,90609993273,287212,0
90.6516,10,90651547187,73000,1
90.652,10,90651689187,287212,0
90.7013,10,90700967119,287212,0
90.7506,10,90750273645,287212,0
90.8019,10,90801785989,73000,1
90.8047,10,90804404995,287212,0
90.851,10,90850902921,73000,1
90.8563,10,90856051933,287212,0
90.9003,10,90900002447,287212,0
90.9522,10,90951953385,287212,0
91.0021,10,91001839911,287212,0
91.0508,10,91050555437,287212,0
91.1008,10,91100546369,287212,0
91.1526,10,91152263713,287212,0
91.2023,10,91201980239,287212,0
91.2512,10,91250945765,287212,0
91.301,10,91300670697,287212,0
91.3522,10,91351934229,287212,0
91.4041,10,91403994761,73000,1
91.4044,10,91404074761,287212,0
91.4508,10,91450475875,287212,0
91.5005,10,91500183401,287212,0
91.5541,10,91554057939,73000,1
91.5542,10,91554146939,73000,1
91.5596,10,91559268951,287212,0
91.6014,10,91601153865,287212,0
91.6527,10,91652416397,287212,0
91.7022,10,91701953923,287212,0
91.7509,10,91750570855,287212,0
91.8027,10,91802654793,73000,1
91.8056,10,91805273799,287212,0
91.8523,10,91851995319,287212,0
91.9019,10,91901569845,287212,0
91.951,10,91950676183,287212,0
92.0009,10,92000855115,73000,1
92.0037,10,92003447121,287212,0
92.055,10,92054692465,287212,0
92.102,10,92101752797,287212,0
92.1534,10,92153095735,287212,0
92.2032,10,92202872667,287212,0
92.2524,10,92252063193,287212,0
92.3016,10,92301574125,73000,1
92.3017,10,92301672125,73000,1
92.302,10,92301761125,287212,0
92.3511,10,92350763245,287212,0
92.4031,10,92402831777,287212,0
92.4545,10,92454247903,287212,0
92.5016,10,92501326829,287212,0
92.5505,10,92550192167,287212,0
92.6028,10,92602464105,287212,0
92.6516,10,92651323225,287212,0
92.7007,10,92700656345,73000,1
92.7039,10,92703579351,287212,0
92.7502,10,92750158465,73000,1
92.7503,10,92750256465,73000,1
92.753,10,92752893471,73000,1
92.753,10,92752966471,73000,1
92.7533,10,92753055471,287212,0
92.8054,10,92805078815,287212,0
92.8545,10,92854169935,287212,0
92.9037,10,92903450055,287212,0
92.9502,10,92950119575,73000,1
92.9556,10,92955268587,287212,0
93.0048,10,93004520707,287212,0
93.0512,10,93051170227,73000,1
93.0516,10,93051268227,287212,0
93.1004,10,93100162347,287212,0
93.1505,10,93150179091,287212,0
93.2019,10,93201645435,287212,0
93.2514,10,93251334367,73000,1
93.2517,10,93251432367,287212,0
93.3007,10,93300663705,73000,1
93.301,10,93300736705,287212,0
93.3507,10,93350398043,287212,0
93.4049,10,93404619175,287212,0
93.452,10,93451724319,287212,0
93.5009,10,93500575439,287212,0
93.5532,10,93552874971,287212,0
93.6022,10,93601937903,287212,0
93.6517,10,93651626835,73000,1
93.6571,10,93656766253,287212,0
93.7008,10,93700531361,287212,0
93.7506,10,93750560481,73000,1
93.7535,10,93753170487,287212,0
93.8025,10,93802262013,287212,0
93.8519,10,93851653487,287212,0
93.9009,10,93900608419,287212,0
93.9506,10,93950269757,287212,0
94.0019,10,94001613883,287212,0
94.0519,10,94051640221,287212,0
94.1012,10,94100936341,287212,0
94.1506,10,94150286273,287212,0
94.202,10,94201719399,287212,0
94.2517,10,94251416331,287212,0
94.3008,10,94300513669,287212,0
94.3501,10,94350050601,73000,1
94.3504,10,94350130601,287212,0
94.405,10,94404682545,287212,0
94.4521,10,94451851065,287212,0
94.5011,10,94500771185,287212,0
94.5533,10,94553022857,287212,0
94.6024,10,94602282789,73000,1
94.6024,10,94602355789,73000,1
94.6027,10,94602428789,287212,0
94.6524,10,94652161533,287212,0
94.7016,10,94701330465,287212,0
94.7515,10,94751163991,287212,0
94.8003,10,94800032111,287212,0
94.8526,10,94852275861,287212,0
94.9013,10,94901036981,287212,0
94.9509,10,94950592913,287212,0
95.0052,10,95004885263,287212,0
95.0518,10,95051560783,287212,0
95.1038,10,95103538315,287212,0
95.1503,10,95150027241,287212,0
95.2045,10,95204225779,287212,0
95.2507,10,95250599299,73000,1
95.2507,10,95250672299,73000,1
95.2539,10,95253603711,287212,0
95.301,10,95300725043,287212,0
95.3527,10,95352396981,287212,0
95.4023,10,95401977319,287212,0
95.4509,10,95450828439,73000,1
95.4512,10,95450901439,287212,0
95.5035,10,95503164377,287212,0
95.5523,10,95552263903,73000,1
95.555,10,95554900909,73000,1
95.5576,10,95557512915,73000,1
95.5605,10,95560444327,73000,1
95.5608,10,95560517327,287212,0
95.6023,10,95601999835,287212,0
95.651,10,95650733361,287212,0
95.7033,10,95703005299,287212,0
95.7521,10,95752033419,73000,1
95.7523,10,95752184419,73000,1
95.7526,10,95752282419,287212,0
95.805,10,95804751951,287212,0
95.8513,10,95851053065,287212,0
95.9011,10,95900793215,287212,0
95.9525,10,95952432341,73000,1
95.9526,10,95952505341,73000,1
95.9529,10,95952612341,287212,0
96.0048,10,96004520279,287212,0
96.0534,10,96053317399,73000,1
96.0587,10,96058457411,287212,0
96.1033,10,96103022737,287212,0
96.1548,10,96154463675,287212,0
96.2019,10,96201572601,287212,0
96.2506,10,96250529127,73000,1
96.2507,10,96250602127,73000,1
96.2535,10,96253230133,287212,0
96.3006,10,96300273653,287212,0
96.3522,10,96352144779,73000,1
96.3551,10,96354781785,287212,0
96.4016,10,96401540305,73000,1
96.4068,10,96406689317,73000,1
96.4071,10,96406831317,287212,0
96.4512,10,96450871831,287212,0
96.5035,10,96503172363,287212,0
96.5527,10,96552412701,287212,0
96.6025,10,96602191821,287212,0
96.6534,10,96653357353,73000,1
96.6563,10,96655994359,287212,0
96.701,10,96700757873,287212,0
96.7551,10,96754816817,287212,0
96.8023,10,96802192743,73000,1
96.8074,10,96807332755,73000,1
96.8128,10,96812481767,287212,0
96.8513,10,96851273269,73000,1
96.8516,10,96851346269,287212,0
96.9011,10,96901018013,73000,1
96.9014,10,96901091013,287212,0
96.9529,10,96952621545,287212,0
97.0023,10,97002006071,287212,0
97.0515,10,97051258597,287212,0
97.101,10,97100732123,287212,0
97.1503,10,97150037243,287212,0
97.2049,10,97204618187,287212,0
97.2518,10,97251510301,287212,0
97.3009,10,97300628421,287212,0
97.3528,10,97352516953,287212,0
97.4016,10,97401563073,73000,1
97.4019,10,97401636073,287212,0
97.4515,10,97451228399,287212,0
97.5028,10,97502502337,287212,0
97.5525,10,97552166457,287212,0
97.6038,10,97603474989,287212,0
97.6505,10,97650465103,73000,1
97.6559,10,97655598115,287212,0
97.7022,10,97702122041,73000,1
97.705,10,97704723047,287212,0
97.7522,10,97752105567,73000,1
97.7525,10,97752178567,287212,0
97.8012,10,97801143499,73000,1
97.8015,10,97801223499,287212,0
97.8513,10,97850967025,287212,0
97.905,10,97904726157,287212,0
97.952,10,97951697083,287212,0
98.0009,10,98000564609,287212,0
98.0503,10,98050208541,73000,1
98.0529,10,98052818547,73000,1
98.0557,10,98055428553,287212,0
98.1021,10,98101835885,287212,0
98.1521,10,98151792411,287212,0
98.2012,10,98200863343,287212,0
98.2507,10,98250632869,73000,1
98.2508,10,98250730869,73000,1
98.2534,10,98253340875,73000,1
98.256,10,98255943881,73000,1
98.2563,10,98256016881,287212,0
98.3051,10,98304858001,287212,0
98.3523,10,98352037521,287212,0
98.4012,10,98400923047,287212,0
98.4507,10,98450628791,73000,1
98.4535,10,98453247797,287212,0
98.505,10,98504680329,287212,0
98.552,10,98551734849,287212,0
98.6012,10,98600870969,287212,0
98.6506,10,98650268089,287212,0
98.7021,10,98702023215,73000,1
98.7049,10,98704633221,287212,0
98.752,10,98751759147,287212,0
98.8035,10,98803239273,287212,0
98.8506,10,98850290605,287212,0
98.905,10,98904744737,287212,0
98.9522,10,98951879851,287212,0
99.001,10,99000881971,73000,1
99.0063,10,99006021983,287212,0
99.0503,10,99050006903,287212,0
99.102,10,99101736435,287212,0
99.1544,10,99154318591,73000,1
99.1547,10,99154391591,287212,0
99.2012,10,99200936517,287212,0
99.2505,10,99250187855,287212,0
99.3048,10,99304526799,287212,0
99.3517,10,99351380725,287212,0
99.4008,10,99400524657,287212,0
99.4523,10,99452244783,73000,1
99.4524,10,99452317783,73000,1
99.4527,10,99452397783,287212,0
99.5017,10,99501578309,73000,1
99.507,10,99506727321,287212,0
99.551,10,99550973429,73000,1
99.554,10,99553913841,73000,1
99.5568,10,99556514847,287212,0
99.6011,10,99600822955,287212,0
99.6554,10,99655151899,287212,0
99.7024,10,99702134419,287212,0
99.7517,10,99751368539,287212,0
99.8014,10,99801111471,287212,0
99.8503,10,99850034591,287212,0
99.9024,10,99902148123,287212,0
99.9512,10,99950901243,287212,0
100.003,10,100003030587,287212,0
100.052,10,100052022519,73000,1
100.052,10,100052095519,73000,1
100.052,10,100052168519,287212,0
100.104,10,100104342269,73000,1
100.105,10,100104431269,287212,0
100.151,10,100150878789,287212,0
100.201,10,100200396533,287212,0
100.252,10,100251955065,287212,0
100.302,10,100301778591,73000,1
100.302,10,100301851591,287212,0
100.351,10,100351033711,73000,1
100.354,10,100353643717,287212,0
100.401,10,100400732831,287212,0
100.453,10,100452362363,287212,0
100.502,10,100501932045,287212,0
100.551,10,100551189383,287212,0
100.601,10,100600672721,287212,0
100.652,10,100652087847,287212,0
100.702,10,100701483967,287212,0
100.753,10,100753051093,287212,0
100.803,10,100802473213,287212,0
100.852,10,100851545333,287212,0
100.901,10,100901082859,287212,0
100.95,10,100950157385,287212,0
