3.62152,40,3620000000,1524817
40.0026,40,40000000000,2640101
40.0032,40,40002898113,258006
40.0524,40,40050000000,2362239
40.1072,40,40100000000,7242777
40.1592,40,40150000000,9226903
40.2008,40,40200000000,833411
40.2502,40,40250000000,154937
40.3046,40,40300000000,4599069
40.3513,40,40350000000,1275589
40.4007,40,40400000000,685121
40.4523,40,40450000000,2297247
40.5015,40,40500000000,1539367
40.5509,40,40550000000,914299
40.6,40,40600000000,3419
40.6523,40,40650000000,2257951
40.7008,40,40700000000,823071
40.753,40,40750000000,3033087
40.8017,40,40800000000,1689207
40.8533,40,40850000000,3328739
40.9019,40,40900000000,1919859
40.9564,40,40950000000,6374397
41.0023,40,41000000000,2301511
41.0543,40,41050000000,4307043
41.1006,40,41100000000,572157
41.1525,40,41150000000,2469689
41.2011,40,41200000000,1105809
41.2504,40,41250000000,391741
41.3119,40,41300000000,11943891
41.3534,40,41350000000,3445993
41.4023,40,41400000000,2329519
41.4516,40,41450000000,1572045
41.5029,40,41500000000,2869577
41.5528,40,41550000000,2799103
41.6015,40,41600000000,1505223
41.6506,40,41650000000,596155
41.702,40,41700000000,2029687
41.7517,40,41750000000,1724619
41.8032,40,41800000000,3201745
41.8501,40,41850000000,55077
41.9012,40,41900000000,1229203
41.9508,40,41950000000,784135
42,40,42000000000,15255
42.0523,40,42050000000,2340193
42.1013,40,42100000000,1341719
42.1539,40,42150000000,3936251
42.2009,40,42200000000,926365
42.2555,40,42250000000,5484527
42.302,40,42300000000,2017641
42.3537,40,42350000000,3691767
42.4007,40,42400000000,722693
42.4503,40,42450000000,277813
42.5023,40,42500000000,2317939
42.5519,40,42550000000,1934465
42.6043,40,42600000000,4328997
42.6541,40,42650000000,4124523
42.701,40,42700000000,967449
42.7549,40,42750000000,4876581
42.8044,40,42800000000,4395107
42.851,40,42850000000,1019221
42.9007,40,42900000000,671747
42.952,40,42950000000,2023279
43.0044,40,43000000000,4382811
43.0508,40,43050000000,818925
43.1055,40,43100000000,5469463
43.1595,40,43150000000,9459595
43.2066,40,43200000000,6647115
43.2607,40,43250000000,10674247
43.3027,40,43300000000,2744161
43.3542,40,43350000000,4186287
43.4061,40,43400000000,6065225
43.4525,40,43450000000,2482339
43.502,40,43500000000,2047459
43.5532,40,43550000000,3212585
43.6,40,43600000000,24105
43.6513,40,43650000000,1331231
43.7007,40,43700000000,662757
43.7521,40,43750000000,2068883
43.8063,40,43800000000,6327015
43.8526,40,43850000000,2566129
43.9019,40,43900000000,1853655
43.9531,40,43950000000,3053781
44.0002,40,44000000000,180301
44.0517,40,44050000000,1665427
44.101,40,44100000000,1023359
44.1549,40,44150000000,4895303
44.2019,40,44200000000,1927823
44.256,40,44250000000,6025955
44.3028,40,44300000000,2775475
44.3515,40,44350000000,1536595
44.4007,40,44400000000,742715
44.4606,40,44450000000,10630265
44.5047,40,44500000000,4663373
44.5537,40,44550000000,3690899
44.6,40,44600000000,29013
44.7057,40,44700000000,5665671
44.7577,40,44750000000,7654203
44.8013,40,44800000000,1326123
44.8536,40,44850000000,3552655
44.9022,40,44900000000,2194587
44.9569,40,44950000000,6934125
45.003,40,45000000000,2967239
45.0548,40,45050000000,4845583
45.1038,40,45100000000,3844703
45.153,40,45150000000,2971635
45.2023,40,45200000000,2268161
45.2516,40,45250000000,1590687
45.3003,40,45300000000,305213
45.3523,40,45350000000,2283151
45.4038,40,45400000000,3830683
45.4512,40,45450000000,1150609
45.5,40,45500000000,17729
45.555,40,45550000000,4952861
45.6062,40,45600000000,6243799
45.6535,40,45650000000,3480725
45.7002,40,45700000000,210839
45.7575,40,45750000000,7498789
45.8065,40,45800000000,6481909
45.8587,40,45850000000,8663441
45.9025,40,45900000000,2479549
45.9548,40,45950000000,4788081
46.0017,40,46000000000,1655195
46.0538,40,46050000000,3766727
46.1027,40,46100000000,2703847
46.1553,40,46150000000,5349379
46.2015,40,46200000000,1525493
46.2514,40,46250000000,1393019
46.3004,40,46300000000,419139
46.3525,40,46350000000,2494671
46.4043,40,46400000000,4335609
46.4511,40,46450000000,1055723
46.5029,40,46500000000,2897661
46.5522,40,46550000000,2157781
46.609,40,46600000000,8998325
46.656,40,46650000000,5967845
46.7025,40,46700000000,2510959
46.7515,40,46750000000,1485485
46.8031,40,46800000000,3078017
46.8547,40,46850000000,4717143
46.9065,40,46900000000,6514081
46.9581,40,46950000000,8126207
47.0099,40,47000000000,9941739
47.0509,40,47050000000,870841
47.1033,40,47100000000,3257373
47.1551,40,47150000000,5113499
47.2172,40,47200000000,17202055
47.256,40,47250000000,5983151
47.3006,40,47300000000,566665
47.3543,40,47350000000,4306797
47.4015,40,47400000000,1492317
47.4503,40,47450000000,323437
47.5,40,47500000000,1963
47.5512,40,47550000000,1209901
47.6012,40,47600000000,1217427
47.6554,40,47650000000,5428559
47.7052,40,47700000000,5213679
47.7516,40,47750000000,1571793
47.8036,40,47800000000,3614325
47.8604,40,47850000000,10382463
47.9021,40,47900000000,2123971
47.9508,40,47950000000,768091
48.0545,40,48050000000,4501749
48.1012,40,48100000000,1241269
48.15,40,48150000000,27389
48.2046,40,48200000000,4623521
48.2507,40,48250000000,675635
48.3051,40,48300000000,5129173
48.3515,40,48350000000,1529287
48.4039,40,48400000000,3933819
48.453,40,48450000000,3013939
48.5022,40,48500000000,2213059
48.5509,40,48550000000,919179
48.6081,40,48600000000,8134723
48.6517,40,48650000000,1656237
48.7006,40,48700000000,595357
48.7524,40,48750000000,2385483
48.8015,40,48800000000,1537603
48.8532,40,48850000000,3246135
48.9078,40,48900000000,7835267
48.9519,40,48950000000,1883781
49.0035,40,49000000000,3522907
49.0526,40,49050000000,2568433
49.1013,40,49100000000,1345553
49.1509,40,49150000000,917079
49.2023,40,49200000000,2305205
49.254,40,49250000000,3953737
49.3029,40,49300000000,2917857
49.3573,40,49350000000,7255801
49.4059,40,49400000000,5943921
49.4554,40,49450000000,5436041
49.5019,40,49500000000,1862155
49.5537,40,49550000000,3741093
49.6052,40,49600000000,5158219
49.6544,40,49650000000,4445745
49.7034,40,49700000000,3356865
49.753,40,49750000000,2955391
49.8016,40,49800000000,1590511
49.8536,40,49850000000,3630043
49.905,40,49900000000,4973169
49.9571,40,49950000000,7139701
50.0084,40,50000000000,8357827
50.0581,40,50050000000,8098353
50.1044,40,50100000000,4416467
50.1539,40,50150000000,3892399
50.2,40,50200000000,16513
50.2517,40,50250000000,1656045
50.3003,40,50300000000,309165
50.3546,40,50350000000,4638703
50.4007,40,50400000000,734817
50.4501,40,50450000000,129343
50.5015,40,50500000000,1526469
50.5533,40,50550000000,3283001
50.602,40,50600000000,2016121
50.654,40,50650000000,4048653
50.7006,40,50700000000,579767
50.7548,40,50750000000,4847305
50.8039,40,50800000000,3922425
50.8533,40,50850000000,3279545
50.9048,40,50900000000,4783077
50.9514,40,50950000000,1387597
51.0159,40,51000000000,15880159
51.0604,40,51050000000,10437673
51.1043,40,51100000000,4270781
51.1503,40,51150000000,339895
51.203,40,51200000000,2967833
51.2545,40,51250000000,4454959
51.3013,40,51300000000,1255091
51.3502,40,51350000000,169211
51.4048,40,51400000000,4773155
51.4535,40,51450000000,3508275
51.5081,40,51500000000,8124813
51.5517,40,51550000000,1717921
51.6013,40,51600000000,1288853
51.6525,40,51650000000,2480979
51.7016,40,51700000000,1616505
51.7529,40,51750000000,2897631
51.8024,40,51800000000,2444563
51.8513,40,51850000000,1257089
51.9007,40,51900000000,659615
51.9519,40,51950000000,1940147
52.0017,40,52000000000,1736267
52.0557,40,52050000000,5715805
52.1003,40,52100000000,270131
52.1518,40,52150000000,1818257
52.2011,40,52200000000,1114783
52.2524,40,52250000000,2440909
52.3095,40,52300000000,9517453
52.3532,40,52350000000,3208561
52.4101,40,52400000000,10077105
52.4518,40,52450000000,1835207
52.5114,40,52500000000,11420757
52.5506,40,52550000000,563853
52.6052,40,52600000000,5199391
52.6571,40,52650000000,7108517
52.7016,40,52700000000,1637843
52.7508,40,52750000000,781963
52.8031,40,52800000000,3097495
52.8521,40,52850000000,2066615
52.9037,40,52900000000,3721959
52.9628,40,52950000000,12831509
53.0017,40,53000000000,1650011
53.0532,40,53050000000,3199543
53.105,40,53100000000,4999669
53.1515,40,53150000000,1543189
53.2011,40,53200000000,1095309
53.2528,40,53250000000,2812841
53.3015,40,53300000000,1519961
53.351,40,53350000000,984487
53.4022,40,53400000000,2203613
53.4542,40,53450000000,4173523
53.5028,40,53500000000,2835643
53.56,40,53550000000,10015187
53.6009,40,53600000000,945289
53.6527,40,53650000000,2717821
53.7014,40,53700000000,1361941
53.7531,40,53750000000,3055473
53.8045,40,53800000000,4464599
53.8537,40,53850000000,3716125
53.9028,40,53900000000,2780245
53.9598,40,53950000000,9817195
54.0008,40,54000000000,845297
54.0555,40,54050000000,5513241
54.1176,40,54100000000,17611391
54.1523,40,54150000000,2308475
54.2033,40,54200000000,3304601
54.2507,40,54250000000,686715
54.3025,40,54300000000,2478841
54.3522,40,54350000000,2238367
54.4019,40,54400000000,1905487
54.4515,40,54450000000,1541033
54.5006,40,54500000000,567153
54.5587,40,54550000000,8699697
54.6051,40,54600000000,5072217
54.6523,40,54650000000,2256331
54.7097,40,54700000000,9698469
54.754,40,54750000000,4023577
54.8029,40,54800000000,2871103
54.8522,40,54850000000,2246441
54.9015,40,54900000000,1451967
54.9509,40,54950000000,915899
55.0049,40,55000000000,4878031
55.0517,40,55050000000,1732145
55.101,40,55100000000,1044671
55.1509,40,55150000000,872791
55.2,40,55200000000,16317
55.252,40,55250000000,2037443
55.3013,40,55300000000,1304969
55.35,40,55350000000,11089
55.402,40,55400000000,2023621
55.4509,40,55450000000,917741
55.5002,40,55500000000,196267
55.5515,40,55550000000,1548393
55.6062,40,55600000000,6241931
55.6527,40,55650000000,2749045
55.7025,40,55700000000,2507571
55.7512,40,55750000000,1224691
55.8008,40,55800000000,750623
55.8523,40,55850000000,2262749
55.9042,40,55900000000,4240875
55.9505,40,55950000000,504395
56.0025,40,56000000000,2472333
56.0513,40,56050000000,1268859
56.1037,40,56100000000,3737391
56.1549,40,56150000000,4885923
56.202,40,56200000000,1997849
56.2509,40,56250000000,917375
56.3033,40,56300000000,3279719
56.3552,40,56350000000,5184845
56.4048,40,56400000000,4774371
56.4561,40,56450000000,6107903
56.5032,40,56500000000,3166835
56.5519,40,56550000000,1926955
56.6013,40,56600000000,1338481
56.6501,40,56650000000,80601
56.702,40,56700000000,2048539
56.7509,40,56750000000,870659
56.8032,40,56800000000,3168191
56.8548,40,56850000000,4779317
56.9042,40,56900000000,4182843
56.953,40,56950000000,3040963
57.0025,40,57000000000,2496489
57.0515,40,57050000000,1487609
57.1007,40,57100000000,675135
57.1524,40,57150000000,2439261
57.2015,40,57200000000,1528787
57.2561,40,57250000000,6124325
57.3025,40,57300000000,2524439
57.3518,40,57350000000,1836965
57.4008,40,57400000000,768085
57.4524,40,57450000000,2405023
57.5067,40,57500000000,6734155
57.5532,40,57550000000,3204081
57.6048,40,57600000000,4789207
57.6513,40,57650000000,1287133
57.7049,40,57700000000,4937265
57.7544,40,57750000000,4403791
57.8006,40,57800000000,615905
57.8527,40,57850000000,2656437
57.9015,40,57900000000,1487557
57.9509,40,57950000000,901677
58.0021,40,58000000000,2076803
58.0514,40,58050000000,1382329
58.1001,40,58100000000,97449
58.152,40,58150000000,2003981
58.2083,40,58200000000,8327119
58.255,40,58250000000,5004639
58.3011,40,58300000000,1118753
58.353,40,58350000000,3025285
58.4094,40,58400000000,9368423
58.451,40,58450000000,976931
58.5021,40,58500000000,2107057
58.5513,40,58550000000,1305583
58.6025,40,58600000000,2541709
58.6519,40,58650000000,1936235
58.7007,40,58700000000,687355
58.7502,40,58750000000,153287
58.8013,40,58800000000,1327413
58.8535,40,58850000000,3541863
58.9023,40,58900000000,2283983
58.9545,40,58950000000,4456921
59.0005,40,59000000000,536035
59.0525,40,59050000000,2539567
59.1038,40,59100000000,3793693
59.1561,40,59150000000,6064225
59.205,40,59200000000,4992751
59.2546,40,59250000000,4575277
59.3088,40,59300000000,8830409
59.3562,40,59350000000,6161929
59.41,40,59400000000,10026061
59.4572,40,59450000000,7192581
59.5009,40,59500000000,937689
59.5525,40,59550000000,2512221
59.6044,40,59600000000,4444753
59.6508,40,59650000000,826867
59.7,40,59700000000,16393
59.7517,40,59750000000,1749519
59.8014,40,59800000000,1407639
59.8503,40,59850000000,345759
59.9024,40,59900000000,2386291
59.9509,40,59950000000,932411
60.0003,40,60000000000,317531
60.0516,40,60050000000,1633657
60.109,40,60100000000,8983201
60.1527,40,60150000000,2663715
60.2022,40,60200000000,2237835
60.2563,40,60250000000,6279967
60.3032,40,60300000000,3189081
60.3522,40,60350000000,2163607
60.4042,40,60400000000,4240545
60.4584,40,60450000000,8415677
60.5028,40,60500000000,2824785
60.5517,40,60550000000,1674311
60.6011,40,60600000000,1069431
60.6504,40,60650000000,363363
60.7076,40,60700000000,7615501
60.7655,40,60750000000,15467045
60.8023,40,60800000000,2290541
60.8537,40,60850000000,3740667
60.9035,40,60900000000,3534599
60.9522,40,60950000000,2187719
61.0044,40,61000000000,4413251
61.051,40,61050000000,950365
61.1036,40,61100000000,3574303
61.1524,40,61150000000,2361423
61.2069,40,61200000000,6921961
61.2507,40,61250000000,701069
61.3082,40,61300000000,8229613
61.3519,40,61350000000,1922721
61.401,40,61400000000,977841
61.4527,40,61450000000,2678373
61.5016,40,61500000000,1617493
61.5504,40,61550000000,405613
61.6127,40,61600000000,12654169
61.6538,40,61650000000,3788271
61.7028,40,61700000000,2833797
61.757,40,61750000000,6992929
61.8008,40,61800000000,765037
61.8504,40,61850000000,384563
61.9069,40,61900000000,6886107
61.9535,40,61950000000,3507627
62.0078,40,62000000000,7829165
62.0523,40,62050000000,2303679
62.1012,40,62100000000,1214799
62.1507,40,62150000000,680325
62.2018,40,62200000000,1801451
62.2536,40,62250000000,3644983
62.3024,40,62300000000,2406103
62.3542,40,62350000000,4205041
62.4034,40,62400000000,3384161
62.4506,40,62450000000,552681
62.5017,40,62500000000,1718807
62.5536,40,62550000000,3616339
62.6025,40,62600000000,2467459
62.6594,40,62650000000,9381003
62.7055,40,62700000000,5530117
62.7523,40,62750000000,2269637
62.8008,40,62800000000,815757
62.8578,40,62850000000,7827301
62.9067,40,62900000000,6702421
62.9535,40,62950000000,3503941
63.0048,40,63000000000,4846473
63.0543,40,63050000000,4302999
63.1135,40,63100000000,13466549
63.1529,40,63150000000,2874051
63.2094,40,63200000000,9357189
63.2538,40,63250000000,3801109
63.3,40,63300000000,31223
63.3545,40,63350000000,4503761
63.4083,40,63400000000,8282893
63.4525,40,63450000000,2496009
63.5015,40,63500000000,1522129
63.556,40,63550000000,5979073
63.6047,40,63600000000,4702599
63.6515,40,63650000000,1529119
63.7011,40,63700000000,1073245
63.7527,40,63750000000,2712371
63.802,40,63800000000,2023897
63.8515,40,63850000000,1517017
63.903,40,63900000000,3037955
63.955,40,63950000000,4960081
64.0023,40,64000000000,2303601
64.0515,40,64050000000,1526127
64.1036,40,64100000000,3600659
64.1525,40,64150000000,2520779
64.2023,40,64200000000,2254899
64.2516,40,64250000000,1639019
64.3037,40,64300000000,3669551
64.3501,40,64350000000,96665
64.4,40,64400000000,33791
64.4515,40,64450000000,1502917
64.5011,40,64500000000,1143849
64.553,40,64550000000,3017975
64.6,40,64600000000,24495
64.6512,40,64650000000,1207621
64.7058,40,64700000000,5768159
64.7519,40,64750000000,1938273
64.8013,40,64800000000,1251205
64.8579,40,64850000000,7939343
64.902,40,64900000000,1997857
64.9506,40,64950000000,614977
65.0027,40,65000000000,2735509
65.0539,40,65050000000,3909635
65.1036,40,65100000000,3635039
65.15,40,65150000000,25153
65.2045,40,65200000000,4505691
65.2533,40,65250000000,3309811
65.3025,40,65300000000,2517337
65.3538,40,65350000000,3826463
65.4032,40,65400000000,3212589
65.452,40,65450000000,1998115
65.5043,40,65500000000,4315647
65.5505,40,65550000000,456761
65.6027,40,65600000000,2702887
65.6542,40,65650000000,4189013
65.7008,40,65700000000,758127
65.761,40,65750000000,11039677
65.8003,40,65800000000,252179
65.8545,40,65850000000,4517717
65.9018,40,65900000000,1817831
65.9538,40,65950000000,3775363
66.0058,40,66000000000,5781489
66.0525,40,66050000000,2486009
66.1043,40,66100000000,4283541
66.1533,40,66150000000,3336473
66.202,40,66200000000,2034593
66.2516,40,66250000000,1599713
66.303,40,66300000000,3023839
66.3576,40,66350000000,7604377
66.4039,40,66400000000,3940491
66.4534,40,66450000000,3372017
66.5022,40,66500000000,2230137
66.5593,40,66550000000,9311681
66.6028,40,66600000000,2797789
66.6524,40,66650000000,2368315
66.7014,40,66700000000,1360435
66.7506,40,66750000000,630961
66.8073,40,66800000000,7281099
66.8567,40,66850000000,6657625
66.9005,40,66900000000,503733
66.9575,40,66950000000,7523277
67.0036,40,67000000000,3628391
67.0504,40,67050000000,438911
67.1045,40,67100000000,4491043
67.1537,40,67150000000,3654163
67.2,40,67200000000,15683
67.2653,40,67250000000,15257057
67.3012,40,67300000000,1224147
67.3507,40,67350000000,725079
67.4051,40,67400000000,5115211
67.4519,40,67450000000,1926731
67.5085,40,67500000000,8498869
67.5558,40,67550000000,5810389
67.6021,40,67600000000,2057503
67.6517,40,67650000000,1727623
67.7005,40,67700000000,469743
67.7548,40,67750000000,4835281
67.8035,40,67800000000,3486807
67.85,40,67850000000,4921
67.9016,40,67900000000,1573047
67.9588,40,67950000000,8816591
68.0078,40,68000000000,7772711
68.0544,40,68050000000,4387825
68.1059,40,68100000000,5927357
68.1524,40,68150000000,2417471
68.2092,40,68200000000,9204015
68.2534,40,68250000000,3407003
68.3026,40,68300000000,2631123
68.3514,40,68350000000,1355243
68.4008,40,68400000000,828769
68.4545,40,68450000000,4452901
68.5014,40,68500000000,1426015
68.5527,40,68550000000,2708141
68.6046,40,68600000000,4560673
68.6508,40,68650000000,754193
68.7003,40,68700000000,272313
68.7515,40,68750000000,1490439
68.8009,40,68800000000,940965
68.8521,40,68850000000,2071091
68.9015,40,68900000000,1509617
68.9506,40,68950000000,645737
69.0101,40,69000000000,10142287
69.0591,40,69050000000,9072407
69.1086,40,69100000000,8636933
69.1553,40,69150000000,5278453
69.2125,40,69200000000,12478591
69.2587,40,69250000000,8745705
69.3006,40,69300000000,578463
69.3517,40,69350000000,1732807
69.4015,40,69400000000,1538333
69.4502,40,69450000000,226453
69.5021,40,69500000000,2115985
69.551,40,69550000000,966105
69.6006,40,69600000000,645631
69.6521,40,69650000000,2050757
69.7094,40,69700000000,9383901
69.7608,40,69750000000,10790027
69.8048,40,69800000000,4839541
69.8561,40,69850000000,6058667
69.9081,40,69900000000,8080199
69.9541,40,69950000000,4052313
70.0029,40,70000000000,2938433
70.0623,40,70050000000,12264577
70.1012,40,70100000000,1217673
70.1553,40,70150000000,5304617
70.2016,40,70200000000,1605543
70.2508,40,70250000000,819069
70.3053,40,70300000000,5253201
70.3569,40,70350000000,6943733
70.4031,40,70400000000,3137847
70.4527,40,70450000000,2744967
70.5044,40,70500000000,4446717
70.5514,40,70550000000,1355643
70.6033,40,70600000000,3278175
70.6503,40,70650000000,329695
70.7018,40,70700000000,1769821
70.7542,40,70750000000,4213353
70.8005,40,70800000000,452467
70.8526,40,70850000000,2555999
70.9068,40,70900000000,6785131
70.9515,40,70950000000,1466645
71.0029,40,71000000000,2853771
71.0525,40,71050000000,2463297
71.1041,40,71100000000,4064423
71.1511,40,71150000000,1052943
71.2024,40,71200000000,2432069
71.2517,40,71250000000,1656595
71.3032,40,71300000000,3167721
71.3501,40,71350000000,138241
71.4016,40,71400000000,1597367
71.4563,40,71450000000,6296475
71.5005,40,71500000000,461583
71.5502,40,71550000000,156515
71.602,40,71600000000,1972641
71.6543,40,71650000000,4298173
71.7035,40,71700000000,3530293
71.7504,40,71750000000,412813
71.8044,40,71800000000,4447945
71.8514,40,71850000000,1427465
71.9002,40,71900000000,214585
71.9548,40,71950000000,4847123
72.0035,40,72000000000,3482243
72.0528,40,72050000000,2778769
72.1015,40,72100000000,1546889
72.1535,40,72150000000,3454015
72.2001,40,72200000000,130129
72.2518,40,72250000000,1758661
72.3072,40,72300000000,7167199
72.3511,40,72350000000,1100307
72.4028,40,72400000000,2790839
72.4542,40,72450000000,4153965
72.5033,40,72500000000,3262491
72.552,40,72550000000,2022611
72.6016,40,72600000000,1576137
72.6528,40,72650000000,2759263
72.7024,40,72700000000,2439789
72.751,40,72750000000,1021909
72.8078,40,72800000000,7773859
72.8514,40,72850000000,1446967
72.9034,40,72900000000,3424499
72.9547,40,72950000000,4678625
73.0017,40,73000000000,1685145
73.053,40,73050000000,3032271
73.1106,40,73100000000,10613815
73.1571,40,73150000000,7056929
73.2016,40,73200000000,1593849
73.2533,40,73250000000,3256975
73.3004,40,73300000000,367901
73.3545,40,73350000000,4526439
73.4044,40,73400000000,4402559
73.4609,40,73450000000,10868697
73.5055,40,73500000000,5451211
73.5569,40,73550000000,6918337
73.6037,40,73600000000,3728263
73.65,40,73650000000,38377
73.703,40,73700000000,3031315
73.757,40,73750000000,7037853
73.8039,40,73800000000,3922373
73.8506,40,73850000000,577893
73.9007,40,73900000000,660419
73.9524,40,73950000000,2420545
74.002,40,74000000000,1993071
74.0531,40,74050000000,3105197
74.1022,40,74100000000,2222723
74.1512,40,74150000000,1153843
74.2002,40,74200000000,181369
74.2544,40,74250000000,4420907
74.3034,40,74300000000,3350433
74.3576,40,74350000000,7624971
74.4042,40,74400000000,4167085
74.4533,40,74450000000,3319611
74.5,40,74500000000,13725
74.5541,40,74550000000,4126669
74.6031,40,74600000000,3101195
74.6523,40,74650000000,2279127
74.7093,40,74700000000,9333265
74.751,40,74750000000,1036773
74.8,40,74800000000,11299
74.8547,40,74850000000,4655093
74.901,40,74900000000,1013207
74.9504,40,74950000000,353733
75.0042,40,75000000000,4228865
75.0563,40,75050000000,6286397
75.103,40,75100000000,2969511
75.1547,40,75150000000,4742637
75.2014,40,75200000000,1362751
75.2536,40,75250000000,3579095
75.3027,40,75300000000,2669215
75.3544,40,75350000000,4433747
75.4009,40,75400000000,867861
75.4584,40,75450000000,8361405
75.5021,40,75500000000,2052513
75.5543,40,75550000000,4265045
75.6007,40,75600000000,717159
75.6502,40,75650000000,210685
75.7041,40,75700000000,4128817
75.7536,40,75750000000,3594343
75.8022,40,75800000000,2220463
75.8518,40,75850000000,1808989
75.9006,40,75900000000,595109
75.9503,40,75950000000,255635
76.0119,40,76000000000,11870785
76.0513,40,76050000000,1278287
76.1027,40,76100000000,2701413
76.1523,40,76150000000,2334939
76.2012,40,76200000000,1175059
76.2582,40,76250000000,8230603
76.3018,40,76300000000,1780711
76.351,40,76350000000,1021831
76.4005,40,76400000000,512951
76.4549,40,76450000000,4895489
76.5013,40,76500000000,1284603
76.5622,40,76550000000,12155559
76.6008,40,76600000000,750655
76.6503,40,76650000000,331181
76.7048,40,76700000000,4792125
76.7511,40,76750000000,1077645
76.8006,40,76800000000,604171
76.8547,40,76850000000,4656709
76.9069,40,76900000000,6877041
76.9538,40,76950000000,3813155
77.0008,40,77000000000,845487
77.0523,40,77050000000,2332613
77.1045,40,77100000000,4516145
77.1507,40,77150000000,737259
77.205,40,77200000000,4968797
77.2563,40,77250000000,6295923
77.3008,40,77300000000,785493
77.3547,40,77350000000,4686625
77.4041,40,77400000000,4117151
77.4503,40,77450000000,258265
77.5021,40,77500000000,2146797
77.551,40,77550000000,995917
77.6002,40,77600000000,151443
77.6541,40,77650000000,4104575
77.7036,40,77700000000,3623101
77.7522,40,77750000000,2205221
77.8066,40,77800000000,6622571
77.8503,40,77850000000,259679
77.9022,40,77900000000,2241463
77.9562,40,77950000000,6243595
78.0005,40,78000000000,488515
78.0516,40,78050000000,1564641
78.1037,40,78100000000,3650173
78.155,40,78150000000,4984299
78.2045,40,78200000000,4504825
78.2505,40,78250000000,537751
78.3023,40,78300000000,2284283
78.351,40,78350000000,1000403
78.4032,40,78400000000,3210935
78.4519,40,78450000000,1864055
78.5009,40,78500000000,884175
78.5503,40,78550000000,284701
78.6044,40,78600000000,4427833
78.6561,40,78650000000,6115365
78.7026,40,78700000000,2611885
78.7517,40,78750000000,1737411
78.8036,40,78800000000,3588943
78.856,40,78850000000,5952475
78.905,40,78900000000,4963001
78.9517,40,78950000000,1699927
79.0032,40,79000000000,3230053
79.05,40,79050000000,31979
79.1013,40,79100000000,1250105
79.1532,40,79150000000,3230231
79.2046,40,79200000000,4583357
79.2543,40,79250000000,4307883
79.3003,40,79300000000,332997
79.3576,40,79350000000,7618947
79.4012,40,79400000000,1150055
79.4529,40,79450000000,2923181
79.507,40,79500000000,6961313
79.5512,40,79550000000,1170827
79.6048,40,79600000000,4785959
79.6516,40,79650000000,1596479
79.7003,40,79700000000,258599
79.7548,40,79750000000,4784731
79.8035,40,79800000000,3491851
79.8527,40,79850000000,2681377
79.9012,40,79900000000,1210497
79.9531,40,79950000000,3055029
80.0018,40,80000000000,1823149
80.0511,40,80050000000,1137675
80.1024,40,80100000000,2400801
80.1592,40,80150000000,9242345
80.2004,40,80200000000,412447
80.2548,40,80250000000,4777391
80.3035,40,80300000000,3456511
80.3684,40,80350000000,18360073
80.4017,40,80400000000,1673157
80.4509,40,80450000000,916283
80.5022,40,80500000000,2223409
80.5543,40,80550000000,4288347
80.6033,40,80600000000,3314467
80.6525,40,80650000000,2546587
80.7044,40,80700000000,4416713
80.7537,40,80750000000,3716863
80.8059,40,80800000000,5947207
80.8501,40,80850000000,110533
80.902,40,80900000000,2022065
80.952,40,80950000000,1955997
81.0008,40,81000000000,832523
81.0524,40,81050000000,2380649
81.1073,40,81100000000,7256593
81.154,40,81150000000,4011113
81.2035,40,81200000000,3459451
81.2502,40,81250000000,231377
81.3,40,81300000000,17309
81.3517,40,81350000000,1716841
81.4063,40,81400000000,6330379
81.4528,40,81450000000,2793899
81.5024,40,81500000000,2445425
81.5541,40,81550000000,4136551
81.6011,40,81600000000,1079477
81.6536,40,81650000000,3589603
81.7033,40,81700000000,3330129
81.7528,40,81750000000,2761249
81.8048,40,81800000000,4846375
81.8512,40,81850000000,1190895
81.9059,40,81900000000,5875839
81.9548,40,81950000000,4788959
82.0096,40,82000000000,9554497
82.0506,40,82050000000,565599
82.1107,40,82100000000,10685149
82.1521,40,82150000000,2077251
82.2017,40,82200000000,1666777
82.253,40,82250000000,3000903
82.3023,40,82300000000,2270429
82.351,40,82350000000,1003549
82.4031,40,82400000000,3114081
82.4522,40,82450000000,2220201
82.5068,40,82500000000,6753145
82.5609,40,82550000000,10912683
82.6004,40,82600000000,418779
82.6516,40,82650000000,1556905
82.7012,40,82700000000,1172431
82.7528,40,82750000000,2827557
82.8019,40,82800000000,1882677
82.851,40,82850000000,1034203
82.9027,40,82900000000,2698735
82.952,40,82950000000,2022261
83.0063,40,83000000000,6322393
83.053,40,83050000000,3016913
83.1024,40,83100000000,2445033
83.1542,40,83150000000,4215977
83.2032,40,83200000000,3243503
83.2555,40,83250000000,5513241
83.3023,40,83300000000,2285355
83.3541,40,83350000000,4102887
83.4007,40,83400000000,687407
83.4501,40,83450000000,92933
83.5016,40,83500000000,1605059
83.5512,40,83550000000,1167585
83.603,40,83600000000,3023711
83.6524,40,83650000000,2418237
83.7011,40,83700000000,1089357
83.7508,40,83750000000,768063
83.805,40,83800000000,4970195
83.8546,40,83850000000,4607315
83.9011,40,83900000000,1050429
83.953,40,83950000000,3035961
84.0019,40,84000000000,1947081
84.0515,40,84050000000,1470475
84.1003,40,84100000000,327595
84.15,40,84150000000,6121
84.2014,40,84200000000,1402247
84.2562,40,84250000000,6185785
84.3028,40,84300000000,2764305
84.3522,40,84350000000,2150425
84.4012,40,84400000000,1167545
84.4508,40,84450000000,811071
84.5023,40,84500000000,2261197
84.5521,40,84550000000,2075317
84.6032,40,84600000000,3231443
84.6501,40,84650000000,148963
84.7017,40,84700000000,1651089
84.751,40,84750000000,1045615
84.8024,40,84800000000,2399147
84.8522,40,84850000000,2153267
84.9035,40,84900000000,3505393
84.9527,40,84950000000,2658513
85.002,40,85000000000,1979039
85.0536,40,85050000000,3555165
85.1027,40,85100000000,2742691
85.1518,40,85150000000,1824217
85.2033,40,85200000000,3310749
85.2523,40,85250000000,2285275
85.3041,40,85300000000,4057807
85.3504,40,85350000000,438921
85.405,40,85400000000,5018865
85.4514,40,85450000000,1400979
85.5034,40,85500000000,3388105
85.5522,40,85550000000,2166225
85.604,40,85600000000,4044087
85.6554,40,85650000000,5368025
85.7024,40,85700000000,2409545
85.754,40,85750000000,3992671
85.8035,40,85800000000,3547197
85.8525,40,85850000000,2539317
85.9046,40,85900000000,4607443
85.9507,40,85950000000,686963
86.0029,40,86000000000,2896901
86.0517,40,86050000000,1708833
86.104,40,86100000000,4049771
86.158,40,86150000000,7985903
86.2077,40,86200000000,7693429
86.2565,40,86250000000,6453549
86.3086,40,86300000000,8627081
86.3523,40,86350000000,2255189
86.4018,40,86400000000,1844715
86.4509,40,86450000000,947241
86.5056,40,86500000000,5571185
86.5544,40,86550000000,4383711
86.6012,40,86600000000,1159231
86.6528,40,86650000000,2849357
86.7026,40,86700000000,2615883
86.7548,40,86750000000,4841009
86.8019,40,86800000000,1936529
86.8513,40,86850000000,1296649
86.9034,40,86900000000,3434775
86.9548,40,86950000000,4841901
87.0041,40,87000000000,4120427
87.0558,40,87050000000,5837959
87.1078,40,87100000000,7815491
87.1698,40,87150000000,19806641
87.2221,40,87200000000,22097579
87.2504,40,87250000000,402057
87.3021,40,87300000000,2119589
87.3539,40,87350000000,3856121
87.4027,40,87400000000,2724241
87.462,40,87450000000,11979791
87.5031,40,87500000000,3122893
87.5524,40,87550000000,2357013
87.6011,40,87600000000,1099133
87.6505,40,87650000000,528659
87.7098,40,87700000000,9774803
87.7513,40,87750000000,1295311
87.8025,40,87800000000,2451437
87.8543,40,87850000000,4295969
87.9004,40,87900000000,384083
87.9524,40,87950000000,2352615
88.0034,40,88000000000,3446741
88.0607,40,88050000000,10733285
88.1018,40,88100000000,1840387
88.1589,40,88150000000,8921337
88.2077,40,88200000000,7743457
88.2521,40,88250000000,2094971
88.3009,40,88300000000,899091
88.3529,40,88350000000,2903029
88.4042,40,88400000000,4156155
88.4508,40,88450000000,825081
88.5022,40,88500000000,2241207
88.5596,40,88550000000,9646157
88.6033,40,88600000000,3312265
88.6501,40,88650000000,86785
88.7014,40,88700000000,1396911
88.7561,40,88750000000,6064449
88.8021,40,88800000000,2088969
88.8538,40,88850000000,3842907
88.9028,40,88900000000,2842433
88.9524,40,88950000000,2352959
89.001,40,89000000000,952079
89.0503,40,89050000000,337011
89.1017,40,89100000000,1687543
89.1508,40,89150000000,801427
89.2027,40,89200000000,2712771
89.252,40,89250000000,1979109
89.3015,40,89300000000,1500635
89.3531,40,89350000000,3050761
89.4022,40,89400000000,2202881
89.4521,40,89450000000,2109407
89.5014,40,89500000000,1385339
89.551,40,89550000000,1007865
89.601,40,89600000000,987797
89.6501,40,89650000000,52917
89.7022,40,89700000000,2199449
89.7511,40,89750000000,1064975
89.8085,40,89800000000,8530519
89.8522,40,89850000000,2223627
89.9016,40,89900000000,1573153
89.9503,40,89950000000,298273
90.0023,40,90000000000,2275805
90.0509,40,90050000000,928925
90.1005,40,90100000000,527451
90.1542,40,90150000000,4249583
90.2011,40,90200000000,1105103
90.2523,40,90250000000,2314229
90.3017,40,90300000000,1654161
90.3505,40,90350000000,485281
90.4048,40,90400000000,4832819
90.451,40,90450000000,1009933
90.5003,40,90500000000,288459
90.5541,40,90550000000,4144997
90.6007,40,90600000000,688517
90.6547,40,90650000000,4669649
90.7045,40,90700000000,4545769
90.751,40,90750000000,970883
90.8031,40,90800000000,3144009
90.8572,40,90850000000,7229141
90.904,40,90900000000,4004661
90.9505,40,90950000000,526181
91.0083,40,91000000000,8318131
91.0547,40,91050000000,4717245
91.102,40,91100000000,2007171
91.1513,40,91150000000,1343291
91.209,40,91200000000,8998835
91.2528,40,91250000000,2769349
91.3074,40,91300000000,7411887
91.3565,40,91350000000,6529007
91.4006,40,91400000000,595115
91.4523,40,91450000000,2340647
91.5047,40,91500000000,4716773
91.5517,40,91550000000,1651293
91.6008,40,91600000000,829819
91.6501,40,91650000000,132345
91.7021,40,91700000000,2144471
91.7521,40,91750000000,2071997
91.8011,40,91800000000,1062523
91.9032,40,91900000000,3183207
91.9502,40,91950000000,163321
92.0018,40,92000000000,1790853
92.0514,40,92050000000,1436379
92.1032,40,92100000000,3187911
92.1503,40,92150000000,274431
92.2094,40,92200000000,9430575
92.2543,40,92250000000,4343089
92.3034,40,92300000000,3422209
92.356,40,92350000000,5970741
92.4002,40,92400000000,213849
92.4505,40,92450000000,506375
92.5024,40,92500000000,2445501
92.56,40,92550000000,10045045
92.6017,40,92600000000,1695553
92.6512,40,92650000000,1151079
92.7028,40,92700000000,2761205
92.755,40,92750000000,5041737
92.802,40,92800000000,2028851
92.8545,40,92850000000,4478789
92.9009,40,92900000000,913309
92.9503,40,92950000000,317241
93.0018,40,93000000000,1819773
93.0515,40,93050000000,1479705
93.1006,40,93100000000,569825
93.1504,40,93150000000,362757
93.2019,40,93200000000,1865883
93.262,40,93250000000,12032027
93.3011,40,93300000000,1091123
93.3512,40,93350000000,1216055
93.4027,40,93400000000,2683181
93.4521,40,93450000000,2086301
93.5069,40,93500000000,6914839
93.5534,40,93550000000,3394359
93.6028,40,93600000000,2796479
93.6521,40,93650000000,2091599
93.7063,40,93700000000,6339543
93.75,40,93750000000,11651
93.8022,40,93800000000,2150183
93.8616,40,93850000000,11563733
93.9005,40,93900000000,499235
93.9522,40,93950000000,2190361
94.0017,40,94000000000,1707887
94.0531,40,94050000000,3086013
94.1003,40,94100000000,289939
94.1592,40,94150000000,9249489
94.2038,40,94200000000,3849409
94.2526,40,94250000000,2608529
94.302,40,94300000000,1992461
94.3533,40,94350000000,3344587
94.4028,40,94400000000,2818707
94.4544,40,94450000000,4409239
94.5015,40,94500000000,1544487
94.5503,40,94550000000,270607
94.6056,40,94600000000,5598551
94.6545,40,94650000000,4518077
94.7017,40,94700000000,1738597
94.7505,40,94750000000,526717
94.8024,40,94800000000,2442249
94.8537,40,94850000000,3732375
94.9004,40,94900000000,382895
94.9542,40,94950000000,4220027
95.009,40,95000000000,8967565
95.0524,40,95050000000,2426673
95.1019,40,95100000000,1896199
95.1536,40,95150000000,3632325
95.2006,40,95200000000,584251
95.2522,40,95250000000,2212377
95.3015,40,95300000000,1500497
95.3525,40,95350000000,2505623
95.4022,40,95400000000,2193149
95.4509,40,95450000000,935269
95.5054,40,95500000000,5353213
95.5515,40,95550000000,1476327
95.6163,40,95600000000,16316295
95.6549,40,95650000000,4930391
95.7014,40,95700000000,1386505
95.7529,40,95750000000,2882037
95.8018,40,95800000000,1786157
95.8508,40,95850000000,822683
95.9025,40,95900000000,2505809
95.9539,40,95950000000,3912341
96,40,96000000000,25455
96.0546,40,96050000000,4586399
96.101,40,96100000000,1047513
96.1503,40,96150000000,264039
96.2014,40,96200000000,1376165
96.2557,40,96250000000,5689703
96.3017,40,96300000000,1652817
96.3512,40,96350000000,1153075
96.405,40,96400000000,5046207
96.46,40,96450000000,9987745
96.5039,40,96500000000,3864853
96.5508,40,96550000000,836373
96.6048,40,96600000000,4825505
96.6515,40,96650000000,1529025
96.7079,40,96700000000,7888163
96.7521,40,96750000000,2124677
96.8008,40,96800000000,804797
96.8528,40,96850000000,2773329
96.9016,40,96900000000,1570449
96.9508,40,96950000000,840569
97.0023,40,97000000000,2254695
97.0544,40,97050000000,4365227
97.1006,40,97100000000,568341
97.1502,40,97150000000,219273
97.2042,40,97200000000,4243811
97.2535,40,97250000000,3468931
97.3023,40,97300000000,2344863
97.3517,40,97350000000,1747389
97.4007,40,97400000000,674321
97.4501,40,97450000000,59847
97.5018,40,97500000000,1761973
97.5511,40,97550000000,1111093
97.6024,40,97600000000,2418219
97.6548,40,97650000000,4786157
97.7009,40,97700000000,945271
97.7559,40,97750000000,5910027
97.805,40,97800000000,5001147
97.854,40,97850000000,4012267
97.9006,40,97900000000,643193
97.9601,40,97950000000,10060555
98.0165,40,98000000000,16544693
98.0529,40,98050000000,2877783
98.1018,40,98100000000,1824309
98.1532,40,98150000000,3202435
98.2002,40,98200000000,207955
98.2542,40,98250000000,4239899
98.3039,40,98300000000,3919019
98.35,40,98350000000,24133
98.4047,40,98400000000,4663483
98.4508,40,98450000000,777003
98.5082,40,98500000000,8221359
98.5625,40,98550000000,12522897
98.6073,40,98600000000,7283411
98.6532,40,98650000000,3228525
98.7058,40,98700000000,5803057
98.7546,40,98750000000,4643177
98.8016,40,98800000000,1577697
98.8504,40,98850000000,406629
98.9023,40,98900000000,2268161
98.9617,40,98950000000,11736305
99.0012,40,99000000000,1162401
99.0501,40,99050000000,74521
99.1025,40,99100000000,2462053
99.1567,40,99150000000,6681185
99.2038,40,99200000000,3812299
99.2503,40,99250000000,264413
99.302,40,99300000000,2001945
99.3533,40,99350000000,3329071
99.4056,40,99400000000,5557009
99.457,40,99450000000,6963135
99.5116,40,99500000000,11552079
99.5502,40,99550000000,173175
99.6021,40,99600000000,2088707
99.6513,40,99650000000,1312827
99.7056,40,99700000000,5632771
99.7543,40,99750000000,4312891
99.8011,40,99800000000,1112411
99.8554,40,99850000000,5439949
99.9021,40,99900000000,2090063
99.9562,40,99950000000,6195007
100,40,100000000000,101115
100.052,40,100050000000,1624647
100.109,40,100100000000,8517785
100.16,40,100150000000,10283123
100.204,40,100200000000,4278231
100.253,40,100250000000,3163757
100.302,40,100300000000,1789877
100.354,40,100350000000,3591409
100.402,40,100400000000,2413529
100.457,40,100450000000,6975067
100.503,40,100500000000,3329181
100.55,40,100550000000,6701
100.609,40,100600000000,8699845
100.651,40,100650000000,530353
100.707,40,100700000000,7052491
100.759,40,100750000000,8976617
100.805,40,100800000000,5446137
100.852,40,100850000000,2211657
100.901,40,100900000000,1183777
100.951,40,100950000000,791303
