20.0113,20,20011156265,152006,0
20.0192,20,20019036283,184200,1
20.0342,20,20034031295,199206,0
20.0525,20,20052348543,199206,0
20.1209,20,20120666857,184200,1
20.1539,20,20153572905,306406,0
20.2019,20,20201696389,184200,1
20.2172,20,20217062413,184200,1
20.2323,20,20232122431,184200,1
20.2424,20,20242176449,199206,0
20.2706,20,20270381703,199206,0
20.3163,20,20316067009,199206,0
20.3648,20,20364566323,184200,1
20.3875,20,20387280371,199206,0
20.4028,20,20402642607,184200,1
20.4258,20,20425631649,184200,1
20.4564,20,20456133703,306406,0
20.5046,20,20504376193,199206,0
20.5554,20,20555201489,184200,1
20.5708,20,20570650525,184200,1
20.5885,20,20588280555,199206,0
20.6013,20,20601092785,184200,1
20.6192,20,20619028821,199206,0
20.6651,20,20664940123,199206,0
20.7031,20,20702866389,184200,1
20.7131,20,20712956407,184200,1
20.7336,20,20733386443,199206,0
20.7514,20,20751235685,184200,1
20.7643,20,20764143709,184200,1
20.792,20,20791820763,199206,0
20.8199,20,20819733023,199206,0
20.8532,20,20852995289,199206,0
20.9193,20,20919095621,199206,0
20.955,20,20954811881,199206,0
21.0009,20,21000750183,184200,1
21.0085,20,21008317195,184200,1
21.0235,20,21023285207,199206,0
21.0518,20,21051602473,199206,0
21.1128,20,21112593787,184200,1
21.1279,20,21127700811,184200,1
21.151,20,21150671859,279400,1
21.1534,20,21153138859,279400,1
21.1609,20,21160631865,279400,1
21.1685,20,21168171877,279400,1
21.1738,20,21173483883,306406,0
21.2042,20,21204042343,184200,1
21.2118,20,21211618355,199206,0
21.2783,20,21278129705,199206,0
21.3011,20,21300948947,199206,0
21.3523,20,21352124261,184200,1
21.3699,20,21369747297,184200,1
21.3879,20,21387764333,184200,1
21.3955,20,21395286345,199206,0
21.4159,20,21415714599,184200,1
21.4414,20,21441244653,184200,1
21.4822,20,21481867737,306406,0
21.5076,20,21507409191,199206,0
21.5586,20,21558373493,199206,0
21.6019,20,21601732783,199206,0
21.663,20,21662769103,199206,0
21.7115,20,21711266405,184200,1
21.729,20,21728831429,199206,0
21.7599,20,21759651695,199206,0
21.8158,20,21815646015,184200,1
21.8385,20,21838266051,184200,1
21.8665,20,21866198099,279400,1
21.869,20,21868665099,306406,0
21.9123,20,21912070583,199206,0
21.9607,20,21960549885,199206,0
22.0015,20,22001285157,184200,1
22.0165,20,22016338181,184200,1
22.0316,20,22031454205,184200,1
22.0367,20,22036480211,199206,0
22.0573,20,22057118453,199206,0
22.1157,20,22115494767,199206,0
22.1615,20,22161256045,199206,0
22.2075,20,22207302341,184200,1
22.2326,20,22232382383,184200,1
22.2478,20,22247552407,199206,0
22.2584,20,22258172631,184200,1
22.2785,20,22278307667,184200,1
22.3142,20,22313875739,306406,0
22.3573,20,22357103229,184200,1
22.3777,20,22377524271,184200,1
22.4058,20,22405550325,279400,1
22.4109,20,22410567331,306406,0
22.4591,20,22458894833,184200,1
22.4818,20,22481614857,184200,1
22.5021,20,22501747887,306406,0
22.5758,20,22575586413,199206,0
22.6167,20,22616509709,184200,1
22.6369,20,22636671745,199206,0
22.6647,20,22664552993,184200,1
22.6801,20,22679926017,199206,0
22.7135,20,22713262289,199206,0
22.7614,20,22761226579,199206,0
22.8176,20,22817439881,199206,0
22.8606,20,22860423165,199206,0
22.9041,20,22903913063,199206,0
22.955,20,22954767359,184200,1
22.9701,20,22969885389,199206,0
23.0033,20,23003062649,199206,0
23.0566,20,23056417939,199206,0
23.1025,20,23102293235,199206,0
23.1685,20,23168292561,184200,1
23.1889,20,23188720591,199206,0
23.2119,20,23211696845,199206,0
23.2628,20,23262558141,199206,0
23.3035,20,23303333045,199206,0
23.357,20,23356858353,184200,1
23.3797,20,23379480395,199206,0
23.408,20,23407788661,199206,0
23.4565,20,23456269969,199206,0
23.5099,20,23509681265,184200,1
23.5304,20,23530167307,199206,0
23.561,20,23560777585,184200,1
23.5761,20,23575884609,184200,1
23.594,20,23593827639,199206,0
23.6119,20,23611732887,184200,1
23.6324,20,23632236929,199206,0
23.6503,20,23650113171,184200,1
23.6604,20,23660194189,184200,1
23.6855,20,23685283231,199206,0
23.7087,20,23708469479,199206,0
23.762,20,23761797769,199206,0
23.8002,20,23800001035,199206,0
23.8664,20,23866175373,184200,1
23.8968,20,23896650427,199206,0
23.9121,20,23911866651,199206,0
23.963,20,23962810947,199206,0
24.0039,20,24003730231,199206,0
24.055,20,24054799551,184200,1
24.0675,20,24067291563,184200,1
24.0901,20,24089940605,199206,0
24.1109,20,24110668847,184200,1
24.1283,20,24128121859,199206,0
24.1644,20,24164152143,199206,0
24.2078,20,24207569439,199206,0
24.2689,20,24268672777,184200,1
24.289,20,24288787807,199206,0
24.3097,20,24309473055,199206,0
24.3683,20,24368089381,199206,0
24.4116,20,24411412665,184200,1
24.4292,20,24428977689,184200,1
24.4598,20,24459452743,306406,0
24.5132,20,24512975251,199206,0
24.554,20,24553818523,199206,0
24.6099,20,24609681849,184200,1
24.6304,20,24630167897,184200,1
24.648,20,24647824927,199206,0
24.6532,20,24653041139,184200,1
24.6736,20,24673406175,184200,1
24.6887,20,24688493193,184200,1
24.6961,20,24695950199,199206,0
24.7064,20,24706174417,184200,1
24.7168,20,24716622435,199206,0
24.7525,20,24752278725,184200,1
24.7653,20,24765130743,199206,0
24.8214,20,24821235069,199206,0
24.8624,20,24862219359,199206,0
24.921,20,24920779679,184200,1
24.9487,20,24948510733,199206,0
24.9644,20,24964165969,199206,0
25.0125,20,25012341271,184200,1
25.0305,20,25030275301,199206,0
25.061,20,25060829573,199206,0
25.1145,20,25114336887,184200,1
25.1375,20,25137251923,199206,0
25.1605,20,25160273177,184200,1
25.1784,20,25178207207,184200,1
25.2062,20,25205911261,306406,0
25.2703,20,25270103805,199206,0
25.3184,20,25318216107,199206,0
25.3642,20,25364051391,184200,1
25.3873,20,25387078439,184200,1
25.4148,20,25414475457,306406,0
25.4555,20,25455335935,199206,0
25.5164,20,25516195237,184200,1
25.5343,20,25534156267,184200,1
25.557,20,25556664291,306406,0
25.6028,20,25602628781,199206,0
25.6659,20,25665756101,184200,1
25.6938,20,25693605137,184200,1
25.7217,20,25721363191,306406,0
25.7524,20,25752205645,199206,0
25.8234,20,25823246971,184200,1
25.8516,20,25851300025,279400,1
25.8818,20,25881460073,306406,0
25.9151,20,25914901545,184200,1
25.9403,20,25940073593,199206,0
25.956,20,25955766835,184200,1
25.976,20,25975818865,199206,0
26.0094,20,26009153137,199206,0
26.0602,20,26059989433,199206,0
26.1085,20,26108338723,184200,1
26.1312,20,26130969765,184200,1
26.1592,20,26158901807,306406,0
26.2052,20,26204981297,184200,1
26.2202,20,26219987315,184200,1
26.2328,20,26232645339,184200,1
26.2428,20,26242569345,199206,0
26.2635,20,26263297587,199206,0
26.307,20,26306797889,199206,0
26.3554,20,26355203185,184200,1
26.373,20,26372779215,199206,0
26.4013,20,26401096481,184200,1
26.4163,20,26416149505,199206,0
26.4646,20,26464433789,199206,0
26.513,20,26512846085,184200,1
26.533,20,26532826103,184200,1
26.5533,20,26552997139,279400,1
26.566,20,26565766151,279400,1
26.5711,20,26570783157,306406,0
26.6093,20,26609111629,184200,1
26.6169,20,26616716641,199206,0
26.6628,20,26662645937,184200,1
26.6854,20,26685238973,199206,0
26.7008,20,26700637209,199206,0
26.7567,20,26756497499,199206,0
26.8027,20,26802473807,184200,1
26.8231,20,26822923855,199206,0
26.8586,20,26858392121,199206,0
26.9149,20,26914726441,199206,0
26.9555,20,26955307731,199206,0
27.0219,20,27021743075,199206,0
27.0649,20,27064697353,199206,0
27.1163,20,27116057667,199206,0
27.1568,20,27156609951,184200,1
27.1771,20,27176918975,184200,1
27.2024,20,27202118023,279400,1
27.2049,20,27204612023,279400,1
27.2074,20,27207088023,279400,1
27.2227,20,27222371047,279400,1
27.2252,20,27224847047,306406,0
27.2707,20,27270503531,184200,1
27.3038,20,27303519591,279400,1
27.3567,20,27356311657,401606,0
27.4102,20,27409984347,199206,0
27.4635,20,27463267643,184200,1
27.4814,20,27481210673,199206,0
27.5194,20,27519219945,184200,1
27.5448,20,27544619987,184200,1
27.5775,20,27577220035,306406,0
27.606,20,27605761507,199206,0
27.6567,20,27656523791,199206,0
27.7128,20,27712617111,199206,0
27.7537,20,27753547407,199206,0
27.8124,20,27812246739,184200,1
27.8329,20,27832694775,184200,1
27.8557,20,27855435823,279400,1
27.8633,20,27862984835,279400,1
27.8657,20,27865451835,279400,1
27.8758,20,27875496853,279400,1
27.8783,20,27877990853,306406,0
27.9143,20,27914074337,184200,1
27.9398,20,27939615391,184200,1
27.9701,20,27969813445,306406,0
28.0186,20,28018381947,184200,1
28.039,20,28038809977,199206,0
28.0593,20,28059119219,199206,0
28.1227,20,28122514539,199206,0
28.1535,20,28153325811,199206,0
28.207,20,28206820113,199206,0
28.2504,20,28250170397,199206,0
28.3087,20,28308508699,184200,1
28.3262,20,28326055723,184200,1
28.3543,20,28354016777,306406,0
28.4202,20,28420022291,199206,0
28.4533,20,28453123545,199206,0
28.5118,20,28511609859,184200,1
28.5293,20,28529118877,184200,1
28.5498,20,28549649919,184200,1
28.56,20,28559703937,306406,0
28.6111,20,28610851451,199206,0
28.6545,20,28654309735,199206,0
28.7181,20,28717934067,184200,1
28.7433,20,28743068109,184200,1
28.774,20,28773691175,279400,1
28.7764,20,28776158175,279400,1
28.784,20,28783689187,279400,1
28.7965,20,28796248211,279400,1
28.8016,20,28801247217,374600,1
28.8372,20,28836813283,374600,1
28.8728,20,28872294343,496806,0
28.9033,20,28903099209,199206,0
28.9593,20,28959109523,184200,1
28.9794,20,28979170553,199206,0
29.0048,20,29004595807,199206,0
29.061,20,29060838127,199206,0
29.1218,20,29121625435,199206,0
29.1548,20,29154655707,184200,1
29.1676,20,29167460725,184200,1
29.1828,20,29182567749,199206,0
29.221,20,29220784021,184200,1
29.2461,20,29245889057,184200,1
29.2717,20,29271374105,279400,1
29.2817,20,29281381117,279400,1
29.2841,20,29283848117,279400,1
29.2866,20,29286315117,306406,0
29.3097,20,29309490577,199206,0
29.3556,20,29355390873,199206,0
29.4166,20,29416436193,199206,0
29.4625,20,29462336483,184200,1
29.4905,20,29490270531,184200,1
29.5209,20,29520598597,279400,1
29.5336,20,29533367615,279400,1
29.5412,20,29540880627,306406,0
29.559,20,29558826063,199206,0
29.6051,20,29604912371,199206,0
29.6636,20,29663436685,184200,1
29.6888,20,29688552727,199206,0
29.7191,20,29718958987,184200,1
29.7447,20,29744471035,199206,0
29.7805,20,29780310313,184200,1
29.8082,20,29807965355,279400,1
29.8413,20,29840952409,306406,0
29.854,20,29853851833,184200,1
29.8795,20,29879336887,199206,0
29.9099,20,29909734147,184200,1
29.9351,20,29934935201,184200,1
29.9656,20,29965334249,279400,1
29.9681,20,29967819249,306406,0
30.0115,20,30011269739,199206,0
30.0548,20,30054645023,199206,0
30.1208,20,30120646355,184200,1
30.1462,20,30146008391,184200,1
30.1764,20,30176150439,279400,1
30.1789,20,30178644439,279400,1
30.1867,20,30186441445,279400,1
30.1967,20,30196392451,279400,1
30.2093,20,30208895469,374600,1
30.2269,20,30226550493,374600,1
30.2525,20,30252053541,469800,1
30.2802,20,30279681583,496806,0
30.316,20,30315778449,184200,1
30.3411,20,30340912491,184200,1
30.3767,20,30376451557,279400,1
30.3842,20,30383888557,306406,0
30.4176,20,30417393029,199206,0
30.4784,20,30478245343,184200,1
30.5115,20,30511185397,279400,1
30.5491,20,30548858457,279400,1
30.552,20,30551665463,374600,1
30.5546,20,30554150463,401606,0
30.613,20,30612855171,184200,1
30.6257,20,30625513195,184200,1
30.6483,20,30648106231,184200,1
30.6534,20,30653141237,279400,1
30.6609,20,30660663249,279400,1
30.6659,20,30665653255,279400,1
30.6684,20,30668120255,306406,0
30.7018,20,30701606727,199206,0
30.7705,20,30770266065,199206,0
30.8037,20,30803526337,184200,1
30.8163,20,30816130361,184200,1
30.8415,20,30841349415,184200,1
30.8465,20,30846348421,199206,0
30.8596,20,30859435651,199206,0
30.9081,20,30907912953,184200,1
30.9232,20,30923057983,184200,1
30.9383,20,30938118001,184200,1
30.9458,20,30945640013,199206,0
30.9586,20,30958367231,184200,1
30.9765,20,30976310267,199206,0
31.0124,20,31012214551,199206,0
31.0556,20,31055381847,184200,1
31.066,20,31065802865,184200,1
31.0836,20,31083461901,184200,1
31.0912,20,31090992913,199206,0
31.1119,20,31111685155,184200,1
31.127,20,31126848185,184200,1
31.1447,20,31144534221,184200,1
31.1574,20,31157102245,306406,0
31.209,20,31208773771,184200,1
31.2266,20,31226432807,199206,0
31.2623,20,31262107097,184200,1
31.2878,20,31287639151,184200,1
31.3184,20,31318150205,279400,1
31.3209,20,31320617205,306406,0
31.364,20,31363819695,199206,0
31.41,20,31409802991,199206,0
31.4711,20,31470879317,199206,0
31.5224,20,31522230625,184200,1
31.5476,20,31547447673,184200,1
31.5758,20,31575500727,306406,0
31.6115,20,31611280211,184200,1
31.632,20,31631784253,184200,1
31.6623,20,31662011313,306406,0
31.7184,20,31718238833,184200,1
31.7488,20,31748610881,199206,0
31.7516,20,31751369093,199206,0
31.8051,20,31804892401,184200,1
31.8176,20,31817440419,184200,1
31.843,20,31842862461,184200,1
31.8507,20,31850384473,306406,0
31.9119,20,31911676011,184200,1
31.9219,20,31921755023,184200,1
31.9424,20,31942241071,184200,1
31.9525,20,31952183077,306406,0
32.0008,20,32000650573,199206,0
32.0618,20,32061641063,199206,0
32.1002,20,32100001341,184200,1
32.1152,20,32114998359,184200,1
32.1355,20,32135345383,184200,1
32.1405,20,32140279383,184200,1
32.1479,20,32147736389,184200,1
32.158,20,32157716401,306406,0
32.2164,20,32216192897,199206,0
32.2599,20,32259682193,199206,0
32.3083,20,32308078489,184200,1
32.3259,20,32325737525,184200,1
32.3564,20,32356100573,306406,0
32.4174,20,32417210099,184200,1
32.4479,20,32447685153,199206,0
32.4556,20,32455386365,184200,1
32.4782,20,32478017407,184200,1
32.5138,20,32513491473,279400,1
32.5163,20,32515958473,306406,0
32.5646,20,32564407963,184200,1
32.5896,20,32589415993,199206,0
32.6052,20,32604990229,184200,1
32.6201,20,32619940241,184200,1
32.6378,20,32637570271,184200,1
32.6431,20,32642873277,199206,0
32.6583,20,32658078501,184200,1
32.6734,20,32673212525,199206,0
32.7094,20,32709152809,199206,0
32.7677,20,32767529123,184200,1
32.7853,20,32785121147,184200,1
32.8134,20,32813138201,279400,1
32.8209,20,32820660213,279400,1
32.8234,20,32823136213,279400,1
32.8335,20,32833199231,306406,0
32.8542,20,32854007673,184200,1
32.8667,20,32866555691,184200,1
32.8819,20,32881662715,199206,0
32.9047,20,32904528963,184200,1
32.9327,20,32932528017,184200,1
32.9785,20,32978197113,306406,0
33.0013,20,33001141549,199206,0
33.0527,20,33052503863,184200,1
33.0628,20,33062584881,184200,1
33.0829,20,33082757923,184200,1
33.0854,20,33085224923,199206,0
33.1137,20,33113468183,184200,1
33.1412,20,33141046225,184200,1
33.1694,20,33169117279,306406,0
33.2049,20,33204737745,184200,1
33.2203,20,33220112769,199206,0
33.2563,20,33256089053,184200,1
33.2738,20,33273571071,184200,1
33.304,20,33303733125,306406,0
33.3627,20,33362549639,184200,1
33.3854,20,33385198681,184200,1
33.4207,20,33420394717,279400,1
33.4232,20,33422870717,306406,0
33.4513,20,33451128189,184200,1
33.4693,20,33469064225,199206,0
33.5227,20,33522515539,199206,0
33.5635,20,33563342817,199206,0
33.6065,20,33606295089,199206,0
33.6677,20,33667545409,184200,1
33.6878,20,33687651439,184200,1
33.7132,20,33712906493,279400,1
33.7182,20,33717905499,279400,1
33.7232,20,33722922505,306406,0
33.7616,20,33761445989,199206,0
33.8074,20,33807216267,184200,1
33.82,20,33819782285,199206,0
33.8737,20,33873517593,199206,0
33.9092,20,33908976859,184200,1
33.9267,20,33926467877,199206,0
33.9731,20,33972858185,199206,0
34.0187,20,34018458487,199206,0
34.062,20,34061765777,199206,0
34.1028,20,34102611055,184200,1
34.1129,20,34112701073,184200,1
34.1358,20,34135589109,184200,1
34.1458,20,34145596121,199206,0
34.1612,20,34161014363,184200,1
34.1843,20,34184059411,199206,0
34.2147,20,34214492671,199206,0
34.268,20,34267849967,199206,0
34.3239,20,34323687275,184200,1
34.3568,20,34356546317,279400,1
34.3922,20,34391852359,306406,0
34.4101,20,34409889801,184200,1
34.4277,20,34427548837,199206,0
34.466,20,34465770103,199206,0
34.5119,20,34511735399,199206,0
34.5655,20,34565314713,184200,1
34.5935,20,34593275767,184200,1
34.6187,20,34618407803,306406,0
34.6645,20,34664341293,184200,1
34.6951,20,34694854353,199206,0
34.7105,20,34710290595,199206,0
34.7588,20,34758639885,199206,0
34.8174,20,34817184211,199206,0
34.8657,20,34865560501,184200,1
34.8963,20,34896149009,199206,0
34.9066,20,34906427227,199206,0
34.9777,20,34977546571,199206,0
35.0136,20,35013374849,184200,1
35.0411,20,35040892885,199206,0
35.0515,20,35051281109,199206,0
35.1204,20,35120239459,184200,1
35.1508,20,35150484519,279400,1
35.1887,20,35188396573,306406,0
35.2169,20,35216729027,184200,1
35.2346,20,35234377057,199206,0
35.255,20,35254814311,184200,1
35.2905,20,35290344377,184200,1
35.3237,20,35323381039,279400,1
35.3312,20,35330912051,279400,1
35.3337,20,35333379051,306406,0
35.3696,20,35369397529,184200,1
35.3973,20,35397054577,199206,0
35.413,20,35412785819,199206,0
35.4635,20,35463309115,184200,1
35.4839,20,35483710145,184200,1
35.5066,20,35506283175,279400,1
35.5119,20,35511575181,279400,1
35.5169,20,35516592187,306406,0
35.5727,20,35572543689,184200,1
35.6055,20,35605190743,306406,0
35.6615,20,35661274257,199206,0
35.7177,20,35717514565,199206,0
35.7682,20,35768017855,184200,1
35.7862,20,35785987891,184200,1
35.8113,20,35811069927,279400,1
35.8242,20,35823903951,306406,0
35.8623,20,35862076429,199206,0
35.9235,20,35923355755,184200,1
35.9588,20,35958469809,306406,0
36.0071,20,36006859293,199206,0
36.0631,20,36062925607,184200,1
36.0811,20,36080924643,184200,1
36.1064,20,36106058685,306406,0
36.1574,20,36157217205,199206,0
36.2008,20,36200589501,199206,0
36.2694,20,36269221845,184200,1
36.2898,20,36289649875,184200,1
36.3152,20,36314848923,306406,0
36.3609,20,36360697401,199206,0
36.4118,20,36411589703,184200,1
36.4269,20,36426696727,184200,1
36.4499,20,36449723775,184200,1
36.4525,20,36452190775,279400,1
36.4575,20,36457189781,306406,0
36.5135,20,36513325301,199206,0
36.5568,20,36556655579,184200,1
36.5719,20,36571681597,184200,1
36.5947,20,36594542633,199206,0
36.6126,20,36612427875,184200,1
36.6405,20,36640285911,184200,1
36.6732,20,36672961965,279400,1
36.6757,20,36675428965,279400,1
36.6832,20,36682905971,279400,1
36.6932,20,36692968989,279400,1
36.6961,20,36695748995,306406,0
36.7063,20,36706127419,184200,1
36.734,20,36733806473,184200,1
36.7696,20,36769309533,279400,1
36.7721,20,36771785533,279400,1
36.7746,20,36774252533,306406,0
36.8053,20,36805076993,199206,0
36.8587,20,36858544295,184200,1
36.8739,20,36873689325,184200,1
36.8989,20,36898693355,199206,0
36.9044,20,36904240573,184200,1
36.922,20,36921834603,199206,0
36.9529,20,36952654869,199206,0
37.0189,20,37018658201,199206,0
37.0546,20,37054421467,199206,0
37.1002,20,37100037763,184200,1
37.1106,20,37110431781,199206,0
37.1615,20,37161313077,184200,1
37.1791,20,37178934107,199206,0
37.2176,20,37217388397,199206,0
37.2583,20,37258139669,184200,1
37.271,20,37270770693,199206,0
37.3119,20,37311711989,184200,1
37.3345,20,37334251019,199206,0
37.3729,20,37372674303,184200,1
37.4057,20,37405433369,279400,1
37.4312,20,37430905411,306406,0
37.4645,20,37464299877,184200,1
37.4822,20,37481985913,184200,1
37.5075,20,37507175961,279400,1
37.5152,20,37514945967,279400,1
37.5227,20,37522438973,279400,1
37.5303,20,37529969985,306406,0
37.5688,20,37568587481,184200,1
37.599,20,37598814541,184200,1
37.6296,20,37629296589,279400,1
37.6346,20,37634295595,279400,1
37.6446,20,37644331613,279400,1
37.6471,20,37646798613,279400,1
37.6522,20,37651788619,374600,1
37.6802,20,37679814667,401606,0
37.7133,20,37713076345,199206,0
37.7592,20,37759014641,199206,0
37.8002,20,37800034931,184200,1
37.8128,20,37812582949,184200,1
37.8383,20,37838058997,199206,0
37.8612,20,37861026251,184200,1
37.8767,20,37876502287,184200,1
37.8993,20,37899104323,184200,1
37.9044,20,37904121329,306406,0
37.9604,20,37960222849,184200,1
37.9782,20,37978044867,199206,0
38.0113,20,38011100133,199206,0
38.0521,20,38051927417,199206,0
38.1208,20,38120581767,184200,1
38.1488,20,38148569815,184200,1
38.1743,20,38174014851,306406,0
38.2098,20,38209648329,199206,0
38.2607,20,38260549625,199206,0
38.3042,20,38304002921,184200,1
38.3118,20,38311578933,184200,1
38.3294,20,38329172963,199206,0
38.3502,20,38350004217,184200,1
38.3806,20,38380367265,184200,1
38.4084,20,38408078313,306406,0
38.4621,20,38461869845,199206,0
38.5005,20,38500322129,199206,0
38.5617,20,38561463467,199206,0
38.6202,20,38620012781,199206,0
38.6559,20,38655733047,199206,0
38.7095,20,38709292355,184200,1
38.7271,20,38726895385,199206,0
38.7755,20,38775309681,199206,0
38.8038,20,38803608947,184200,1
38.8189,20,38818670971,199206,0
38.8622,20,38862023261,184200,1
38.8797,20,38879534279,184200,1
38.9001,20,38899953309,184200,1
38.9027,20,38902420309,306406,0
38.9636,20,38963395811,199206,0
39.0067,20,39006533083,184200,1
39.0217,20,39021503095,199206,0
39.06,20,39059865379,184200,1
39.0776,20,39077412403,199206,0
39.1033,20,39103105657,199206,0
39.1593,20,39159095965,199206,0
39.2177,20,39217454267,199206,0
39.2506,20,39250428533,184200,1
39.261,20,39260822551,199206,0
39.3069,20,39306693841,184200,1
39.3269,20,39326745871,184200,1
39.3496,20,39349374907,199206,0
39.3549,20,39354656125,199206,0
39.4037,20,39403495433,184200,1
39.4187,20,39418557457,184200,1
39.4414,20,39441215499,199206,0
39.4517,20,39451504723,184200,1
39.4542,20,39454043723,184200,1
39.4746,20,39474437759,199206,0
39.5231,20,39522944061,199206,0
39.564,20,39563818351,199206,0
39.6125,20,39612290653,199206,0
39.6505,20,39650265931,199206,0
39.7094,20,39709182251,199206,0
39.7651,20,39764881571,199206,0
39.8139,20,39813702879,199206,0
39.8622,20,39861979187,184200,1
39.8877,20,39887511241,199206,0
39.9006,20,39900442477,199206,0
39.9542,20,39953974785,184200,1
39.9618,20,39961550797,199206,0
40.0026,20,40002463087,184200,1
40.0257,20,40025481135,199206,0
40.0563,20,40056089407,199206,0
40.1048,20,40104595709,184200,1
40.1227,20,40122484739,184200,1
40.1379,20,40137674769,199206,0
40.1583,20,40158148023,184200,1
40.1864,20,40186192077,199206,0
40.2199,20,40219692361,199206,0
40.2681,20,40267878669,199206,0
40.3065,20,40306303953,199206,0
40.3624,20,40362188261,199206,0
40.4058,20,40405567545,184200,1
40.4209,20,40420703575,199206,0
40.4567,20,40456538841,199206,0
40.5153,20,40515074167,199206,0
40.5587,20,40558518463,199206,0
40.6022,20,40601987753,199206,0
40.6506,20,40650366049,184200,1
40.6631,20,40662905067,184200,1
40.6808,20,40680582103,199206,0
40.7141,20,40713916375,199206,0
40.7575,20,40757340671,199206,0
40.8187,20,40818543003,184200,1
40.8393,20,40839083045,184200,1
40.8646,20,40864282093,306406,0
40.903,20,40902760577,199206,0
40.9514,20,40951165873,184200,1
40.9663,20,40966162891,184200,1
40.979,20,40978820915,199206,0
41.0022,20,41002009163,184200,1
41.0123,20,41012090181,199206,0
41.0533,20,41053056471,199206,0
41.1067,20,41106491779,184200,1
41.1242,20,41124029803,199206,0
41.1703,20,41170096105,199206,0
41.2037,20,41203524389,199206,0
41.252,20,41251855673,184200,1
41.2596,20,41259422685,184200,1
41.2848,20,41284558733,199206,0
41.3105,20,41310285981,184200,1
41.3231,20,41322917005,199206,0
41.3565,20,41356327289,199206,0
41.4022,20,41402006585,199206,0
41.4609,20,41460740905,184200,1
41.4785,20,41478361935,184200,1
41.5064,20,41506121995,279400,1
41.5092,20,41508929001,279400,1
41.5142,20,41513928007,306406,0
41.5502,20,41550029491,199206,0
41.6213,20,41621159835,184200,1
41.6491,20,41648890889,199206,0
41.6623,20,41662090125,199206,0
41.703,20,41702790421,199206,0
41.7619,20,41761746747,184200,1
41.7746,20,41774395771,184200,1
41.7973,20,41797100819,184200,1
41.7998,20,41799585819,199206,0
41.8075,20,41807352037,184200,1
41.8255,20,41825324073,184200,1
41.8558,20,41855486127,279400,1
41.8686,20,41868264145,306406,0
41.9016,20,41901383617,184200,1
41.9195,20,41919319653,199206,0
41.9574,20,41957182919,184200,1
41.9703,20,41970061943,199206,0
42.0134,20,42013153227,199206,0
42.0516,20,42051410493,199206,0
42.1305,20,42130297837,199206,0
42.151,20,42150843091,184200,1
42.1688,20,42168613115,184200,1
42.189,20,42188833157,184200,1
42.194,20,42193832163,184200,1
42.2066,20,42206335181,306406,0
42.2502,20,42250014683,199206,0
42.3012,20,42301046003,199206,0
42.3777,20,42377553377,184200,1
42.4182,20,42417881461,306406,0
42.4538,20,42453612921,199206,0
42.5048,20,42504566211,184200,1
42.5123,20,42512142223,184200,1
42.5378,20,42537647277,199206,0
42.5507,20,42550540507,184200,1
42.5633,20,42563079525,184200,1
42.5837,20,42583527561,184200,1
42.5912,20,42591049573,199206,0
42.6243,20,42624144851,184200,1
42.6499,20,42649683905,184200,1
42.6752,20,42674853947,306406,0
42.7213,20,42721067461,184200,1
42.7544,20,42754139533,279400,1
42.7925,20,42792181599,306406,0
42.8003,20,42800091017,184200,1
42.8204,20,42820228059,184200,1
42.8409,20,42840714095,199206,0
42.8612,20,42861048337,184200,1
42.884,20,42883844361,199206,0
42.9095,20,42909352621,184200,1
42.9296,20,42929413651,184200,1
42.9451,20,42944869675,184200,1
42.9503,20,42949859681,398412,0
43.0163,20,43016148213,199206,0
43.0622,20,43061965497,199206,0
43.1004,20,43100217769,199206,0
43.1513,20,43151128071,199206,0
43.2223,20,43222090397,184200,1
43.2504,20,43250134451,306406,0
43.3063,20,43306119953,184200,1
43.3265,20,43326283995,199206,0
43.37,20,43369755291,199206,0
43.4158,20,43415612587,184200,1
43.436,20,43435830629,199206,0
43.4542,20,43453972865,184200,1
43.4767,20,43476520901,199206,0
43.5024,20,43502185149,184200,1
43.5173,20,43517126161,184200,1
43.5424,20,43542186197,184200,1
43.5525,20,43552231215,306406,0
43.6115,20,43611285741,184200,1
43.6265,20,43626336759,199206,0
43.657,20,43656844025,199206,0
43.711,20,43710790339,184200,1
43.7312,20,43730981381,199206,0
43.7566,20,43756397635,184200,1
43.767,20,43766762647,199206,0
43.8205,20,43820305967,199206,0
43.869,20,43868823275,184200,1
43.8968,20,43896592335,199206,0
43.9073,20,43907131553,199206,0
43.953,20,43952801849,199206,0
44.0118,20,44011610163,199206,0
44.0703,20,44070060477,199206,0
44.1161,20,44115915773,199206,0
44.1617,20,44161514069,199206,0
44.2002,20,44200000347,184200,1
44.2103,20,44210081365,184200,1
44.2307,20,44230511407,199206,0
44.2661,20,44265907673,184200,1
44.2866,20,44286438715,199206,0
44.3019,20,44301726945,199206,0
44.363,20,44362788259,184200,1
44.3833,20,44383133283,184200,1
44.4188,20,44418533343,279400,1
44.4238,20,44423541349,279400,1
44.4263,20,44426017349,306406,0
44.4618,20,44461630821,199206,0
44.5077,20,44507522111,184200,1
44.5205,20,44520345123,184200,1
44.5407,20,44540480159,184200,1
44.5457,20,44545459159,199206,0
44.5686,20,44568437419,184200,1
44.589,20,44588865455,184200,1
44.6168,20,44616522503,279400,1
44.6297,20,44629356521,306406,0
44.665,20,44664857981,184200,1
44.6879,20,44687723017,199206,0
44.7008,20,44700553247,199206,0
44.7668,20,44766617573,199206,0
44.8102,20,44809998863,199206,0
44.8586,20,44858393153,184200,1
44.8837,20,44883482195,184200,1
44.9067,20,44906395231,306406,0
44.9601,20,44959904727,184200,1
44.9727,20,44972535751,199206,0
45.0035,20,45003338017,184200,1
45.0111,20,45010914029,199206,0
45.0622,20,45061999343,199206,0
45.1107,20,45110525651,184200,1
45.1412,20,45141029711,199206,0
45.1541,20,45153852941,199206,0
45.2126,20,45212440261,199206,0
45.2584,20,45258192545,184200,1
45.2836,20,45283393599,199206,0
45.3168,20,45316570865,199206,0
45.3577,20,45357492155,184200,1
45.3777,20,45377546185,199206,0
45.4161,20,45415904457,184200,1
45.444,20,45443809499,199206,0
45.4567,20,45456545717,184200,1
45.4843,20,45484119759,199206,0
45.5127,20,45512505013,199206,0
45.5711,20,45570877309,199206,0
45.6068,20,45606586575,199206,0
45.6502,20,45650003865,199206,0
45.7006,20,45700361149,199206,0
45.7618,20,45761645469,184200,1
45.7869,20,45786752511,184200,1
45.8151,20,45814805565,306406,0
45.8508,20,45850557025,199206,0
45.917,20,45916796369,184200,1
45.9496,20,45949416423,199206,0
45.9652,20,45964988653,184200,1
45.9952,20,45995038695,184200,1
46.0209,20,46020604743,279400,1
46.0234,20,46023071743,306406,0
46.0512,20,46050988191,199206,0
46.1174,20,46117159505,199206,0
46.1681,20,46167876795,184200,1
46.1907,20,46190505831,199206,0
46.201,20,46200784049,199206,0
46.2724,20,46272263399,184200,1
46.2952,20,46295022447,184200,1
46.3259,20,46325580507,279400,1
46.3334,20,46333129519,306406,0
46.3513,20,46351083955,184200,1
46.364,20,46363823961,199206,0
46.4097,20,46409487257,184200,1
46.4251,20,46424889281,199206,0
46.4555,20,46455286535,199206,0
46.514,20,46513761849,199206,0
46.5573,20,46557114139,199206,0
46.6083,20,46608116447,199206,0
46.6541,20,46653960731,184200,1
46.6642,20,46664050749,184200,1
46.6947,20,46694480803,184200,1
46.6971,20,46696956803,184200,1
46.7022,20,46701955809,279400,1
46.7122,20,46711899815,279400,1
46.7172,20,46716898821,279400,1
46.7554,20,46755034899,401606,0
46.8112,20,46811034589,184200,1
46.8314,20,46831169625,184200,1
46.8519,20,46851653667,279400,1
46.8544,20,46854156667,279400,1
46.8595,20,46859182673,306406,0
46.9181,20,46917886193,184200,1
46.9459,20,46945744235,184200,1
46.9792,20,46978899307,279400,1
46.9941,20,46993824319,306406,0
47.0044,20,47004182737,184200,1
47.0271,20,47026887785,184200,1
47.045,20,47044819815,184200,1
47.0577,20,47057387839,306406,0
47.1061,20,47105936335,199206,0
47.1696,20,47169434661,199206,0
47.208,20,47207794939,199206,0
47.2564,20,47256180229,199206,0
47.3148,20,47314583543,184200,1
47.3299,20,47329699567,184200,1
47.3555,20,47355184615,279400,1
47.3605,20,47360174621,306406,0
47.4089,20,47408696111,184200,1
47.4264,20,47426247135,199206,0
47.4647,20,47464544413,184200,1
47.4824,20,47482174443,184200,1
47.513,20,47512649497,306406,0
47.5539,20,47553753999,184200,1
47.564,20,47563788011,199206,0
47.6049,20,47604698295,199206,0
47.6507,20,47650489603,199206,0
47.7071,20,47706879935,184200,1
47.7247,20,47724473965,199206,0
47.7527,20,47752541231,184200,1
47.7681,20,47767907261,199206,0
47.8341,20,47833937605,184200,1
47.8772,20,47876960683,279400,1
47.9155,20,47915112755,374600,1
47.918,20,47917579755,374600,1
47.9305,20,47930091773,401606,0
47.956,20,47955827427,184200,1
47.9764,20,47976248469,199206,0
48.0198,20,48019602753,184200,1
48.0473,20,48047147789,199206,0
48.0679,20,48067710025,199206,0
48.1038,20,48103594303,184200,1
48.1138,20,48113630315,184200,1
48.1263,20,48126149327,184200,1
48.1313,20,48131119327,199206,0
48.1646,20,48164435599,184200,1
48.1898,20,48189551641,199206,0
48.208,20,48207823889,184200,1
48.2306,20,48230396919,199206,0
48.2609,20,48260720167,184200,1
48.2763,20,48276140191,184200,1
48.2964,20,48296228221,184200,1
48.304,20,48303694227,306406,0
48.3549,20,48354756729,184200,1
48.3728,20,48372645759,199206,0
48.4112,20,48410995037,184200,1
48.4313,20,48431074067,184200,1
48.4538,20,48453535085,279400,1
48.4563,20,48456002085,279400,1
48.4613,20,48461001091,306406,0
48.5177,20,48517478611,199206,0
48.5787,20,48578455937,199206,0
48.6091,20,48608963203,184200,1
48.6271,20,48626879233,184200,1
48.6447,20,48644471257,199206,0
48.66,20,48659777487,184200,1
48.6828,20,48682654523,184200,1
48.7107,20,48710387577,306406,0
48.7618,20,48761551085,199206,0
48.8281,20,48827937423,184200,1
48.8711,20,48870779513,279400,1
48.9142,20,48913847585,374600,1
48.9192,20,48918837591,374600,1
48.927,20,48926607597,374600,1
48.932,20,48931633603,374600,1
48.9395,20,48939099609,401606,0
48.9676,20,48967378275,184200,1
48.9931,20,48992881323,199206,0
49.0059,20,49005693553,184200,1
49.0288,20,49028608589,184200,1
49.0515,20,49051199619,279400,1
49.054,20,49053675619,279400,1
49.0564,20,49056142619,306406,0
49.1225,20,49122334151,199206,0
49.1584,20,49158153423,199206,0
49.2195,20,49219283761,199206,0
49.2628,20,49262663057,184200,1
49.2829,20,49282751087,184200,1
49.3035,20,49303179117,306406,0
49.3521,20,49351895631,199206,0
49.4056,20,49405391939,184200,1
49.4206,20,49420415957,199206,0
49.4666,20,49466399253,184200,1
49.4868,20,49486617295,184200,1
49.5124,20,49512073337,279400,1
49.5199,20,49519604349,279400,1
49.5249,20,49524556349,306406,0
49.5583,20,49558060821,199206,0
49.6018,20,49601570123,184200,1
49.6144,20,49614167147,199206,0
49.6502,20,49650031419,184200,1
49.6679,20,49667717455,184200,1
49.6931,20,49692851497,199206,0
49.7036,20,49703435721,199206,0
49.7747,20,49774479059,199206,0
49.8056,20,49805357337,199206,0
49.8564,20,49856200627,199206,0
49.9072,20,49907045923,199206,0
49.9507,20,49950497207,184200,1
49.9632,20,49962980219,184200,1
49.9858,20,49985573255,184200,1
49.9908,20,49990599261,184200,1
50.001,20,50000644279,306406,0
50.0522,20,50051987787,184200,1
50.0672,20,50067040811,199206,0
50.1002,20,50100006077,199206,0
50.1666,20,50166406403,199206,0
50.2151,20,50214876705,184200,1
50.2402,20,50240048753,199206,0
50.2531,20,50252867977,184200,1
50.276,20,50275785019,199206,0
50.3166,20,50316420309,199206,0
50.3575,20,50357276593,199206,0
50.4006,20,50400351883,199206,0
50.4644,20,50464262215,184200,1
50.4821,20,50481892245,184200,1
50.5024,20,50502054281,306406,0
50.5636,20,50563391801,184200,1
50.5787,20,50578507825,199206,0
50.6167,20,50616501103,184200,1
50.6395,20,50639322127,184200,1
50.6651,20,50664796169,306406,0
50.7031,20,50702876641,184200,1
50.7132,20,50712966659,184200,1
50.7361,20,50735910701,199206,0
50.754,20,50753788943,199206,0
50.8173,20,50817133245,199206,0
50.8506,20,50850440517,199206,0
50.9066,20,50906383819,199206,0
50.9575,20,50957294121,184200,1
50.9754,20,50975201151,199206,0
51.0007,20,51000478393,199206,0
51.0567,20,51056470707,184200,1
51.0795,20,51079293737,199206,0
51.12,20,51119855021,184200,1
51.1479,20,51147715063,184200,1
51.1656,20,51165361087,279400,1
51.1706,20,51170351093,279400,1
51.1784,20,51178101099,306406,0
51.2138,20,51213613565,184200,1
51.2392,20,51239042613,199206,0
51.2546,20,51254422849,184200,1
51.2697,20,51269500867,199206,0
51.303,20,51302813127,199206,0
51.3691,20,51368922459,184200,1
51.3996,20,51399462519,184200,1
51.4349,20,51434659579,279400,1
51.4478,20,51447549603,279400,1
51.4555,20,51455071615,401606,0
51.5164,20,51516189323,199206,0
51.5521,20,51551934595,199206,0
51.6058,20,51605569915,184200,1
51.6283,20,51628135951,199206,0
51.659,20,51658826205,184200,1
51.674,20,51673861223,184200,1
51.6944,20,51694262253,184200,1
51.6969,20,51696738253,199206,0
51.7122,20,51712048489,199206,0
51.7505,20,51750354767,184200,1
51.7732,20,51772956803,199206,0
51.8191,20,51818857093,199206,0
51.8623,20,51862147359,184200,1
51.8825,20,51882282395,199206,0
51.9132,20,51913010661,184200,1
51.9359,20,51935668703,199206,0
51.9591,20,51958865951,199206,0
52.0023,20,52002162235,184200,1
52.0124,20,52012243253,184200,1
52.0326,20,52032416295,184200,1
52.0401,20,52039940307,184200,1
52.0451,20,52044930313,184200,1
52.0503,20,52049938319,398412,0
52.1191,20,52118887851,184200,1
52.1418,20,52141572893,199206,0
52.16,20,52159771135,199206,0
52.2259,20,52225707461,184200,1
52.2614,20,52261096509,279400,1
52.2967,20,52296376575,306406,0
52.3148,20,52314644011,199206,0
52.3682,20,52368048319,199206,0
52.4116,20,52411400603,199206,0
52.4597,20,52459494905,199206,0
52.503,20,52502850183,184200,1
52.5159,20,52515655201,199206,0
52.564,20,52563846497,199206,0
52.623,20,52622804829,199206,0
52.651,20,52650800095,184200,1
52.6685,20,52668311119,199206,0
52.7069,20,52706689397,199206,0
52.7553,20,52755130693,184200,1
52.7732,20,52772981723,184200,1
52.7933,20,52793143759,199206,0
52.8167,20,52816498019,184200,1
52.8419,20,52841688067,199206,0
52.8698,20,52869618327,199206,0
52.9285,20,52928280641,184200,1
52.9537,20,52953365671,306406,0
53.012,20,53011838173,184200,1
53.04,20,53039828227,184200,1
53.0754,20,53075128299,279400,1
53.0833,20,53082972311,306406,0
53.1187,20,53118511777,184200,1
53.1493,20,53149107849,199206,0
53.1621,20,53161882073,199206,0
53.2029,20,53202716345,184200,1
53.2105,20,53210292357,184200,1
53.2308,20,53230657387,184200,1
53.2409,20,53240711405,184200,1
53.2459,20,53245710411,184200,1
53.251,20,53250718417,279400,1
53.2635,20,53263239435,306406,0
53.3018,20,53301643907,184200,1
53.3119,20,53311724925,184200,1
53.3298,20,53329640955,184200,1
53.3374,20,53337180967,184200,1
53.3449,20,53344711979,199206,0
53.3527,20,53352487197,184200,1
53.3678,20,53367632227,199206,0
53.4062,20,53406037505,184200,1
53.4188,20,53418659529,184200,1
53.4443,20,53444135577,199206,0
53.4546,20,53454406801,199206,0
53.5079,20,53507744091,184200,1
53.5256,20,53525403127,199206,0
53.5614,20,53561195399,199206,0
53.6073,20,53607144707,199206,0
53.6582,20,53657990003,199206,0
53.7016,20,53701439293,199206,0
53.7502,20,53750010601,184200,1
53.7855,20,53785256673,199206,0
53.8188,20,53818581945,199206,0
53.8546,20,53854374217,199206,0
53.9005,20,53900332519,184200,1
53.9232,20,53923046567,199206,0
53.954,20,53953837827,184200,1
53.9716,20,53971357851,199206,0
54.0148,20,54014632123,199206,0
54.0532,20,54052990395,184200,1
54.0682,20,54067996413,184200,1
54.0833,20,54083112437,184200,1
54.0858,20,54085597437,199206,0
54.1191,20,54118904709,199206,0
54.155,20,54154761987,199206,0
54.2031,20,54202935283,184200,1
54.2161,20,54215852313,199206,0
54.2568,20,54256603579,184200,1
54.2769,20,54276711615,184200,1
54.3021,20,54301854657,279400,1
54.3072,20,54306871663,306406,0
54.3535,20,54353266165,199206,0
54.4171,20,54416872497,184200,1
54.4421,20,54441952533,184200,1
54.4653,20,54464977575,279400,1
54.4703,20,54469994581,279400,1
54.4802,20,54479936587,279400,1
54.4877,20,54487458599,279400,1
54.4903,20,54489943599,306406,0
54.5057,20,54505469041,199206,0
54.5643,20,54564095343,184200,1
54.5943,20,54594129385,199206,0
54.6072,20,54607004615,199206,0
54.6711,20,54670921941,199206,0
54.7017,20,54701458213,199206,0
54.768,20,54767844545,199206,0
54.8087,20,54808472841,199206,0
54.8675,20,54867299155,184200,1
54.8827,20,54882489185,199206,0
54.9182,20,54917968457,199206,0
54.959,20,54958806741,199206,0
55.0201,20,55019852055,199206,0
55.0583,20,55058147327,184200,1
55.0788,20,55078577363,184200,1
55.1089,20,55108636405,279400,1
55.1139,20,55113626411,279400,1
55.1189,20,55118634417,306406,0
55.1596,20,55159458895,184200,1
55.17,20,55169776907,199206,0
55.2004,20,55200246167,184200,1
55.2105,20,55210327185,199206,0
55.2589,20,55258667475,199206,0
55.3071,20,55306962765,184200,1
55.3247,20,55324500789,184200,1
55.3553,20,55354977843,279400,1
55.3628,20,55362508855,306406,0
55.4137,20,55413551351,184200,1
55.4417,20,55441494399,199206,0
55.452,20,55451801623,199206,0
55.5129,20,55512709937,184200,1
55.5254,20,55525199943,199206,0
55.5613,20,55561093221,184200,1
55.5892,20,55589027269,184200,1
55.6245,20,55624215329,306406,0
55.6502,20,55650004777,184200,1
55.6652,20,55665055795,184200,1
55.6857,20,55685512831,184200,1
55.6982,20,55697977843,184200,1
55.7083,20,55708013861,279400,1
55.7133,20,55713012867,279400,1
55.7208,20,55720534879,306406,0
55.7641,20,55763965363,184200,1
55.7871,20,55786880399,184200,1
55.8099,20,55809583441,279400,1
55.8174,20,55817058447,306406,0
55.863,20,55862832913,184200,1
55.8806,20,55880462943,184200,1
55.9012,20,55900881973,279400,1
55.9087,20,55908374979,306406,0
55.9647,20,55964492493,199206,0
56.0182,20,56017974813,184200,1
56.0538,20,56053542885,279400,1
56.0919,20,56091593951,306406,0
56.1197,20,56119514399,184200,1
56.1399,20,56139685435,199206,0
56.1631,20,56162891683,184200,1
56.1881,20,56187942719,184200,1
56.2238,20,56223537791,279400,1
56.2263,20,56226013791,306406,0
56.2619,20,56261754245,184200,1
56.2821,20,56281945287,184200,1
56.3103,20,56310027347,306406,0
56.3611,20,56360932837,184200,1
56.3788,20,56378609873,199206,0
56.4071,20,56406851127,199206,0
56.4655,20,56465259423,199206,0
56.5111,20,56510919701,184200,1
56.5263,20,56526084731,184200,1
56.5514,20,56551144767,279400,1
56.559,20,56558675779,279400,1
56.5617,20,56561455785,279400,1
56.5743,20,56574032809,279400,1
56.5844,20,56584086827,279400,1
56.6225,20,56622141899,374600,1
56.6629,20,56662467977,469800,1
56.7064,20,56705831055,565000,1
56.7164,20,56715820067,592006,0
56.7646,20,56764451169,184200,1
56.7826,20,56782394205,199206,0
56.8107,20,56810500453,199206,0
56.8512,20,56851036737,184200,1
56.8613,20,56861117755,199206,0
56.9202,20,56920000075,184200,1
56.9404,20,56940171111,184200,1
56.9606,20,56960286141,306406,0
57.009,20,57008845649,184200,1
57.0293,20,57029107667,199206,0
57.0674,20,57067183951,184200,1
57.0953,20,57095145005,199206,0
57.1081,20,57107910229,199206,0
57.1514,20,57151240507,199206,0
57.2149,20,57214707827,184200,1
57.2378,20,57237622869,184200,1
57.2731,20,57272839935,279400,1
57.281,20,57280665947,306406,0
57.3165,20,57316270419,184200,1
57.3419,20,57341661461,199206,0
57.3547,20,57354527691,199206,0
57.4058,20,57405586011,184200,1
57.4262,20,57426007047,184200,1
57.4616,20,57461262119,306406,0
57.5048,20,57504647603,184200,1
57.5123,20,57512111603,199206,0
57.5507,20,57550491881,184200,1
57.5707,20,57570516911,199206,0
57.6191,20,57618929201,184200,1
57.637,20,57636845225,199206,0
57.6599,20,57659718467,199206,0
57.7109,20,57710682769,199206,0
57.7568,20,57756567065,199206,0
57.8203,20,57820115391,184200,1
57.8458,20,57845627439,199206,0
57.8636,20,57863447675,184200,1
57.8912,20,57891048717,199206,0
57.912,20,57911834971,184200,1
57.9296,20,57929399995,199206,0
57.9655,20,57965275273,199206,0
58.0138,20,58013624569,184200,1
58.0367,20,58036539605,184200,1
58.0696,20,58069298671,306406,0
58.1104,20,58110177143,184200,1
58.1255,20,58125284167,199206,0
58.1664,20,58166186063,199206,0
58.2045,20,58204322323,199206,0
58.2606,20,58260431637,184200,1
58.2808,20,58280566673,199206,0
58.3192,20,58319000957,199206,0
58.3601,20,58359940247,184200,1
58.3803,20,58380057283,199206,0
58.411,20,58410814549,184200,1
58.4236,20,58423351561,199206,0
58.4644,20,58464189845,199206,0
58.5078,20,58507625141,184200,1
58.5178,20,58517621147,184200,1
58.5354,20,58535168171,199206,0
58.5662,20,58566024437,184200,1
58.5939,20,58593728491,199206,0
58.6043,20,58604082721,199206,0
58.6806,20,58680384059,184200,1
58.7085,20,58708151113,306406,0
58.7646,20,58764424615,199206,0
58.8025,20,58802269875,184200,1
58.8075,20,58807322881,199206,0
58.8665,20,58866310219,199206,0
58.9094,20,58909199491,199206,0
58.9502,20,58950035775,184200,1
58.9681,20,58967895799,184200,1
58.9908,20,58990627847,199206,0
59.0062,20,59005963083,199206,0
59.0593,20,59059143361,199206,0
59.1002,20,59100017645,184200,1
59.1283,20,59128117705,184200,1
59.1638,20,59163562765,279400,1
59.1688,20,59168514765,279400,1
59.1738,20,59173522771,279400,1
59.1763,20,59176025771,306406,0
59.2171,20,59216860267,199206,0
59.2682,20,59268016563,184200,1
59.2933,20,59293159605,184200,1
59.3162,20,59315871647,279400,1
59.3264,20,59326128653,279400,1
59.3339,20,59333641665,279400,1
59.3364,20,59336108665,306406,0
59.3594,20,59359212125,184200,1
59.3747,20,59374558149,184200,1
59.3999,20,59399730197,184200,1
59.41,20,59409737209,279400,1
59.4125,20,59412204209,306406,0
59.4635,20,59463282711,184200,1
59.4814,20,59481225741,199206,0
59.5019,20,59501680995,199206,0
59.5502,20,59550010279,199206,0
59.6037,20,59603477581,199206,0
59.6547,20,59654470889,199206,0
59.7133,20,59713098221,184200,1
59.7334,20,59733242257,199206,0
59.7567,20,59756493505,184200,1
59.7771,20,59776914541,199206,0
59.82,20,59819809819,184200,1
59.843,20,59842807867,199206,0
59.8508,20,59850592085,199206,0
59.9092,20,59908977393,184200,1
59.9268,20,59926580423,199206,0
59.9575,20,59957270683,184200,1
59.9676,20,59967378701,199206,0
60.0006,20,60000423949,184200,1
60.0107,20,60010504967,199206,0
60.0668,20,60066580287,199206,0
60.1174,20,60117185559,199206,0
60.1532,20,60153031831,199206,0
60.2067,20,60206490139,184200,1
60.2267,20,60226544169,199206,0
60.2652,20,60265016459,199206,0
60.3061,20,60305917749,199206,0
60.3572,20,60356956057,199206,0
60.4156,20,60415388377,184200,1
60.4382,20,60438008413,184200,1
60.4688,20,60468454467,306406,0
60.5198,20,60519556981,199206,0
60.5631,20,60562918265,184200,1
60.5758,20,60575567289,199206,0
60.609,20,60608827555,199206,0
60.665,20,60664783869,184200,1
60.6851,20,60684929905,199206,0
60.7159,20,60715705171,199206,0
60.7667,20,60766512467,199206,0
60.8025,20,60802293739,199206,0
60.8505,20,60850319023,199206,0
60.9042,20,60904065325,184200,1
60.9217,20,60921475337,199206,0
60.9622,20,60962043615,199206,0
61.0005,20,61000304893,199206,0
61.054,20,61053790195,199206,0
61.1151,20,61114899491,199206,0
61.1682,20,61167957775,199206,0
61.2193,20,61219062071,199206,0
61.2622,20,61262065343,184200,1
61.2802,20,61280055379,184200,1
61.2978,20,61297647403,199206,0
61.3184,20,61318209633,184200,1
61.3613,20,61360968717,306406,0
61.4225,20,61422268225,184200,1
61.4502,20,61449999279,184200,1
61.4806,20,61480304315,306406,0
61.5085,20,61508290757,184200,1
61.5214,20,61521234781,199206,0
61.5569,20,61556705053,199206,0
61.6003,20,61600064343,199206,0
61.6537,20,61653466639,184200,1
61.6688,20,61668584669,184200,1
61.6942,20,61694013711,199206,0
61.7046,20,61704358941,199206,0
61.7505,20,61750340231,184200,1
61.7631,20,61762935255,184200,1
61.7887,20,61788467309,184200,1
61.8012,20,61800916321,279400,1
61.8087,20,61808382327,306406,0
61.8597,20,61859505829,199206,0
61.918,20,61917815131,199206,0
61.9639,20,61963697421,184200,1
61.9919,20,61991696475,199206,0
62.0073,20,62007085711,199206,0
62.0505,20,62050350983,184200,1
62.0631,20,62062890001,199206,0
62.1238,20,62123578297,184200,1
62.1441,20,62143921321,184200,1
62.1669,20,62166606363,306406,0
62.2205,20,62220332889,184200,1
62.2511,20,62250834943,306406,0
62.3172,20,62316968469,199206,0
62.373,20,62372843777,199206,0
62.4139,20,62413759049,184200,1
62.4418,20,62441646091,184200,1
62.4621,20,62461806121,306406,0
62.5031,20,62502937623,199206,0
62.5517,20,62551492937,184200,1
62.5667,20,62566545961,199206,0
62.6128,20,62612565257,199206,0
62.6562,20,62656027553,199206,0
62.7124,20,62712158879,199206,0
62.766,20,62765850205,199206,0
62.817,20,62816845513,184200,1
62.8423,20,62842091567,184200,1
62.8704,20,62870088615,279400,1
62.8728,20,62872555615,279400,1
62.8753,20,62875022615,306406,0
62.9033,20,62903094069,184200,1
62.9212,20,62921039105,184200,1
62.9542,20,62953918153,306406,0
63.0153,20,63015126679,184200,1
63.038,20,63037784721,184200,1
63.0636,20,63063258763,306406,0
63.1065,20,63106365241,184200,1
63.122,20,63121758265,199206,0
63.178,20,63177779585,199206,0
63.2083,20,63208109833,199206,0
63.2723,20,63272051177,199206,0
63.3231,20,63322878467,199206,0
63.3535,20,63353311727,199206,0
63.4069,20,63406698029,184200,1
63.4144,20,63414236035,184200,1
63.4299,20,63429685065,199206,0
63.4628,20,63462623331,184200,1
63.4882,20,63487996373,199206,0
63.5061,20,63505870609,199206,0
63.5518,20,63551631893,184200,1
63.5672,20,63566997917,184200,1
63.5924,20,63592169965,184200,1
63.5999,20,63599709977,199206,0
63.6177,20,63617530213,199206,0
63.6586,20,63658445485,199206,0
63.7021,20,63701862787,199206,0
63.7579,20,63757752089,184200,1
63.7709,20,63770696113,199206,0
63.8064,20,63806175385,199206,0
63.8647,20,63864551693,184200,1
63.8877,20,63887466729,184200,1
63.9129,20,63912571765,279400,1
63.9179,20,63917570771,306406,0
63.9611,20,63960918249,199206,0
64.012,20,64011792551,199206,0
64.0502,20,64050042829,199206,0
64.1161,20,64115905143,199206,0
64.162,20,64161787433,199206,0
64.2055,20,64205285729,199206,0
64.2539,20,64253693025,199206,0
64.3023,20,64302116321,199206,0
64.3608,20,64360584635,184200,1
64.3835,20,64383289683,184200,1
64.4065,20,64406193719,279400,1
64.4166,20,64416256737,306406,0
64.4626,20,64462405251,184200,1
64.4852,20,64484998287,184200,1
64.5082,20,64507958329,279400,1
64.5183,20,64518021347,279400,1
64.5258,20,64525543359,306406,0
64.5616,20,64561386831,184200,1
64.5841,20,64583871855,184200,1
64.6045,20,64604205879,306406,0
64.6657,20,64665497417,184200,1
64.6884,20,64688173459,184200,1
64.7165,20,64716161507,306406,0
64.7597,20,64759537997,184200,1
64.7723,20,64772113015,199206,0
64.803,20,64802823275,199206,0
64.8513,20,64851072583,199206,0
64.92,20,64919793903,184200,1
64.9452,20,64944992951,199206,0
64.9529,20,64952759169,184200,1
64.9708,20,64970619193,199206,0
65.0117,20,65011536471,199206,0
65.0549,20,65054676767,184200,1
65.0753,20,65075079803,199206,0
65.1112,20,65111002087,184200,1
65.1413,20,65141137141,184200,1
65.1644,20,65164077171,279400,1
65.1669,20,65166544171,306406,0
65.2052,20,65204995655,184200,1
65.2201,20,65219945667,199206,0
65.2762,20,65275973987,199206,0
65.3194,20,65319212259,199206,0
65.3679,20,65367720567,199206,0
65.4009,20,65400656827,199206,0
65.4748,20,65474644129,184200,1
65.5154,20,65515099195,306406,0
65.5533,20,65553125667,199206,0
65.6094,20,65609259975,184200,1
65.6323,20,65632148017,199206,0
65.6627,20,65662516271,184200,1
65.6881,20,65687936313,199206,0
65.7035,20,65703343549,199206,0
65.7645,20,65764363875,184200,1
65.7851,20,65784876917,199206,0
65.8078,20,65807633153,184200,1
65.8359,20,65835686207,184200,1
65.8662,20,65865846255,306406,0
65.9146,20,65914366075,199206,0
65.9581,20,65957875377,184200,1
65.9807,20,65980506419,199206,0
66.0114,20,66011196673,184200,1
66.0318,20,66031646709,199206,0
66.0648,20,66064658981,184200,1
66.0853,20,66085116017,199206,0
66.1083,20,66108054265,199206,0
66.1718,20,66171595591,199206,0
66.2153,20,66215140893,199206,0
66.2662,20,66266004195,199206,0
66.3121,20,66311949485,184200,1
66.3326,20,66332453527,184200,1
66.3654,20,66365138587,279400,1
66.3805,20,66380173611,279400,1
66.383,20,66382649611,306406,0
66.4062,20,66405992065,199206,0
66.467,20,66466781379,199206,0
66.5104,20,66510212663,184200,1
66.5305,20,66530347699,184200,1
66.5562,20,66555859747,306406,0
66.6247,20,66624547291,184200,1
66.6504,20,66649974333,398412,0
66.7139,20,66713712865,184200,1
66.7391,20,66738884913,199206,0
66.7623,20,66762062155,199206,0
66.8184,20,66818229481,199206,0
66.8668,20,66866598777,199206,0
66.918,20,66917774091,184200,1
66.946,20,66945847151,199206,0
66.9538,20,66953595369,184200,1
66.9739,20,66973685405,184200,1
66.9864,20,66986258417,184200,1
66.9889,20,66988725417,199206,0
67.0096,20,67009399665,184200,1
67.0373,20,67037132719,199206,0
67.0605,20,67060282961,184200,1
67.0731,20,67072931985,199206,0
67.1037,20,67103524263,199206,0
67.1624,20,67162219021,184200,1
67.1825,20,67182354057,184200,1
67.1977,20,67197497081,184200,1
67.2001,20,67199964081,184200,1
67.2027,20,67202431081,279400,1
67.213,20,67212677087,279400,1
67.2155,20,67215144087,306406,0
67.2665,20,67266309601,199206,0
67.3174,20,67317192897,184200,1
67.345,20,67344842945,199206,0
67.3608,20,67360563181,199206,0
67.4167,20,67416544489,184200,1
67.4368,20,67436650519,184200,1
67.4547,20,67454363555,306406,0
67.5006,20,67500420057,184200,1
67.5157,20,67515473081,184200,1
67.5386,20,67538444129,184200,1
67.5512,20,67550947147,279400,1
67.5537,20,67553441147,279400,1
67.564,20,67563743159,306406,0
67.6197,20,67619520673,184200,1
67.6401,20,67639948709,184200,1
67.6631,20,67662834739,279400,1
67.6656,20,67665301739,279400,1
67.6731,20,67672850751,279400,1
67.6781,20,67677829751,306406,0
67.7162,20,67716004235,184200,1
67.7392,20,67738993277,184200,1
67.757,20,67756668307,306406,0
67.8129,20,67812729815,199206,0
67.8537,20,67853519093,199206,0
67.9175,20,67917282437,184200,1
67.943,20,67942841491,184200,1
67.9683,20,67968011533,279400,1
67.9812,20,67980883563,279400,1
67.9862,20,67985873569,279400,1
67.9912,20,67990881575,306406,0
68.0142,20,68014048035,199206,0
68.0502,20,68050006319,184200,1
68.0654,20,68065178349,199206,0
68.1089,20,68108667645,184200,1
68.1265,20,68126270675,199206,0
68.1548,20,68154605941,184200,1
68.1599,20,68159667947,184200,1
68.1778,20,68177612983,184200,1
68.1853,20,68185096989,199206,0
68.2058,20,68205579243,184200,1
68.2184,20,68218201267,199206,0
68.2645,20,68264334581,184200,1
68.285,20,68284791617,199206,0
68.313,20,68312804883,199206,0
68.3715,20,68371291197,184200,1
68.402,20,68401737245,306406,0
68.4504,20,68450166741,199206,0
68.5189,20,68518716073,184200,1
68.5391,20,68538887109,184200,1
68.5672,20,68566857163,306406,0
68.6107,20,68610507659,199206,0
68.6616,20,68661417961,199206,0
68.7051,20,68704887251,184200,1
68.7152,20,68714977269,199206,0
68.7611,20,68760924565,184200,1
68.7838,20,68783573607,199206,0
68.8071,20,68806900867,184200,1
68.8222,20,68822036897,184200,1
68.8424,20,68842180933,199206,0
68.8605,20,68860314169,199206,0
68.9065,20,68906326471,184200,1
68.9217,20,68921462501,199206,0
68.9625,20,68962280779,199206,0
69.0259,20,69025730105,199206,0
69.0592,20,69059064377,184200,1
69.0769,20,69076667407,199206,0
69.115,20,69114778661,199206,0
69.1608,20,69160584945,199206,0
69.2041,20,69203917229,199206,0
69.2702,20,69270062567,184200,1
69.288,20,69287775603,184200,1
69.326,20,69325680663,306406,0
69.3537,20,69353555093,184200,1
69.3766,20,69376360123,199206,0
69.4199,20,69419710407,199206,0
69.4629,20,69462673685,199206,0
69.5012,20,69501002951,199206,0
69.5547,20,69554546265,184200,1
69.5726,20,69572379289,184200,1
69.5978,20,69597569337,199206,0
69.6084,20,69608189561,199206,0
69.6515,20,69651336851,184200,1
69.6615,20,69661361863,184200,1
69.677,20,69676819893,199206,0
69.7076,20,69707401165,199206,0
69.7663,20,69766093503,199206,0
69.8072,20,69807023793,184200,1
69.8251,20,69824874817,199206,0
69.876,20,69875859131,184200,1
69.9063,20,69906019179,279400,1
69.9394,20,69939071239,279400,1
69.9469,20,69946620251,306406,0
69.9522,20,69952017669,199206,0
70.0156,20,70015410983,199206,0
70.0665,20,70066330285,184200,1
70.1021,20,70101777351,306406,0
70.1555,20,70155292859,199206,0
70.219,20,70218758173,199206,0
70.2723,20,70272072475,199206,0
70.3155,20,70315276753,184200,1
70.346,20,70345751807,199206,0
70.3613,20,70361143049,199206,0
70.4172,20,70416976345,199206,0
70.4579,20,70457698605,199206,0
70.5114,20,70511239913,184200,1
70.5394,20,70539231967,184200,1
70.5746,20,70574364021,279400,1
70.5872,20,70586885039,306406,0
70.6054,20,70605251475,184200,1
70.6181,20,70617873499,184200,1
70.6385,20,70638321535,184200,1
70.6485,20,70648254541,199206,0
70.6613,20,70661084771,184200,1
70.679,20,70678770807,184200,1
70.6969,20,70696731837,184200,1
70.702,20,70701730843,306406,0
70.7579,20,70757702345,184200,1
70.7754,20,70775249369,199206,0
70.8138,20,70813647653,184200,1
70.8314,20,70831221677,184200,1
70.8493,20,70849070701,199206,0
70.8595,20,70859359925,184200,1
70.8747,20,70874466949,184200,1
70.8977,20,70897493997,199206,0
70.9205,20,70920360245,184200,1
70.9436,20,70943385287,184200,1
70.9738,20,70973518335,306406,0
71.0195,20,71019274801,199206,0
71.0579,20,71057709085,199206,0
71.1087,20,71108550369,184200,1
71.1239,20,71123695399,184200,1
71.1468,20,71146610441,184200,1
71.1519,20,71151609447,279400,1
71.1644,20,71164112465,306406,0
71.2025,20,71202284943,184200,1
71.2179,20,71217650973,199206,0
71.2511,20,71250945239,184200,1
71.2636,20,71263428251,199206,0
71.3043,20,71304072541,184200,1
71.3172,20,71316989571,199206,0
71.358,20,71357836861,199206,0
71.4011,20,71400948151,199206,0
71.4576,20,71457372477,184200,1
71.4677,20,71467480495,184200,1
71.4853,20,71485139531,199206,0
71.5033,20,71503089779,199206,0
71.5597,20,71559478099,199206,0
71.6054,20,71605233407,199206,0
71.6742,20,71674014739,199206,0
71.7176,20,71717430029,184200,1
71.7428,20,71742566071,184200,1
71.7684,20,71768049119,306406,0
71.814,20,71813826615,184200,1
71.832,20,71831769645,199206,0
71.8652,20,71865029911,199206,0
71.9132,20,71912983195,199206,0
71.9744,20,71974215497,184200,1
72.0022,20,72001899545,306406,0
72.0531,20,72052946053,184200,1
72.071,20,72070835083,184200,1
72.0812,20,72080997101,184200,1
72.0936,20,72093462113,184200,1
72.1063,20,72106030137,306406,0
72.1573,20,72157054639,199206,0
72.2082,20,72208027947,199206,0
72.2541,20,72253854231,199206,0
72.31,20,72309837545,184200,1
72.3225,20,72322356557,184200,1
72.3404,20,72340234581,184200,1
72.3531,20,72352802605,279400,1
72.3556,20,72355287605,279400,1
72.3605,20,72360223605,279400,1
72.3705,20,72370230617,279400,1
72.3933,20,72393051647,279400,1
72.4162,20,72415754689,401606,0
72.4518,20,72451614349,199206,0
72.5077,20,72507505657,199206,0
72.5611,20,72560934959,184200,1
72.5866,20,72586411007,199206,0
72.6045,20,72604287249,199206,0
72.6531,20,72652894557,199206,0
72.704,20,72703808859,199206,0
72.7625,20,72762270179,184200,1
72.7853,20,72785120209,199206,0
72.8033,20,72803097457,199206,0
72.8619,20,72861693777,184200,1
72.8898,20,72889627825,184200,1
72.9176,20,72917273867,306406,0
72.9584,20,72958226345,184200,1
72.9735,20,72973315369,199206,0
73.0018,20,73001569635,199206,0
73.0502,20,73050003937,184200,1
73.0578,20,73057606949,199206,0
73.1088,20,73108623245,184200,1
73.129,20,73128796287,184200,1
73.1544,20,73154140317,306406,0
73.2004,20,73200219807,184200,1
73.2155,20,73215272831,199206,0
73.2539,20,73253752115,184200,1
73.2715,20,73271328145,199206,0
73.3075,20,73307277429,199206,0
73.3531,20,73352965725,184200,1
73.3661,20,73365882755,184200,1
73.3863,20,73386073797,184200,1
73.3966,20,73396449815,199206,0
73.4044,20,73404263039,184200,1
73.4145,20,73414297051,184200,1
73.4271,20,73426928075,184200,1
73.4346,20,73434459087,184200,1
73.4371,20,73436935087,199206,0
73.4578,20,73457582329,184200,1
73.4704,20,73470204353,199206,0
73.5088,20,73508631643,199206,0
73.5674,20,73567236963,199206,0
73.6135,20,73613341271,199206,0
73.6747,20,73674509609,199206,0
73.718,20,73717814893,199206,0
73.751,20,73750843159,199206,0
73.8021,20,73801937479,184200,1
73.8176,20,73817359509,199206,0
73.8556,20,73855388787,184200,1
73.8657,20,73865496805,184200,1
73.8911,20,73890898853,184200,1
73.9012,20,73900905865,279400,1
73.9037,20,73903381865,279400,1
73.9062,20,73905848865,306406,0
73.9727,20,73972517409,184200,1
73.9929,20,73992706445,184200,1
74.0261,20,74025760511,306406,0
74.0665,20,74066260977,199206,0
74.1099,20,74109692261,184200,1
74.1304,20,74130178303,199206,0
74.1635,20,74163255581,199206,0
74.2095,20,74209267883,199206,0
74.273,20,74272764209,199206,0
74.3214,20,74321185499,184200,1
74.3465,20,74346346541,199206,0
74.3645,20,74364314789,199206,0
74.418,20,74417784097,184200,1
74.441,20,74440838151,199206,0
74.4664,20,74466265411,184200,1
74.497,20,74496794465,184200,1
74.5276,20,74527276513,306406,0
74.5708,20,74570636021,184200,1
74.6114,20,74611082087,279400,1
74.6546,20,74654244171,401606,0
74.7106,20,74710420885,199206,0
74.7691,20,74768889199,184200,1
74.7867,20,74786546229,184200,1
74.8198,20,74819479289,306406,0
74.8581,20,74857946767,184200,1
74.8783,20,74878119809,199206,0
74.904,20,74903822069,199206,0
74.9548,20,74954647359,199206,0
75.0108,20,75010619673,184200,1
75.0333,20,75033100697,199206,0
75.0566,20,75056353951,199206,0
75.1076,20,75107383259,184200,1
75.1251,20,75124865277,199206,0
75.1658,20,75165598549,184200,1
75.1935,20,75193302603,184200,1
75.242,20,75241688693,306406,0
75.2523,20,75252103117,199206,0
75.3082,20,75308014425,184200,1
75.3232,20,75323047443,184200,1
75.3383,20,75338107461,199206,0
75.3589,20,75358716703,184200,1
75.3741,20,75373877727,184200,1
75.3942,20,75394021763,199206,0
75.4175,20,75417264011,199206,0
75.4533,20,75453119283,199206,0
75.504,20,75503828597,184200,1
75.5219,20,75521717633,184200,1
75.5395,20,75539309657,184200,1
75.5473,20,75547088669,184200,1
75.5524,20,75552096675,279400,1
75.565,20,75564673699,279400,1
75.5674,20,75567140699,306406,0
75.6002,20,75600020153,199206,0
75.654,20,75653816009,184200,1
75.669,20,75668822027,199206,0
75.7124,20,75712172311,184200,1
75.7274,20,75727223329,199206,0
75.7607,20,75760519601,199206,0
75.8013,20,75801087879,199206,0
75.8599,20,75859676187,199206,0
75.9029,20,75902706471,199206,0
75.9666,20,75966426773,199206,0
76.0047,20,76004503057,184200,1
76.0176,20,76017420081,199206,0
76.0556,20,76055373347,199206,0
76.1165,20,76116337667,184200,1
76.1493,20,76149102709,184200,1
76.18,20,76179716769,279400,1
76.1925,20,76192237787,279400,1
76.195,20,76194704787,279400,1
76.2026,20,76202217799,401606,0
76.2691,20,76268891537,184200,1
76.3043,20,76304036597,279400,1
76.3475,20,76347171681,306406,0
76.3653,20,76365155123,184200,1
76.3908,20,76390555165,199206,0
76.4186,20,76418456419,184200,1
76.4441,20,76443912461,184200,1
76.4771,20,76476825515,306406,0
76.5177,20,76517513999,184200,1
76.5456,20,76545419041,199206,0
76.5584,20,76558168265,199206,0
76.6094,20,76609195567,199206,0
76.6551,20,76654929845,199206,0
76.7061,20,76705905153,199206,0
76.7645,20,76764297461,199206,0
76.8054,20,76805189745,199206,0
76.869,20,76868787071,184200,1
76.892,20,76891841119,184200,1
76.9123,20,76911974149,306406,0
76.9583,20,76958140657,184200,1
76.976,20,76975799693,184200,1
77.0066,20,77006274747,306406,0
77.0601,20,77059889267,184200,1
77.0652,20,77064978273,199206,0
77.1161,20,77115852581,199206,0
77.1669,20,77166722871,184200,1
77.1899,20,77189711913,199206,0
77.2002,20,77200039143,199206,0
77.2587,20,77258554463,184200,1
77.2864,20,77286159511,199206,0
77.3045,20,77304348753,199206,0
77.3529,20,77352669043,199206,0
77.4165,20,77416300369,184200,1
77.4367,20,77436518411,199206,0
77.4547,20,77454521641,184200,1
77.4774,20,77477262689,184200,1
77.5104,20,77510110737,279400,1
77.523,20,77522687761,306406,0
77.5637,20,77563483227,184200,1
77.5738,20,77573571239,199206,0
77.6018,20,77601653475,184200,1
77.6144,20,77614248499,199206,0
77.6524,20,77652254783,184200,1
77.6628,20,77662592795,199206,0
77.7034,20,77703227055,199206,0
77.7541,20,77753912351,184200,1
77.7695,20,77769343381,184200,1
77.7821,20,77781889393,199206,0
77.8153,20,77815120653,184200,1
77.8455,20,77845264707,199206,0
77.8558,20,77855598931,199206,0
77.9069,20,77906710227,184200,1
77.9369,20,77936762275,184200,1
77.9676,20,77967300329,279400,1
77.97,20,77969767329,279400,1
77.9725,20,77972234329,306406,0
78.0083,20,78008115807,199206,0
78.064,20,78063842127,184200,1
78.082,20,78081785163,184200,1
78.1101,20,78109802217,306406,0
78.1686,20,78168431731,199206,0
78.2195,20,78219344039,199206,0
78.2626,20,78262435323,184200,1
78.2806,20,78280425359,184200,1
78.2957,20,78295503377,199206,0
78.3084,20,78308241601,184200,1
78.3289,20,78328698637,184200,1
78.3542,20,78353897685,306406,0
78.4127,20,78412482199,199206,0
78.451,20,78450804477,199206,0
78.5173,20,78517094791,199206,0
78.5605,20,78560280087,199206,0
78.6014,20,78601203377,199206,0
78.6575,20,78657258691,199206,0
78.7111,20,78710952023,184200,1
78.7391,20,78738942077,199206,0
78.7546,20,78754378319,184200,1
78.7722,20,78772010355,184200,1
78.7852,20,78784999379,199206,0
78.8081,20,78807874627,184200,1
78.8286,20,78828385663,199206,0
78.8514,20,78851224911,199206,0
78.9124,20,78912227231,184200,1
78.9303,20,78930105255,184200,1
78.9455,20,78945295285,199206,0
78.9633,20,78963133521,184200,1
78.9834,20,78983194545,199206,0
79.0066,20,79006429799,199206,0
79.0502,20,79050022107,199206,0
79.1013,20,79101116421,184200,1
79.1113,20,79111141433,199206,0
79.1547,20,79154453711,199206,0
79.2158,20,79215566043,199206,0
79.2616,20,79261419327,199206,0
79.3101,20,79309889629,199206,0
79.356,20,79355816919,184200,1
79.3762,20,79375980961,199206,0
79.4019,20,79401746215,184200,1
79.4095,20,79409313227,184200,1
79.4246,20,79424449257,184200,1
79.4296,20,79429439263,184200,1
79.4474,20,79447189281,184200,1
79.4498,20,79449656281,184200,1
79.46,20,79459712299,279400,1
79.4726,20,79472314317,306406,0
79.5085,20,79508269795,184200,1
79.526,20,79525816819,184200,1
79.554,20,79553723861,306406,0
79.6227,20,79622530411,184200,1
79.6557,20,79655436459,306406,0
79.7166,20,79716388967,184200,1
79.752,20,79751724021,279400,1
79.7822,20,79781920069,279400,1
79.7898,20,79789460081,306406,0
79.8228,20,79822632535,199206,0
79.8561,20,79855899795,184200,1
79.876,20,79875839813,199206,0
79.9219,20,79921760109,184200,1
79.9471,20,79946921151,199206,0
79.9526,20,79952459363,184200,1
79.9652,20,79964998381,199206,0
80.011,20,80010752659,199206,0
80.0542,20,80054001937,199206,0
80.1046,20,80104453221,184200,1
80.125,20,80124858257,184200,1
80.1453,20,80145085299,184200,1
80.1478,20,80147588299,184200,1
80.1581,20,80157834311,279400,1
80.1681,20,80167785317,306406,0
80.2087,20,80208478795,184200,1
80.2267,20,80226450831,199206,0
80.2625,20,80262270103,184200,1
80.2825,20,80282349133,199206,0
80.3104,20,80310203381,199206,0
80.3639,20,80363718665,199206,0
80.4096,20,80409428973,184200,1
80.425,20,80424830997,199206,0
80.4683,20,80468060269,199206,0
80.5138,20,80513598547,199206,0
80.552,20,80551819813,184200,1
80.5571,20,80556872819,184200,1
80.58,20,80579789861,184200,1
80.5875,20,80587320873,184200,1
80.5925,20,80592346879,184200,1
80.595,20,80594822879,199206,0
80.6003,20,80600122097,199206,0
80.6716,20,80671406435,199206,0
80.707,20,80706836695,199206,0
80.7555,20,80755286991,199206,0
80.8266,20,80826352335,199206,0
80.8521,20,80851913577,184200,1
80.8647,20,80864452595,199206,0
80.9031,20,80902933885,199206,0
80.959,20,80958776187,184200,1
80.9715,20,80971351205,184200,1
80.9894,20,80989229235,199206,0
81.0072,20,81007022471,184200,1
81.0352,20,81035050525,184200,1
81.0655,20,81065156567,306406,0
81.1163,20,81116134063,199206,0
81.172,20,81171830347,199206,0
81.2204,20,81220226643,199206,0
81.2663,20,81266126939,184200,1
81.2918,20,81291573981,184200,1
81.3195,20,81319258029,279400,1
81.3271,20,81326771041,306406,0
81.3502,20,81350010489,199206,0
81.4012,20,81401030797,184200,1
81.4113,20,81411111815,199206,0
81.4595,20,81459266081,184200,1
81.4771,20,81476869111,199206,0
81.5205,20,81520284401,199206,0
81.5512,20,81551014661,199206,0
81.6172,20,81616977987,184200,1
81.6373,20,81637084017,199206,0
81.6579,20,81657740259,199206,0
81.7164,20,81716188567,184200,1
81.7388,20,81738588579,199206,0
81.762,20,81761821827,184200,1
81.7796,20,81779386851,184200,1
81.8077,20,81807403905,306406,0
81.8612,20,81861024015,199206,0
81.9071,20,81906935317,184200,1
81.9272,20,81926987347,184200,1
81.9578,20,81957527407,306406,0
82.0086,20,82008367891,199206,0
82.0696,20,82069429205,184200,1
82.0973,20,82097142259,184200,1
82.1278,20,82127559301,279400,1
82.1379,20,82137613319,306406,0
82.1737,20,82173494791,184200,1
82.2118,20,82211547863,279400,1
82.2472,20,82246845929,306406,0
82.2574,20,82257195347,184200,1
82.2778,20,82277643383,184200,1
82.3005,20,82300218413,279400,1
82.3109,20,82310567431,306406,0
82.3613,20,82361130915,199206,0
82.41,20,82409845211,199206,0
82.4532,20,82453048507,184200,1
82.4737,20,82473507549,184200,1
82.5066,20,82506304621,306406,0
82.5651,20,82564898135,184200,1
82.5881,20,82587869177,199206,0
82.6085,20,82608333431,184200,1
82.6264,20,82626193455,184200,1
82.6441,20,82643897491,199206,0
82.6568,20,82656633709,184200,1
82.6822,20,82682062757,184200,1
82.7049,20,82704606781,279400,1
82.7074,20,82707073781,306406,0
82.7608,20,82760576283,184200,1
82.7837,20,82783482319,199206,0
82.827,20,82826758597,199206,0
82.8675,20,82867272875,184200,1
82.8879,20,82887691905,199206,0
82.9209,20,82920728153,199206,0
82.9641,20,82963940449,184200,1
82.9846,20,82984397485,184200,1
83.0073,20,83007026521,279400,1
83.0174,20,83017062539,306406,0
83.0608,20,83060585029,199206,0
83.1041,20,83103935319,199206,0
83.1729,20,83172670669,184200,1
83.1957,20,83195518699,199206,0
83.2111,20,83210945941,184200,1
83.2341,20,83233907983,199206,0
83.2544,20,83254242225,184200,1
83.267,20,83266846249,184200,1
83.29,20,83289752291,199206,0
83.3027,20,83302537521,199206,0
83.3537,20,83353519829,199206,0
83.4071,20,83406902125,184200,1
83.4271,20,83426954155,184200,1
83.4553,20,83454982209,306406,0
83.5036,20,83503371687,184200,1
83.5162,20,83515975711,199206,0
83.5571,20,83556960001,184200,1
83.5747,20,83574498025,184200,1
83.5923,20,83592090049,184200,1
83.6027,20,83602448073,279400,1
83.6078,20,83607483079,306406,0
83.6636,20,83663425581,184200,1
83.6888,20,83688597629,199206,0
83.7172,20,83716966889,184200,1
83.7401,20,83739955931,184200,1
83.773,20,83772714997,306406,0
83.8114,20,83811193481,199206,0
83.8524,20,83852244783,184200,1
83.865,20,83864839807,184200,1
83.8827,20,83882516843,184200,1
83.8928,20,83892579861,199206,0
83.9085,20,83908320103,199206,0
83.9595,20,83959338405,199206,0
84.0056,20,84005352713,199206,0
84.0642,20,84063998051,199206,0
84.1228,20,84122576371,184200,1
84.1508,20,84150564425,279400,1
84.1786,20,84178322479,279400,1
84.1837,20,84183357485,306406,0
84.222,20,84221837975,199206,0
84.2605,20,84260279253,199206,0
84.319,20,84318821573,199206,0
84.355,20,84354806857,199206,0
84.4237,20,84423479207,184200,1
84.4539,20,84453621255,279400,1
84.4869,20,84486617315,279400,1
84.4919,20,84491560315,306406,0
84.5176,20,84517398775,199206,0
84.5662,20,84565988083,199206,0
84.6116,20,84611407355,184200,1
84.6246,20,84624369379,184200,1
84.6496,20,84649420415,184200,1
84.6522,20,84651923415,306406,0
84.7107,20,84710496929,184200,1
84.7312,20,84731000971,184200,1
84.7615,20,84761172025,306406,0
84.8024,20,84802218515,199206,0
84.8662,20,84866007841,199206,0
84.9194,20,84919173149,199206,0
84.9681,20,84967904451,184200,1
84.9908,20,84990580493,199206,0
85.0111,20,85010858729,199206,0
85.0774,20,85077209061,199206,0
85.1078,20,85107624321,184200,1
85.1333,20,85133082369,199206,0
85.1612,20,85160999617,199206,0
85.2097,20,85209532925,184200,1
85.2273,20,85227079949,184200,1
85.2553,20,85255041003,306406,0
85.314,20,85313773529,184200,1
85.3339,20,85333749547,199206,0
85.3699,20,85369651825,199206,0
85.4083,20,85408131109,199206,0
85.467,20,85466794441,184200,1
85.4924,20,85492185477,199206,0
85.5052,20,85505053713,184200,1
85.5228,20,85522573731,184200,1
85.5458,20,85545562773,199206,0
85.5586,20,85558420003,199206,0
85.6044,20,85604246287,199206,0
85.6503,20,85650128577,199206,0
85.7164,20,85716179897,199206,0
85.7521,20,85751925169,199206,0
85.813,20,85812782465,184200,1
85.8406,20,85840412513,184200,1
85.8788,20,85878483585,306406,0
85.9071,20,85906953051,184200,1
85.9222,20,85922033075,184200,1
85.9474,20,85947261129,184200,1
85.9504,20,85950050135,306406,0
86.0163,20,86016154661,184200,1
86.0339,20,86033746685,184200,1
86.0596,20,86059249733,306406,0
86.1005,20,86100251229,199206,0
86.1563,20,86156066525,199206,0
86.2149,20,86214754851,184200,1
86.2401,20,86239870893,199206,0
86.2554,20,86255206129,184200,1
86.2783,20,86278139171,199206,0
86.3067,20,86306474437,199206,0
86.3573,20,86357161739,184200,1
86.3728,20,86372554769,199206,0
86.406,20,86405833035,184200,1
86.4186,20,86418455059,184200,1
86.4363,20,86436076089,184200,1
86.4413,20,86441093095,184200,1
86.4463,20,86446119101,184200,1
86.4565,20,86456173119,279400,1
86.4589,20,86458640119,279400,1
86.4819,20,86481629161,306406,0
86.5052,20,86505018621,199206,0
86.5534,20,86553211923,184200,1
86.5663,20,86566072947,184200,1
86.589,20,86588777995,184200,1
86.599,20,86598841013,184200,1
86.612,20,86611722037,279400,1
86.622,20,86621720049,306406,0
86.6601,20,86659937527,184200,1
86.6781,20,86677853557,199206,0
86.7165,20,86716307847,199206,0
86.7547,20,86754451143,199206,0
86.8186,20,86818366469,184200,1
86.8363,20,86836079505,184200,1
86.8616,20,86861269553,306406,0
86.9051,20,86904866049,184200,1
86.9205,20,86920297079,199206,0
86.951,20,86950804345,184200,1
86.9586,20,86958371357,199206,0
87.0045,20,87004271647,184200,1
87.0224,20,87022216683,199206,0
87.0681,20,87067897985,199206,0
87.1115,20,87111270281,184200,1
87.1294,20,87129204311,199206,0
87.1648,20,87164618577,199206,0
87.2083,20,87208129885,199206,0
87.2666,20,87266376187,199206,0
87.3227,20,87322544495,199206,0
87.3683,20,87368059785,199206,0
87.4042,20,87404003051,199206,0
87.4677,20,87467535377,199206,0
87.5136,20,87513397667,184200,1
87.5291,20,87528882697,199206,0
87.5695,20,87569331969,184200,1
87.6003,20,87599928035,398412,0
87.6664,20,87666207567,199206,0
87.7048,20,87704621845,184200,1
87.7224,20,87722197875,199206,0
87.7683,20,87768118171,184200,1
87.7909,20,87790693201,199206,0
87.8041,20,87803892437,199206,0
87.875,20,87874809769,199206,0
87.9134,20,87913228059,199206,0
87.972,20,87971848397,199206,0
88.013,20,88012816693,184200,1
88.0332,20,88032960729,199206,0
88.0562,20,88055989959,184200,1
88.0663,20,88066097977,199206,0
88.1249,20,88124721297,199206,0
88.1583,20,88158075575,184200,1
88.1758,20,88175624599,199206,0
88.2218,20,88221553895,199206,0
88.2625,20,88262363173,184200,1
88.2851,20,88284900203,199206,0
88.3083,20,88308077445,199206,0
88.3542,20,88354035747,184200,1
88.3618,20,88361611759,184200,1
88.3893,20,88389149801,184200,1
88.3943,20,88394148807,199206,0
88.4047,20,88404530037,199206,0
88.4685,20,88468308351,199206,0
88.5119,20,88511712635,184200,1
88.527,20,88526819659,184200,1
88.5551,20,88554818713,279400,1
88.5601,20,88559808719,306406,0
88.6057,20,88605523215,184200,1
88.6236,20,88623374245,199206,0
88.6514,20,88651239499,199206,0
88.7025,20,88702279819,184200,1
88.7154,20,88715187843,199206,0
88.7613,20,88761151139,184200,1
88.7764,20,88776202157,184200,1
88.8042,20,88803888211,279400,1
88.8066,20,88806355211,279400,1
88.8142,20,88813886223,279400,1
88.822,20,88821721015,306406,0
88.8576,20,88857372493,184200,1
88.8755,20,88875279529,199206,0
88.9009,20,88900749783,184200,1
88.911,20,88910774795,199206,0
88.9699,20,88969686121,184200,1
89.0002,20,88999801169,398412,0
89.0667,20,89066480713,184200,1
89.0919,20,89091670761,199206,0
89.1072,20,89107059997,184200,1
89.1252,20,89124967033,184200,1
89.1454,20,89145185075,184200,1
89.1478,20,89147652075,184200,1
89.1555,20,89155192087,279400,1
89.158,20,89157659087,306406,0
89.204,20,89203771595,184200,1
89.219,20,89218833619,184200,1
89.2444,20,89244262661,184200,1
89.2469,20,89246729661,184200,1
89.252,20,89251737667,279400,1
89.2545,20,89254204667,279400,1
89.262,20,89261717679,279400,1
89.2899,20,89289602715,279400,1
89.3202,20,89319762763,401606,0
89.361,20,89360828441,184200,1
89.3763,20,89376136459,199206,0
89.4219,20,89421743755,184200,1
89.4474,20,89447161791,199206,0
89.4677,20,89467523033,199206,0
89.5035,20,89503353311,184200,1
89.5135,20,89513331317,184200,1
89.5261,20,89525906335,184200,1
89.5339,20,89533732347,184200,1
89.5389,20,89538702347,184200,1
89.5565,20,89556251377,279400,1
89.5615,20,89561203377,306406,0
89.615,20,89614799891,199206,0
89.656,20,89655818181,199206,0
89.707,20,89706804495,184200,1
89.7245,20,89724342519,199206,0
89.763,20,89762758803,199206,0
89.8062,20,89806035087,199206,0
89.8748,20,89874629419,199206,0
89.9157,20,89915550709,199206,0
89.9643,20,89964122017,199206,0
90.0203,20,90020105331,184200,1
90.0459,20,90045673385,184200,1
90.0786,20,90078329439,279400,1
90.089,20,90088705457,306406,0
90.1119,20,90111694899,184200,1
90.1271,20,90126857929,199206,0
90.1502,20,90150037177,184200,1
90.1603,20,90160089189,184200,1
90.1729,20,90172720213,184200,1
90.1779,20,90177719219,199206,0
90.2011,20,90200925467,199206,0
90.2595,20,90259339781,199206,0
90.3106,20,90310378089,184200,1
90.3357,20,90335541137,184200,1
90.3538,20,90353482167,306406,0
90.4099,20,90409675699,184200,1
90.42,20,90419792717,199206,0
90.4583,20,90458098995,199206,0
90.5092,20,90508982297,184200,1
90.5318,20,90531613339,199206,0
90.5573,20,90557083593,184200,1
90.5801,20,90579906629,184200,1
90.6032,20,90602922671,306406,0
90.6589,20,90658745185,184200,1
90.6769,20,90676717227,184200,1
90.705,20,90704678275,279400,1
90.71,20,90709668281,306406,0
90.7608,20,90760610795,199206,0
90.8045,20,90804276085,199206,0
90.8502,20,90850020387,184200,1
90.8731,20,90872881429,184200,1
90.9034,20,90903126489,279400,1
90.9059,20,90905593489,279400,1
90.9213,20,90920988525,279400,1
90.9237,20,90923455525,279400,1
90.9313,20,90930986537,306406,0
90.9517,20,90951508979,199206,0
91.0077,20,91007501293,184200,1
91.033,20,91032838335,184200,1
91.0583,20,91058008377,306406,0
91.104,20,91103764837,199206,0
91.1701,20,91169872163,184200,1
91.1956,20,91195384217,199206,0
91.2034,20,91203206441,184200,1
91.2188,20,91218637471,199206,0
91.2621,20,91261878773,184200,1
91.28,20,91279756803,199206,0
91.3104,20,91310237069,199206,0
91.3691,20,91368855401,199206,0
91.4125,20,91412306691,184200,1
91.438,20,91437838745,199206,0
91.4534,20,91453209981,184200,1
91.4814,20,91481227035,184200,1
91.5117,20,91511387083,306406,0
91.5627,20,91562451591,199206,0
91.6086,20,91608373893,199206,0
91.6621,20,91661890207,184200,1
91.685,20,91684798243,199206,0
91.7053,20,91705132485,199206,0
91.7589,20,91758711793,184200,1
91.769,20,91768828811,199206,0
91.8099,20,91809703095,199206,0
91.8635,20,91863311415,184200,1
91.8837,20,91883455451,199206,0
91.9095,20,91909276717,184200,1
91.9271,20,91926879747,184200,1
91.9551,20,91954840801,306406,0
92.0035,20,92003353297,184200,1
92.0161,20,92015901315,199206,0
92.0518,20,92051639587,199206,0
92.1002,20,92100008877,184200,1
92.1228,20,92122628913,184200,1
92.1509,20,92150616961,306406,0
92.2042,20,92204027457,199206,0
92.2525,20,92252327741,184200,1
92.2576,20,92257380747,184200,1
92.2751,20,92274956777,184200,1
92.2776,20,92277423777,199206,0
92.3058,20,92305566025,199206,0
92.3543,20,92354108333,199206,0
92.4254,20,92425207677,199206,0
92.4737,20,92473529973,184200,1
92.5067,20,92506443021,279400,1
92.5368,20,92536520057,306406,0
92.5651,20,92564870517,184200,1
92.5827,20,92582556553,184200,1
92.6029,20,92602606577,306406,0
92.6591,20,92658925079,199206,0
92.7047,20,92704467369,199206,0
92.7735,20,92773313707,199206,0
92.8118,20,92811579973,199206,0
92.8526,20,92852407245,184200,1
92.8626,20,92862432257,199206,0
92.9007,20,92900519547,184200,1
92.9083,20,92908086559,199206,0
92.9547,20,92954467873,199206,0
93.0002,20,93000001163,199206,0
93.0561,20,93055955471,184200,1
93.0741,20,93073918513,199206,0
93.1172,20,93116964797,199206,0
93.166,20,93165829099,184200,1
93.1887,20,93188505141,199206,0
93.204,20,93203793371,184200,1
93.2294,20,93229242413,199206,0
93.2703,20,93270134697,199206,0
93.3082,20,93307988963,184200,1
93.3207,20,93320507975,199206,0
93.3643,20,93364133259,184200,1
93.392,20,93391763307,199206,0
93.4047,20,93404492531,199206,0
93.4557,20,93455532845,184200,1
93.4711,20,93470925869,184200,1
93.4887,20,93488499893,199206,0
93.5091,20,93508962141,184200,1
93.5242,20,93523995159,184200,1
93.5472,20,93547022207,184200,1
93.5598,20,93559534225,279400,1
93.5623,20,93562010225,306406,0
93.603,20,93602780703,184200,1
93.618,20,93617842727,184200,1
93.6309,20,93630701745,199206,0
93.6664,20,93666190017,184200,1
93.6944,20,93694263077,184200,1
93.7246,20,93724313113,306406,0
93.7529,20,93752672573,199206,0
93.8014,20,93801189881,199206,0
93.8623,20,93862143195,199206,0
93.9257,20,93925523503,199206,0
93.9591,20,93958938775,199206,0
94.0151,20,94014922095,199206,0
94.0611,20,94060878391,184200,1
94.0736,20,94073415403,199206,0
94.1143,20,94114096675,199206,0
94.1526,20,94152389947,184200,1
94.1676,20,94167442971,184200,1
94.1856,20,94185386001,184200,1
94.1881,20,94187862001,199206,0
94.2059,20,94205702237,184200,1
94.231,20,94230838285,184200,1
94.2591,20,94258779327,306406,0
94.3152,20,94315022841,199206,0
94.3636,20,94363383137,184200,1
94.3787,20,94378499161,199206,0
94.4195,20,94419330445,199206,0
94.4554,20,94455158717,199206,0
94.509,20,94508801031,199206,0
94.5601,20,94559897351,199206,0
94.6035,20,94603330647,199206,0
94.6517,20,94651494943,184200,1
94.6646,20,94664402973,199206,0
94.7002,20,94700020233,199206,0
94.761,20,94760845547,199206,0
94.8044,20,94804175825,199206,0
94.868,20,94867818163,184200,1
94.8882,20,94887980199,184200,1
94.9238,20,94923548271,279400,1
94.9263,20,94926042271,279400,1
94.9413,20,94941021289,306406,0
94.9567,20,94956555731,184200,1
94.9772,20,94977030767,184200,1
94.9974,20,94997201803,199206,0
95.003,20,95002785021,184200,1
95.0281,20,95027921069,199206,0
95.0667,20,95066485365,199206,0
95.1101,20,95109956661,184200,1
95.1253,20,95125101691,199206,0
95.1557,20,95155543951,199206,0
95.2196,20,95219445289,199206,0
95.2575,20,95257335555,199206,0
95.306,20,95305767851,199206,0
95.3646,20,95364391171,184200,1
95.3875,20,95387306207,184200,1
95.4155,20,95415238249,306406,0
95.4611,20,95460916739,199206,0
95.515,20,95514795059,199206,0
95.5505,20,95550303337,199206,0
95.6217,20,95621482645,199206,0
95.6647,20,95664463923,199206,0
95.7056,20,95705414219,199206,0
95.759,20,95758816509,184200,1
95.7716,20,95771391527,199206,0
95.8024,20,95802175799,184200,1
95.8099,20,95809744811,184200,1
95.8303,20,95830109841,199206,0
95.8508,20,95850574095,184200,1
95.8784,20,95878249143,184200,1
95.9116,20,95911292203,306406,0
95.9702,20,95969999735,184200,1
95.9882,20,95987969765,199206,0
96.0036,20,96003370007,184200,1
96.034,20,96033789055,199206,0
96.0696,20,96069454345,184200,1
96.0926,20,96092452387,184200,1
96.1205,20,96120183441,306406,0
96.1615,20,96161281925,199206,0
96.2176,20,96217415257,199206,0
96.2535,20,96253326535,199206,0
96.302,20,96301843843,184200,1
96.3146,20,96314382861,199206,0
96.3656,20,96365403169,199206,0
96.414,20,96413770465,199206,0
96.4573,20,96457149755,199206,0
96.5008,20,96500612057,199206,0
96.5594,20,96559208377,184200,1
96.5745,20,96574297401,184200,1
96.5872,20,96586955425,199206,0
96.6103,20,96610134679,184200,1
96.6356,20,96635416733,184200,1
96.6737,20,96673413799,306406,0
96.7071,20,96706902283,184200,1
96.7247,20,96724496313,184200,1
96.7451,20,96744859337,199206,0
96.7605,20,96760277579,184200,1
96.7856,20,96785411621,184200,1
96.8113,20,96811006675,306406,0
96.8648,20,96864641195,184200,1
96.885,20,96884785231,199206,0
96.9054,20,96905155473,199206,0
96.9592,20,96958991787,199206,0
97.0101,20,97009929089,199206,0
97.0636,20,97063369391,184200,1
97.0887,20,97088485433,199206,0
97.1067,20,97106460675,199206,0
97.173,20,97172786013,199206,0
97.2034,20,97203237273,199206,0
97.2518,20,97251575563,184200,1
97.2722,20,97271969605,199206,0
97.3126,20,97312393883,199206,0
97.3535,20,97353295173,199206,0
97.4171,20,97416874505,184200,1
97.4425,20,97442265547,199206,0
97.4503,20,97450159771,184200,1
97.4707,20,97470533801,199206,0
97.5063,20,97506096079,199206,0
97.5751,20,97574904411,199206,0
97.608,20,97607824677,184200,1
97.6234,20,97623226701,184200,1
97.6537,20,97653370755,279400,1
97.6562,20,97655891755,279400,1
97.6587,20,97658394755,306406,0
97.707,20,97706835251,184200,1
97.7275,20,97727258287,199206,0
97.7683,20,97768089571,184200,1
97.7959,20,97795690613,184200,1
97.8161,20,97815850643,279400,1
97.8186,20,97818326643,279400,1
97.8289,20,97828619655,306406,0
97.8618,20,97861645115,184200,1
97.8773,20,97877121145,199206,0
97.9052,20,97904988399,199206,0
97.9563,20,97956145713,199206,0
98.0149,20,98014733033,184200,1
98.03,20,98029849057,184200,1
98.0531,20,98052764093,306406,0
98.1192,20,98119027631,199206,0
98.1625,20,98162314915,199206,0
98.216,20,98215766229,199206,0
98.2592,20,98259017513,199206,0
98.3051,20,98304953803,184200,1
98.3201,20,98319959821,184200,1
98.3406,20,98340360851,199206,0
98.3608,20,98360592081,199206,0
98.4143,20,98414124389,199206,0
98.4552,20,98454969667,199206,0
98.5061,20,98505924969,199206,0
98.5698,20,98569567301,184200,1
98.6004,20,98600107361,306406,0
98.674,20,98673818905,184200,1
98.7046,20,98704329959,306406,0
98.753,20,98752844467,199206,0
98.8165,20,98816300781,199206,0
98.86,20,98859826077,199206,0
98.9033,20,98903140361,199206,0
98.9567,20,98956466651,184200,1
98.9793,20,98979088693,199206,0
99.0203,20,99020052977,199206,0
99.0506,20,99050414237,184200,1
99.0787,20,99078512297,184200,1
99.0963,20,99096158321,184200,1
99.1017,20,99101461333,279400,1
99.1193,20,99119066369,279400,1
99.1318,20,99131531381,306406,0
99.1601,20,99159872841,199206,0
99.216,20,99215800149,184200,1
99.2387,20,99238476191,199206,0
99.2669,20,99266701451,184200,1
99.2895,20,99289321487,184200,1
99.3226,20,99322283541,279400,1
99.3276,20,99327273547,279400,1
99.3325,20,99332263553,279400,1
99.34,20,99339729559,306406,0
99.3529,20,99352702989,199206,0
99.4013,20,99401094291,184200,1
99.4141,20,99413946309,184200,1
99.4292,20,99429053333,184200,1
99.4343,20,99434061339,199206,0
99.4545,20,99454310569,199206,0
99.5004,20,99500210859,199206,0
99.5614,20,99561225173,199206,0
99.6074,20,99607165475,199206,0
99.6583,20,99658163771,184200,1
99.6763,20,99676148015,199206,0
99.7068,20,99706574281,199206,0
99.7652,20,99765015595,199206,0
99.8084,20,99808246873,184200,1
99.8237,20,99823536885,199206,0
99.8542,20,99853988145,184200,1
99.8692,20,99869050169,199206,0
99.9101,20,99909933453,184200,1
99.923,20,99922821471,199206,0
99.9686,20,99968444761,199206,0
100.012,20,100011759045,199206,0
100.055,20,100055051317,184200,1
100.073,20,100072571341,184200,1
100.096,20,100095560383,184200,1
100.098,20,100098045383,184200,1
100.106,20,100105558395,279400,1
100.108,20,100108025395,279400,1
100.113,20,100113017401,279400,1
100.141,20,100140839431,279400,1
100.169,20,100168653491,374600,1
100.21,20,100209238569,496806,0
100.268,20,100268143495,199206,0
100.304,20,100304009773,184200,1
100.322,20,100321585803,199206,0
100.35,20,100350005057,199206,0
100.404,20,100403358341,199206,0
100.47,20,100469516685,184200,1
100.495,20,100494972727,199206,0
100.503,20,100502794951,199206,0
100.569,20,100569023289,199206,0
100.615,20,100615017591,199206,0
100.651,20,100650912881,199206,0
100.712,20,100712068213,199206,0
100.761,20,100760576521,199206,0
100.819,20,100819194853,184200,1
100.84,20,100839678889,199206,0
100.855,20,100855088131,199206,0
100.901,20,100901100433,184200,1
100.911,20,100911181451,184200,1
100.931,20,100931298487,199206,0
100.972,20,100972228777,199206,0
