3.62483,40,120000000,3504825639,0
5.62808,40,4120000000,1508083049,0
40.0021,40,40000000000,2094095,0
40.0025,40,40002248095,233206,0
40.0554,40,40050000000,5417591,0
40.104,40,40100000000,3989893,0
40.1544,40,40150000000,4428177,0
40.2103,40,40200000000,10332455,0
40.2532,40,40250000000,3230727,0
40.3039,40,40300000000,3888005,0
40.367,40,40350000000,17028295,0
40.4027,40,40400000000,2654555,0
40.4509,40,40450000000,927827,0
40.5067,40,40500000000,6660123,0
40.5674,40,40550000000,17375431,0
40.6232,40,40600000000,23169697,0
40.6636,40,40650000000,13611975,0
40.7015,40,40700000000,1527235,0
40.755,40,40750000000,4986519,0
40.8005,40,40800000000,481803,0
40.8514,40,40850000000,1355081,0
40.9146,40,40900000000,14571377,0
40.9529,40,40950000000,2877655,0
41.0033,40,41000000000,3252939,0
41.0518,40,41050000000,1787217,0
41.1021,40,41100000000,2133495,0
41.1533,40,41150000000,3291785,0
41.2036,40,41200000000,3577063,0
41.2522,40,41250000000,2167359,0
41.3026,40,41300000000,2580649,0
41.351,40,41350000000,1049939,0
41.4038,40,41400000000,3816211,0
41.4548,40,41450000000,4788489,0
41.5075,40,41500000000,7473761,0
41.5509,40,41550000000,884021,0
41.6012,40,41600000000,1201293,0
41.6521,40,41650000000,2086559,0
41.705,40,41700000000,4995855,0
41.7609,40,41750000000,10859133,0
41.8038,40,41800000000,3750411,0
41.8598,40,41850000000,9822701,0
41.9026,40,41900000000,2608961,0
41.9512,40,41950000000,1177245,0
42.0042,40,42000000000,4203541,0
42.0503,40,42050000000,268819,0
42.1106,40,42100000000,10604109,0
42.1667,40,42150000000,16678399,0
42.2021,40,42200000000,2065665,0
42.2555,40,42250000000,5479943,0
42.3033,40,42300000000,3287215,0
42.3542,40,42350000000,4161517,0
42.4098,40,42400000000,9830813,0
42.4505,40,42450000000,474079,0
42.526,40,42500000000,25998381,0
42.5541,40,42550000000,4120629,0
42.6046,40,42600000000,4593889,0
42.6525,40,42650000000,2531179,0
42.7059,40,42700000000,5925457,0
42.7513,40,42750000000,1317729,0
42.8024,40,42800000000,2400019,0
42.8503,40,42850000000,344303,0
42.9062,40,42900000000,6235569,0
42.9544,40,42950000000,4415853,0
43.0005,40,43000000000,481137,0
43.0509,40,43050000000,921427,0
43.1094,40,43100000000,9361717,0
43.1524,40,43150000000,2362995,0
43.201,40,43200000000,971285,0
43.2537,40,43250000000,3743569,0
43.3098,40,43300000000,9797865,0
43.355,40,43350000000,5015125,0
43.401,40,43400000000,961403,0
43.4539,40,43450000000,3859693,0
43.5022,40,43500000000,2162953,0
43.5502,40,43550000000,239249,0
43.6012,40,43600000000,1159533,0
43.6588,40,43650000000,8816799,0
43.7099,40,43700000000,9863089,0
43.7502,40,43750000000,247355,0
43.8036,40,43800000000,3643639,0
43.8639,40,43850000000,13866917,0
43.9023,40,43900000000,2302183,0
43.9552,40,43950000000,5247479,0
44.0011,40,44000000000,1061745,0
44.0566,40,44050000000,6577047,0
44.1047,40,44100000000,4749319,0
44.1602,40,44150000000,10208615,0
44.2086,40,44200000000,8574887,0
44.2539,40,44250000000,3877159,0
44.3022,40,44300000000,2232425,0
44.3578,40,44350000000,7774733,0
44.4038,40,44400000000,3757005,0
44.4516,40,44450000000,1645277,0
44.5049,40,44500000000,4919573,0
44.5505,40,44550000000,543845,0
44.6011,40,44600000000,1091111,0
44.6519,40,44650000000,1871401,0
44.7026,40,44700000000,2559691,0
44.7506,40,44750000000,585951,0
44.8062,40,44800000000,6186229,0
44.8571,40,44850000000,7114531,0
44.9024,40,44900000000,2405797,0
44.9511,40,44950000000,1104087,0
45.004,40,45000000000,4029377,0
45.0624,40,45050000000,12411655,0
45.1003,40,45100000000,276921,0
45.1638,40,45150000000,13761211,0
45.2016,40,45200000000,1586471,0
45.2502,40,45250000000,230767,0
45.303,40,45300000000,3003045,0
45.359,40,45350000000,9014341,0
45.4045,40,45400000000,4538631,0
45.4505,40,45450000000,486921,0
45.5033,40,45500000000,3253193,0
45.5542,40,45550000000,4180477,0
45.6073,40,45600000000,7271779,0
45.6532,40,45650000000,3209057,0
45.7012,40,45700000000,1193353,0
45.7521,40,45750000000,2109631,0
45.8026,40,45800000000,2583915,0
45.8636,40,45850000000,13617211,0
45.9016,40,45900000000,1588477,0
45.9502,40,45950000000,207779,0
46.0107,40,46000000000,10713093,0
46.0516,40,46050000000,1575353,0
46.1021,40,46100000000,2087643,0
46.1606,40,46150000000,10637939,0
46.2034,40,46200000000,3444199,0
46.2519,40,46250000000,1920477,0
46.3023,40,46300000000,2349761,0
46.3534,40,46350000000,3351057,0
46.4164,40,46400000000,16368365,0
46.4549,40,46450000000,4904637,0
46.5104,40,46500000000,10412945,0
46.5611,40,46550000000,11123199,0
46.6041,40,46600000000,4079483,0
46.6523,40,46650000000,2282773,0
46.7029,40,46700000000,2906045,0
46.7537,40,46750000000,3722329,0
46.8018,40,46800000000,1775589,0
46.8525,40,46850000000,2504867,0
46.9033,40,46900000000,3254145,0
46.9536,40,46950000000,3629423,0
47.0171,40,47000000000,17086713,0
47.055,40,47050000000,5001973,0
47.1011,40,47100000000,1134263,0
47.1722,40,47150000000,22189583,0
47.205,40,47200000000,4950831,0
47.2504,40,47250000000,354109,0
47.3064,40,47300000000,6403411,0
47.3646,40,47350000000,14575701,0
47.4027,40,47400000000,2708967,0
47.4529,40,47450000000,2907233,0
47.5014,40,47500000000,1430505,0
47.5543,40,47550000000,4335789,0
47.6028,40,47600000000,2807073,0
47.6606,40,47650000000,10585357,0
47.7016,40,47700000000,1566617,0
47.7544,40,47750000000,4397895,0
47.8003,40,47800000000,297161,0
47.8532,40,47850000000,3197451,0
47.9017,40,47900000000,1666735,0
47.9646,40,47950000000,14552031,0
48.0006,40,48000000000,581297,0
48.0535,40,48050000000,3515587,0
48.1045,40,48100000000,4541865,0
48.1523,40,48150000000,2262125,0
48.2133,40,48200000000,13252427,0
48.2511,40,48250000000,1050687,0
48.3021,40,48300000000,2087983,0
48.3549,40,48350000000,4923267,0
48.4036,40,48400000000,3605569,0
48.4539,40,48450000000,3879841,0
48.5025,40,48500000000,2488131,0
48.5578,40,48550000000,7837421,0
48.6009,40,48600000000,931687,0
48.6515,40,48650000000,1469959,0
48.705,40,48700000000,5032261,0
48.7504,40,48750000000,415533,0
48.8038,40,48800000000,3794841,0
48.8517,40,48850000000,1698095,0
48.9023,40,48900000000,2274361,0
48.9756,40,48950000000,25586681,0
49.0035,40,49000000000,3542917,0
49.0542,40,49050000000,4222201,0
49.1022,40,49100000000,2213491,0
49.1508,40,49150000000,814787,0
49.2011,40,49200000000,1143065,0
49.2523,40,49250000000,2292367,0
49.3028,40,49300000000,2777657,0
49.3538,40,49350000000,3776941,0
49.4042,40,49400000000,4215225,0
49.4627,40,49450000000,12711521,0
49.5081,40,49500000000,8112793,0
49.5541,40,49550000000,4086065,0
49.6046,40,49600000000,4634355,0
49.6533,40,49650000000,3253657,0
49.7009,40,49700000000,928917,0
49.757,40,49750000000,7012225,0
49.8123,40,49800000000,12343515,0
49.8509,40,49850000000,915799,0
49.9011,40,49900000000,1132065,0
49.9722,40,49950000000,22194385,0
50.0052,40,50000000000,5177651,0
50.0559,40,50050000000,5938923,0
50.1037,40,50100000000,3735195,0
50.1548,40,50150000000,4819491,0
50.2002,40,50200000000,222769,0
50.2537,40,50250000000,3727065,0
50.304,40,50300000000,4008331,0
50.3551,40,50350000000,5054615,0
50.4003,40,50400000000,291875,0
50.4538,40,50450000000,3754147,0
50.5043,40,50500000000,4288443,0
50.5502,40,50550000000,214209,0
50.6032,40,50600000000,3175499,0
50.6516,40,50650000000,1611765,0
50.7019,40,50700000000,1929037,0
50.758,40,50750000000,7981321,0
50.8108,40,50800000000,10810593,0
50.8569,40,50850000000,6853865,0
50.9098,40,50900000000,9779155,0
50.9505,40,50950000000,469427,0
51.0011,40,51000000000,1099705,0
51.0518,40,51050000000,1769995,0
51.1048,40,51100000000,4757255,0
51.1503,40,51150000000,261539,0
51.2012,40,51200000000,1249817,0
51.2541,40,51250000000,4083101,0
51.3026,40,51300000000,2581385,0
51.3553,40,51350000000,5345651,0
51.4088,40,51400000000,8813935,0
51.4516,40,51450000000,1609189,0
51.5051,40,51500000000,5102467,0
51.5507,40,51550000000,660751,0
51.6017,40,51600000000,1698029,0
51.6545,40,51650000000,4520307,0
51.7006,40,51700000000,560597,0
51.7533,40,51750000000,3335869,0
51.8044,40,51800000000,4440165,0
51.8524,40,51850000000,2353437,0
51.9158,40,51900000000,15772727,0
51.9685,40,51950000000,18518993,0
52.002,40,52000000000,2029259,0
52.0524,40,52050000000,2404543,0
52.1059,40,52100000000,5899827,0
52.1511,40,52150000000,1126087,0
52.2045,40,52200000000,4489359,0
52.2674,40,52250000000,17358655,0
52.3184,40,52300000000,18361945,0
52.351,40,52350000000,1033187,0
52.4045,40,52400000000,4528477,0
52.4524,40,52450000000,2394743,0
52.5034,40,52500000000,3414027,0
52.5513,40,52550000000,1340311,0
52.6022,40,52600000000,2225577,0
52.6502,40,52650000000,205861,0
52.7062,40,52700000000,6211139,0
52.7517,40,52750000000,1666405,0
52.8029,40,52800000000,2874689,0
52.8508,40,52850000000,843967,0
52.9043,40,52900000000,4280257,0
52.9597,40,52950000000,9721553,0
53.0058,40,53000000000,5804831,0
53.0537,40,53050000000,3700103,0
53.1019,40,53100000000,1928381,0
53.1526,40,53150000000,2623659,0
53.2009,40,53200000000,918949,0
53.2515,40,53250000000,1470227,0
53.3018,40,53300000000,1827511,0
53.3527,40,53350000000,2745795,0
53.4031,40,53400000000,3090067,0
53.4542,40,53450000000,4174363,0
53.5099,40,53500000000,9897659,0
53.5631,40,53550000000,13061943,0
53.6009,40,53600000000,927209,0
53.6519,40,53650000000,1881487,0
53.7123,40,53700000000,12263783,0
53.7582,40,53750000000,8189263,0
53.8011,40,53800000000,1101523,0
53.8546,40,53850000000,4616819,0
53.9074,40,53900000000,7432103,0
53.9635,40,53950000000,13490399,0
54.0111,40,54000000000,11147659,0
54.0621,40,54050000000,12139943,0
54.105,40,54100000000,5038215,0
54.151,40,54150000000,1002487,0
54.2015,40,54200000000,1458771,0
54.255,40,54250000000,5006061,0
54.3004,40,54300000000,438345,0
54.3515,40,54350000000,1493629,0
54.4018,40,54400000000,1830907,0
54.4578,40,54450000000,7842191,0
54.5033,40,54500000000,3256475,0
54.5517,40,54550000000,1734759,0
54.6047,40,54600000000,4689055,0
54.6556,40,54650000000,5616339,0
54.7034,40,54700000000,3430611,0
54.7519,40,54750000000,1915889,0
54.8049,40,54800000000,4908191,0
54.8632,40,54850000000,13243457,0
54.9087,40,54900000000,8664735,0
54.9547,40,54950000000,4676013,0
55.0151,40,55000000000,15114315,0
55.0585,40,55050000000,8494587,0
55.1013,40,55100000000,1303835,0
55.1597,40,55150000000,9675113,0
55.2076,40,55200000000,7581391,0
55.2557,40,55250000000,5746675,0
55.3014,40,55300000000,1444959,0
55.352,40,55350000000,2030231,0
55.4052,40,55400000000,5174515,0
55.4638,40,55450000000,13843823,0
55.5141,40,55500000000,14080089,0
55.5546,40,55550000000,4598373,0
55.6007,40,55600000000,663657,0
55.651,40,55650000000,973935,0
55.7021,40,55700000000,2056231,0
55.7525,40,55750000000,2532521,0
55.8008,40,55800000000,849787,0
55.8513,40,55850000000,1308077,0
55.9023,40,55900000000,2345367,0
55.9528,40,55950000000,2821657,0
56.0113,40,56000000000,11344959,0
56.0568,40,56050000000,6793237,0
56.1005,40,56100000000,470515,0
56.1534,40,56150000000,3433805,0
56.2023,40,56200000000,2264113,0
56.2502,40,56250000000,199397,0
56.3012,40,56300000000,1200687,0
56.3539,40,56350000000,3914965,0
56.4023,40,56400000000,2319243,0
56.4528,40,56450000000,2761533,0
56.5011,40,56500000000,1102799,0
56.5515,40,56550000000,1532083,0
56.6074,40,56600000000,7445361,0
56.6504,40,56650000000,410645,0
56.7013,40,56700000000,1259917,0
56.7517,40,56750000000,1671201,0
56.8002,40,56800000000,230485,0
56.853,40,56850000000,2996757,0
56.9015,40,56900000000,1547041,0
56.9669,40,56950000000,16948343,0
57.0052,40,57000000000,5197591,0
57.0532,40,57050000000,3159875,0
57.1017,40,57100000000,1663147,0
57.1546,40,57150000000,4619449,0
57.2026,40,57200000000,2560709,0
57.2507,40,57250000000,734987,0
57.3014,40,57300000000,1405277,0
57.3746,40,57350000000,24646591,0
57.4002,40,57400000000,200833,0
57.4509,40,57450000000,880111,0
57.5041,40,57500000000,4107395,0
57.5598,40,57550000000,9756679,0
57.6002,40,57600000000,216957,0
57.6588,40,57650000000,8789265,0
57.7017,40,57700000000,1687531,0
57.7527,40,57750000000,2704815,0
57.8108,40,57800000000,10799093,0
57.8516,40,57850000000,1579365,0
57.9044,40,57900000000,4423643,0
57.9529,40,57950000000,2928921,0
58.0008,40,58000000000,777181,0
58.0518,40,58050000000,1801459,0
58.1047,40,58100000000,4708743,0
58.1533,40,58150000000,3270033,0
58.201,40,58200000000,990293,0
58.252,40,58250000000,1973571,0
58.305,40,58300000000,5044867,0
58.3561,40,58350000000,6147157,0
58.404,40,58400000000,4028441,0
58.455,40,58450000000,4978719,0
58.5028,40,58500000000,2774985,0
58.5514,40,58550000000,1374275,0
58.6018,40,58600000000,1832565,0
58.6503,40,58650000000,330855,0
58.7206,40,58700000000,20590151,0
58.7615,40,58750000000,11461411,0
58.8017,40,58800000000,1735671,0
58.8528,40,58850000000,2817961,0
58.9007,40,58900000000,654233,0
58.9641,40,58950000000,14079517,0
59.0047,40,59000000000,4707813,0
59.0532,40,59050000000,3188097,0
59.101,40,59100000000,1020369,0
59.1522,40,59150000000,2153671,0
59.21,40,59200000000,9976961,0
59.2506,40,59250000000,647227,0
59.3014,40,59300000000,1355517,0
59.3548,40,59350000000,4841801,0
59.4003,40,59400000000,303091,0
59.4509,40,59450000000,897363,0
59.5015,40,59500000000,1453635,0
59.5522,40,59550000000,2156215,0
59.6005,40,59600000000,487505,0
59.6508,40,59650000000,846789,0
59.7045,40,59700000000,4508097,0
59.7523,40,59750000000,2344375,0
59.8033,40,59800000000,3311665,0
59.8537,40,59850000000,3704949,0
59.9122,40,59900000000,12244239,0
59.9502,40,59950000000,199511,0
60.0036,40,60000000000,3611789,0
60.0541,40,60050000000,4088079,0
60.1028,40,60100000000,2795375,0
60.1532,40,60150000000,3157647,0
60.2016,40,60200000000,1579919,0
60.2569,40,60250000000,6916203,0
60.3029,40,60300000000,2947493,0
60.3607,40,60350000000,10741777,0
60.4041,40,60400000000,4075037,0
60.4544,40,60450000000,4356309,0
60.5002,40,60500000000,199581,0
60.5532,40,60550000000,3202883,0
60.6043,40,60600000000,4282179,0
60.662,40,60650000000,11975451,0
60.7029,40,60700000000,2884711,0
60.7509,40,60750000000,905007,0
60.8045,40,60800000000,4485303,0
60.8524,40,60850000000,2440593,0
60.9008,40,60900000000,802859,0
60.9562,40,60950000000,6235155,0
61.0046,40,61000000000,4628427,0
61.0549,40,61050000000,4891699,0
61.1009,40,61100000000,909227,0
61.1563,40,61150000000,6312517,0
61.2048,40,61200000000,4754789,0
61.2526,40,61250000000,2625061,0
61.3113,40,61300000000,11287369,0
61.3516,40,61350000000,1615629,0
61.4051,40,61400000000,5067919,0
61.4504,40,61450000000,442185,0
61.5012,40,61500000000,1242481,0
61.5668,40,61550000000,16840765,0
61.6025,40,61600000000,2514031,0
61.6581,40,61650000000,8120315,0
61.7013,40,61700000000,1333593,0
61.7519,40,61750000000,1889865,0
61.8078,40,61800000000,7768155,0
61.851,40,61850000000,990433,0
61.9015,40,61900000000,1466723,0
61.9523,40,61950000000,2342001,0
62.0002,40,62000000000,201273,0
62.0513,40,62050000000,1287569,0
62.1041,40,62100000000,4113853,0
62.1525,40,62150000000,2544269,0
62.2004,40,62200000000,430541,0
62.2564,40,62250000000,6397819,0
62.3019,40,62300000000,1859109,0
62.3502,40,62350000000,214375,0
62.408,40,62400000000,8042653,0
62.4516,40,62450000000,1557937,0
62.502,40,62500000000,2047233,0
62.553,40,62550000000,2967517,0
62.6034,40,62600000000,3387801,0
62.6544,40,62650000000,4378079,0
62.7097,40,62700000000,9667357,0
62.7506,40,62750000000,601617,0
62.801,40,62800000000,1030901,0
62.8547,40,62850000000,4712209,0
62.9027,40,62900000000,2692493,0
62.9513,40,62950000000,1260777,0
63.0016,40,63000000000,1562049,0
63.0551,40,63050000000,5066333,0
63.1128,40,63100000000,12795611,0
63.1563,40,63150000000,6272883,0
63.2066,40,63200000000,6648167,0
63.2525,40,63250000000,2491433,0
63.3005,40,63300000000,482723,0
63.3514,40,63350000000,1400995,0
63.4042,40,63400000000,4248267,0
63.4503,40,63450000000,268551,0
63.5084,40,63500000000,8362871,0
63.5513,40,63550000000,1334125,0
63.6043,40,63600000000,4339397,0
63.6627,40,63650000000,12742663,0
63.708,40,63700000000,8042929,0
63.7666,40,63750000000,16622231,0
63.8043,40,63800000000,4344479,0
63.855,40,63850000000,5016763,0
63.9033,40,63900000000,3310041,0
63.9512,40,63950000000,1245325,0
64.0023,40,64000000000,2349621,0
64.0528,40,64050000000,2771905,0
64.1087,40,64100000000,8687177,0
64.1516,40,64150000000,1628437,0
64.2002,40,64200000000,218727,0
64.2507,40,64250000000,748029,0
64.3118,40,64300000000,11756331,0
64.3521,40,64350000000,2106603,0
64.4106,40,64400000000,10600893,0
64.4586,40,64450000000,8592177,0
64.5044,40,64500000000,4441443,0
64.5523,40,64550000000,2315727,0
64.6034,40,64600000000,3438023,0
64.6512,40,64650000000,1216295,0
64.7047,40,64700000000,4702591,0
64.7551,40,64750000000,5133881,0
64.8085,40,64800000000,8465159,0
64.8588,40,64850000000,8795437,0
64.9023,40,64900000000,2283715,0
64.9551,40,64950000000,5125999,0
65.0036,40,65000000000,3649277,0
65.0539,40,65050000000,3932549,0
65.1022,40,65100000000,2215821,0
65.1502,40,65150000000,218117,0
65.2087,40,65200000000,8660419,0
65.254,40,65250000000,4025691,0
65.3025,40,65300000000,2503975,0
65.3504,40,65350000000,425265,0
65.4114,40,65400000000,11433573,0
65.4543,40,65450000000,4250839,0
65.5027,40,65500000000,2709117,0
65.5505,40,65550000000,469383,0
65.6041,40,65600000000,4058685,0
65.6644,40,65650000000,14353963,0
65.7029,40,65700000000,2947209,0
65.7607,40,65750000000,10723493,0
65.804,40,65800000000,3954777,0
65.8546,40,65850000000,4632049,0
65.9053,40,65900000000,5313333,0
65.9584,40,65950000000,8383605,0
66.0067,40,66000000000,6674889,0
66.0575,40,66050000000,7469167,0
66.1002,40,66100000000,199421,0
66.1514,40,66150000000,1355717,0
66.2018,40,66200000000,1818013,0
66.2554,40,66250000000,5369303,0
66.3007,40,66300000000,680569,0
66.3517,40,66350000000,1728859,0
66.4047,40,66400000000,4677137,0
66.4531,40,66450000000,3146415,0
66.5011,40,66500000000,1110699,0
66.5621,40,66550000000,12145995,0
66.6256,40,66600000000,25646285,0
66.651,40,66650000000,977527,0
66.7016,40,66700000000,1581823,0
66.7502,40,66750000000,201119,0
66.8082,40,66800000000,8215415,0
66.8544,40,66850000000,4358705,0
66.9074,40,66900000000,7367001,0
66.9584,40,66950000000,8366279,0
67.0237,40,67000000000,23702575,0
67.0547,40,67050000000,4651829,0
67.1024,40,67100000000,2354089,0
67.1557,40,67150000000,5739367,0
67.2038,40,67200000000,3806669,0
67.2596,40,67250000000,9568947,0
67.3023,40,67300000000,2310201,0
67.3508,40,67350000000,846497,0
67.4013,40,67400000000,1331787,0
67.4549,40,67450000000,4883089,0
67.5026,40,67500000000,2587349,0
67.5512,40,67550000000,1208651,0
67.6116,40,67600000000,11590947,0
67.6551,40,67650000000,5135225,0
67.7056,40,67700000000,5582509,0
67.7515,40,67750000000,1476775,0
67.8042,40,67800000000,4178035,0
67.8628,40,67850000000,12802337,0
67.9058,40,67900000000,5823627,0
67.954,40,67950000000,4008911,0
68.0047,40,68000000000,4659189,0
68.0504,40,68050000000,397473,0
68.1036,40,68100000000,3619775,0
68.1542,40,68150000000,4167047,0
68.2049,40,68200000000,4871331,0
68.2555,40,68250000000,5474609,0
68.3062,40,68300000000,6234893,0
68.3517,40,68350000000,1676177,0
68.4151,40,68400000000,15138461,0
68.4607,40,68450000000,10744733,0
68.5014,40,68500000000,1442005,0
68.5519,40,68550000000,1864295,0
68.6002,40,68600000000,239567,0
68.6606,40,68650000000,10641863,0
68.7015,40,68700000000,1468129,0
68.7519,40,68750000000,1886407,0
68.8028,40,68800000000,2753673,0
68.8533,40,68850000000,3278975,0
68.9117,40,68900000000,11726259,0
68.9572,40,68950000000,7214543,0
69.0034,40,69000000000,3351821,0
69.0611,40,69050000000,11050087,0
69.1047,40,69100000000,4650377,0
69.155,40,69150000000,4996649,0
69.2035,40,69200000000,3492927,0
69.2513,40,69250000000,1334199,0
69.3025,40,69300000000,2452489,0
69.3551,40,69350000000,5144755,0
69.4011,40,69400000000,1051021,0
69.454,40,69450000000,3965305,0
69.5099,40,69500000000,9945595,0
69.5502,40,69550000000,228855,0
69.6012,40,69600000000,1192133,0
69.6516,40,69650000000,1571417,0
69.7025,40,69700000000,2547701,0
69.7505,40,69750000000,462973,0
69.8015,40,69800000000,1470215,0
69.8519,40,69850000000,1915493,0
69.9029,40,69900000000,2896771,0
69.9509,40,69950000000,855043,0
70.0044,40,70000000000,4355315,0
70.0548,40,70050000000,4847599,0
70.1029,40,70100000000,2949871,0
70.1561,40,70150000000,6067149,0
70.212,40,70200000000,11966221,0
70.2547,40,70250000000,4725481,0
70.303,40,70300000000,2962759,0
70.3612,40,70350000000,11211061,0
70.4044,40,70400000000,4404333,0
70.4502,40,70450000000,232623,0
70.5032,40,70500000000,3157907,0
70.5593,40,70550000000,9261209,0
70.602,40,70600000000,2040475,0
70.6532,40,70650000000,3218777,0
70.7035,40,70700000000,3475049,0
70.7521,40,70750000000,2072339,0
70.8051,40,70800000000,5053635,0
70.851,40,70850000000,959907,0
70.9013,40,70900000000,1306185,0
70.9522,40,70950000000,2213457,0
71.005,40,71000000000,4952729,0
71.051,40,71050000000,964007,0
71.1038,40,71100000000,3813285,0
71.1573,40,71150000000,7290575,0
71.2151,40,71200000000,15131865,0
71.2661,40,71250000000,16097149,0
71.3189,40,71300000000,18941433,0
71.3598,40,71350000000,9832693,0
71.4025,40,71400000000,2512941,0
71.4561,40,71450000000,6051231,0
71.5039,40,71500000000,3912509,0
71.5549,40,71550000000,4888799,0
71.6028,40,71600000000,2804077,0
71.6564,40,71650000000,6355373,0
71.7018,40,71700000000,1792645,0
71.7502,40,71750000000,230923,0
71.8057,40,71800000000,5697213,0
71.859,40,71850000000,9044497,0
71.902,40,71900000000,2020787,0
71.9529,40,71950000000,2910065,0
72.0007,40,72000000000,697337,0
72.0593,40,72050000000,9265633,0
72.1047,40,72100000000,4659911,0
72.1504,40,72150000000,351183,0
72.2011,40,72200000000,1149473,0
72.2517,40,72250000000,1689739,0
72.3025,40,72300000000,2468029,0
72.3532,40,72350000000,3223331,0
72.4014,40,72400000000,1406609,0
72.4546,40,72450000000,4599899,0
72.5026,40,72500000000,2563165,0
72.5505,40,72550000000,516449,0
72.604,40,72600000000,3977739,0
72.6698,40,72650000000,19788023,0
72.7101,40,72700000000,10100289,0
72.7504,40,72750000000,430555,0
72.8015,40,72800000000,1458845,0
72.857,40,72850000000,6963147,0
72.903,40,72900000000,2963425,0
72.9508,40,72950000000,820691,0
73.0094,40,73000000000,9397993,0
73.0599,40,73050000000,9906271,0
73.1008,40,73100000000,833531,0
73.1514,40,73150000000,1360833,0
73.2048,40,73200000000,4834105,0
73.2527,40,73250000000,2677383,0
73.3011,40,73300000000,1052649,0
73.3564,40,73350000000,6444939,0
73.4024,40,73400000000,2438211,0
73.4529,40,73450000000,2943507,0
73.5114,40,73500000000,11383797,0
73.5616,40,73550000000,11573057,0
73.6026,40,73600000000,2596329,0
73.6656,40,73650000000,15584631,0
73.7016,40,73700000000,1568897,0
73.7545,40,73750000000,4543193,0
73.8006,40,73800000000,648489,0
73.8559,40,73850000000,5925773,0
73.9095,40,73900000000,9466057,0
73.9549,40,73950000000,4905335,0
74.0084,40,74000000000,8355631,0
74.0512,40,74050000000,1248903,0
74.1048,40,74100000000,4827193,0
74.1601,40,74150000000,10078465,0
74.2036,40,74200000000,3577731,0
74.2515,40,74250000000,1464003,0
74.3049,40,74300000000,4894287,0
74.3526,40,74350000000,2596547,0
74.4084,40,74400000000,8379807,0
74.4513,40,74450000000,1343085,0
74.5021,40,74500000000,2103375,0
74.5504,40,74550000000,353665,0
74.611,40,74600000000,11010961,0
74.6543,40,74650000000,4312233,0
74.7022,40,74700000000,2211511,0
74.7606,40,74750000000,10573789,0
74.801,40,74800000000,974049,0
74.8521,40,74850000000,2058345,0
74.9101,40,74900000000,10071617,0
74.9507,40,74950000000,712877,0
75.0062,40,75000000000,6184161,0
75.0645,40,75050000000,14492439,0
75.1051,40,75100000000,5118729,0
75.1637,40,75150000000,13720031,0
75.2091,40,75200000000,9112303,0
75.2575,40,75250000000,7505575,0
75.3029,40,75300000000,2910859,0
75.3515,40,75350000000,1517155,0
75.407,40,75400000000,6951451,0
75.453,40,75450000000,2953723,0
75.5008,40,75500000000,833001,0
75.5619,40,75550000000,11880263,0
75.6048,40,75600000000,4751535,0
75.6508,40,75650000000,789813,0
75.7037,40,75700000000,3659097,0
75.7522,40,75750000000,2240381,0
75.8025,40,75800000000,2546647,0
75.8511,40,75850000000,1134931,0
75.9015,40,75900000000,1537215,0
75.9525,40,75950000000,2451493,0
76.0078,40,76000000000,7798777,0
76.0511,40,76050000000,1110031,0
76.1141,40,76100000000,14120339,0
76.1551,40,76150000000,5085611,0
76.2079,40,76200000000,7880883,0
76.2539,40,76250000000,3935155,0
76.3018,40,76300000000,1753433,0
76.3553,40,76350000000,5277729,0
76.4006,40,76400000000,562001,0
76.459,40,76450000000,8993297,0
76.5044,40,76500000000,4367569,0
76.555,40,76550000000,4954847,0
76.6033,40,76600000000,3259137,0
76.6513,40,76650000000,1341415,0
76.7121,40,76700000000,12054717,0
76.7525,40,76750000000,2469995,0
76.8009,40,76800000000,856273,0
76.8536,40,76850000000,3624545,0
76.9043,40,76900000000,4263823,0
76.9522,40,76950000000,2154101,0
77.0006,40,77000000000,632391,0
77.0534,40,77050000000,3364663,0
77.1045,40,77100000000,4493953,0
77.1549,40,77150000000,4873237,0
77.2034,40,77200000000,3378527,0
77.2586,40,77250000000,8644811,0
77.3021,40,77300000000,2061083,0
77.3524,40,77350000000,2407355,0
77.4009,40,77400000000,896633,0
77.4537,40,77450000000,3747917,0
77.5024,40,77500000000,2365207,0
77.5601,40,77550000000,10112485,0
77.6061,40,77600000000,6076757,0
77.6539,40,77650000000,3929035,0
77.7122,40,77700000000,12199307,0
77.7549,40,77750000000,4911561,0
77.8108,40,77800000000,10756845,0
77.8586,40,77850000000,8551111,0
77.902,40,77900000000,2019383,0
77.9548,40,77950000000,4805661,0
78.0084,40,78000000000,8365951,0
78.0562,40,78050000000,6191229,0
78.1022,40,78100000000,2182501,0
78.1526,40,78150000000,2609779,0
78.2013,40,78200000000,1263069,0
78.2516,40,78250000000,1553335,0
78.3076,40,78300000000,7647625,0
78.3555,40,78350000000,5524897,0
78.4041,40,78400000000,4077181,0
78.4544,40,78450000000,4434465,0
78.5025,40,78500000000,2545737,0
78.5584,40,78550000000,8383045,0
78.6144,40,78600000000,14363335,0
78.6722,40,78650000000,22166619,0
78.7028,40,78700000000,2813873,0
78.7509,40,78750000000,910133,0
78.8016,40,78800000000,1574405,0
78.8525,40,78850000000,2453701,0
78.9004,40,78900000000,370985,0
78.9563,40,78950000000,6286269,0
79.0015,40,79000000000,1532535,0
79.0549,40,79050000000,4915807,0
79.1027,40,79100000000,2712079,0
79.1538,40,79150000000,3785375,0
79.2016,40,79200000000,1610653,0
79.2528,40,79250000000,2810961,0
79.3057,40,79300000000,5680245,0
79.3542,40,79350000000,4165523,0
79.4045,40,79400000000,4475795,0
79.453,40,79450000000,2990073,0
79.5036,40,79500000000,3578375,0
79.552,40,79550000000,2027653,0
79.6026,40,79600000000,2622949,0
79.6513,40,79650000000,1260251,0
79.7065,40,79700000000,6484523,0
79.7525,40,79750000000,2495801,0
79.8101,40,79800000000,10086055,0
79.8587,40,79850000000,8679333,0
79.9015,40,79900000000,1539599,0
79.9549,40,79950000000,4935883,0
80.0029,40,80000000000,2891173,0
80.0541,40,80050000000,4096469,0
80.102,40,80100000000,2042753,0
80.1582,40,80150000000,8164055,0
80.2233,40,80200000000,23332333,0
80.2544,40,80250000000,4429599,0
80.3024,40,80300000000,2447889,0
80.3535,40,80350000000,3476173,0
80.4037,40,80400000000,3730445,0
80.4547,40,80450000000,4738723,0
80.5002,40,80500000000,225001,0
80.5539,40,80550000000,3933303,0
80.6017,40,80600000000,1727569,0
80.6553,40,80650000000,5287865,0
80.7083,40,80700000000,8251161,0
80.7538,40,80750000000,3810433,0
80.8022,40,80800000000,2159723,0
80.8503,40,80850000000,302989,0
80.901,40,80900000000,1036273,0
80.9545,40,80950000000,4467575,0
81.0026,40,81000000000,2641859,0
81.0504,40,81050000000,418125,0
81.104,40,81100000000,3987427,0
81.1519,40,81150000000,1884705,0
81.2053,40,81200000000,5303983,0
81.2509,40,81250000000,922285,0
81.3045,40,81300000000,4509581,0
81.3524,40,81350000000,2446865,0
81.4009,40,81400000000,889149,0
81.4514,40,81450000000,1432451,0
81.5049,40,81500000000,4873747,0
81.5602,40,81550000000,10194037,0
81.6036,40,81600000000,3590303,0
81.654,40,81650000000,4041599,0
81.7123,40,81700000000,12313877,0
81.7577,40,81750000000,7733149,0
81.8013,40,81800000000,1284421,0
81.8518,40,81850000000,1773723,0
81.9027,40,81900000000,2700995,0
81.9529,40,81950000000,2908261,0
82.0013,40,82000000000,1310527,0
82.0519,40,82050000000,1907829,0
82.1004,40,82100000000,420107,0
82.1534,40,82150000000,3392403,0
82.222,40,82200000000,22005717,0
82.2548,40,82250000000,4840971,0
82.3009,40,82300000000,865261,0
82.3511,40,82350000000,1139527,0
82.4022,40,82400000000,2234829,0
82.4552,40,82450000000,5151119,0
82.501,40,82500000000,1008373,0
82.5514,40,82550000000,1437657,0
82.605,40,82600000000,5049941,0
82.6502,40,82650000000,222195,0
82.701,40,82700000000,1002479,0
82.7518,40,82750000000,1791769,0
82.8177,40,82800000000,17707065,0
82.8506,40,82850000000,614319,0
82.9038,40,82900000000,3780603,0
82.9544,40,82950000000,4419881,0
83.0027,40,83000000000,2659165,0
83.0532,40,83050000000,3224431,0
83.1017,40,83100000000,1665727,0
83.1523,40,83150000000,2268999,0
83.2002,40,83200000000,206289,0
83.2513,40,83250000000,1310591,0
83.3172,40,83300000000,17162887,0
83.3575,40,83350000000,7482147,0
83.4004,40,83400000000,434419,0
83.459,40,83450000000,8973709,0
83.5045,40,83500000000,4527005,0
83.5554,40,83550000000,5425277,0
83.6057,40,83600000000,5715549,0
83.6541,40,83650000000,4130833,0
83.7046,40,83700000000,4623117,0
83.7582,40,83750000000,8248419,0
83.8036,40,83800000000,3579691,0
83.852,40,83850000000,2046969,0
83.9048,40,83900000000,4808247,0
83.9509,40,83950000000,864525,0
84.0088,40,84000000000,8801827,0
84.0522,40,84050000000,2223093,0
84.1027,40,84100000000,2699383,0
84.1513,40,84150000000,1291679,0
84.2016,40,84200000000,1648957,0
84.2503,40,84250000000,268259,0
84.3031,40,84300000000,3110543,0
84.3517,40,84350000000,1723821,0
84.402,40,84400000000,2016099,0
84.4504,40,84450000000,409371,0
84.5033,40,84500000000,3309661,0
84.5518,40,84550000000,1816951,0
84.6096,40,84600000000,9600229,0
84.6506,40,84650000000,565501,0
84.706,40,84700000000,5966791,0
84.7546,40,84750000000,4577087,0
84.8049,40,84800000000,4876359,0
84.8506,40,84850000000,552625,0
84.9087,40,84900000000,8681915,0
84.9547,40,84950000000,4691199,0
85.0026,40,85000000000,2550465,0
85.0506,40,85050000000,630731,0
85.1011,40,85100000000,1060985,0
85.1518,40,85150000000,1839275,0
85.2049,40,85200000000,4927553,0
85.2503,40,85250000000,292819,0
85.3012,40,85300000000,1171091,0
85.3545,40,85350000000,4526387,0
85.4202,40,85400000000,20213683,0
85.4506,40,85450000000,644937,0
85.5043,40,85500000000,4317245,0
85.5572,40,85550000000,7224535,0
85.6007,40,85600000000,679801,0
85.6536,40,85650000000,3596091,0
85.707,40,85700000000,7019369,0
85.7549,40,85750000000,4907647,0
85.8058,40,85800000000,5805931,0
85.8535,40,85850000000,3519191,0
85.9069,40,85900000000,6884469,0
85.9523,40,85950000000,2256735,0
86.0009,40,86000000000,912031,0
86.0589,40,86050000000,8865333,0
86.1123,40,86100000000,12304611,0
86.1575,40,86150000000,7546865,0
86.201,40,86200000000,1044149,0
86.2563,40,86250000000,6337433,0
86.3023,40,86300000000,2341705,0
86.3503,40,86350000000,303989,0
86.4014,40,86400000000,1417291,0
86.4743,40,86450000000,24253593,0
86.5052,40,86500000000,5175853,0
86.5507,40,86550000000,651131,0
86.604,40,86600000000,4034415,0
86.6619,40,86650000000,11875705,0
86.7003,40,86700000000,290971,0
86.758,40,86750000000,8042255,0
86.8016,40,86800000000,1622533,0
86.8544,40,86850000000,4424805,0
86.9005,40,86900000000,528089,0
86.9557,40,86950000000,5707361,0
87.0014,40,87000000000,1430639,0
87.0544,40,87050000000,4428911,0
87.1052,40,87100000000,5168177,0
87.1504,40,87150000000,385437,0
87.2037,40,87200000000,3652739,0
87.2544,40,87250000000,4395029,0
87.3026,40,87300000000,2560313,0
87.3533,40,87350000000,3295609,0
87.4039,40,87400000000,3945887,0
87.452,40,87450000000,2008159,0
87.5027,40,87500000000,2686461,0
87.5512,40,87550000000,1247751,0
87.6041,40,87600000000,4070029,0
87.6649,40,87650000000,14941325,0
87.7106,40,87700000000,10603603,0
87.7612,40,87750000000,11235881,0
87.8065,40,87800000000,6547153,0
87.8526,40,87850000000,2594443,0
87.903,40,87900000000,3034733,0
87.9541,40,87950000000,4054017,0
88.0018,40,88000000000,1845289,0
88.0529,40,88050000000,2859579,0
88.1007,40,88100000000,666851,0
88.1543,40,88150000000,4256153,0
88.2019,40,88200000000,1942413,0
88.2528,40,88250000000,2822679,0
88.3033,40,88300000000,3336975,0
88.3542,40,88350000000,4233241,0
88.4121,40,88400000000,12101531,0
88.4504,40,88450000000,435791,0
88.501,40,88500000000,968087,0
88.5521,40,88550000000,2068371,0
88.6025,40,88600000000,2454661,0
88.6659,40,88650000000,15929957,0
88.7012,40,88700000000,1223211,0
88.7547,40,88750000000,4734495,0
88.8002,40,88800000000,236773,0
88.8538,40,88850000000,3750063,0
88.9016,40,88900000000,1613347,0
88.9524,40,88950000000,2408619,0
89.0004,40,89000000000,399909,0
89.0614,40,89050000000,11435211,0
89.1017,40,89100000000,1711471,0
89.1528,40,89150000000,2795761,0
89.2106,40,89200000000,10646051,0
89.2511,40,89250000000,1134305,0
89.3292,40,89300000000,29176613,0
89.3524,40,89350000000,2391861,0
89.4029,40,89400000000,2892121,0
89.4537,40,89450000000,3654405,0
89.5119,40,89500000000,11884707,0
89.5522,40,89550000000,2187967,0
89.6105,40,89600000000,10541251,0
89.6562,40,89650000000,6192529,0
89.7018,40,89700000000,1841801,0
89.7546,40,89750000000,4619073,0
89.803,40,89800000000,3041345,0
89.8509,40,89850000000,947623,0
89.9044,40,89900000000,4394251,0
89.9626,40,89950000000,12582541,0
90.0083,40,90000000000,8332813,0
90.0512,40,90050000000,1218073,0
90.1071,40,90100000000,7088345,0
90.1549,40,90150000000,4949623,0
90.2135,40,90200000000,13513913,0
90.2513,40,90250000000,1341179,0
90.3024,40,90300000000,2436475,0
90.353,40,90350000000,2972783,0
90.4039,40,90400000000,3918061,0
90.4542,40,90450000000,4237339,0
90.5151,40,90500000000,15106623,0
90.5604,40,90550000000,10406889,0
90.6089,40,90600000000,8948167,0
90.6593,40,90650000000,9312445,0
90.7003,40,90700000000,333723,0
90.7707,40,90750000000,20678025,0
90.8017,40,90800000000,1719291,0
90.8569,40,90850000000,6878557,0
90.9029,40,90900000000,2907841,0
90.9509,40,90950000000,926131,0
91.0047,40,91000000000,4724439,0
91.0551,40,91050000000,5072717,0
91.1012,40,91100000000,1158007,0
91.1516,40,91150000000,1645303,0
91.2074,40,91200000000,7403575,0
91.2628,40,91250000000,12802859,0
91.3062,40,91300000000,6219137,0
91.359,40,91350000000,9016415,0
91.4021,40,91400000000,2108681,0
91.4503,40,91450000000,253953,0
91.501,40,91500000000,1005237,0
91.5517,40,91550000000,1659527,0
91.6049,40,91600000000,4859811,0
91.658,40,91650000000,7968095,0
91.7008,40,91700000000,821367,0
91.7517,40,91750000000,1717633,0
91.8021,40,91800000000,2110917,0
91.8605,40,91850000000,10495207,0
91.9009,40,91900000000,863473,0
91.9544,40,91950000000,4367763,0
92.015,40,92000000000,14969047,0
92.0508,40,92050000000,788319,0
92.101,40,92100000000,1031579,0
92.1622,40,92150000000,12207893,0
92.2025,40,92200000000,2529159,0
92.261,40,92250000000,11032455,0
92.3139,40,92300000000,13939745,0
92.355,40,92350000000,4961017,0
92.4002,40,92400000000,227283,0
92.451,40,92450000000,1022549,0
92.5115,40,92500000000,11518857,0
92.5524,40,92550000000,2410123,0
92.6178,40,92600000000,17755413,0
92.6513,40,92650000000,1283685,0
92.7018,40,92700000000,1757969,0
92.7578,40,92750000000,7812259,0
92.8008,40,92800000000,750537,0
92.8543,40,92850000000,4259815,0
92.9123,40,92900000000,12256111,0
92.9631,40,92950000000,13071377,0
93.0034,40,93000000000,3390631,0
93.052,40,93050000000,2034921,0
93.105,40,93100000000,4967205,0
93.1511,40,93150000000,1057483,0
93.2016,40,93200000000,1551773,0
93.2675,40,93250000000,17503075,0
93.3026,40,93300000000,2637311,0
93.3536,40,93350000000,3638601,0
93.4015,40,93400000000,1503879,0
93.4523,40,93450000000,2277181,0
93.5003,40,93500000000,303447,0
93.5564,40,93550000000,6377749,0
93.6043,40,93600000000,4284027,0
93.6524,40,93650000000,2422305,0
93.7031,40,93700000000,3108577,0
93.7564,40,93750000000,6449879,0
93.8095,40,93800000000,9504157,0
93.8525,40,93850000000,2476435,0
93.9085,40,93900000000,8451725,0
93.9514,40,93950000000,1352003,0
94.0074,40,94000000000,7440287,0
94.0553,40,94050000000,5317559,0
94.1039,40,94100000000,3864849,0
94.159,40,94150000000,9024109,0
94.2002,40,94200000000,218393,0
94.2506,40,94250000000,557677,0
94.3016,40,94300000000,1605961,0
94.352,40,94350000000,1972239,0
94.4004,40,94400000000,412511,0
94.4509,40,94450000000,879801,0
94.5019,40,94500000000,1890091,0
94.5523,40,94550000000,2310375,0
94.6032,40,94600000000,3177641,0
94.6586,40,94650000000,8632931,0
94.7022,40,94700000000,2238209,0
94.7502,40,94750000000,211499,0
94.8013,40,94800000000,1286795,0
94.8516,40,94850000000,1635079,0
94.935,40,94900000000,34958393,0
94.9527,40,94950000000,2657617,0
95.0036,40,95000000000,3580889,0
95.0615,40,95050000000,11478185,0
95.1025,40,95100000000,2452457,0
95.1529,40,95150000000,2861735,0
95.2089,40,95200000000,8862019,0
95.2542,40,95250000000,4157291,0
95.3101,40,95300000000,10103587,0
95.353,40,95350000000,2994865,0
95.4013,40,95400000000,1345137,0
95.4592,40,95450000000,9193421,0
95.5025,40,95500000000,2506681,0
95.5704,40,95550000000,20390983,0
95.6009,40,95600000000,933225,0
95.6541,40,95650000000,4059509,0
95.7177,40,95700000000,17664823,0
95.753,40,95750000000,2978083,0
95.8037,40,95800000000,3733373,0
95.8518,40,95850000000,1815651,0
95.9051,40,95900000000,5098941,0
95.9533,40,95950000000,3264225,0
96.0035,40,96000000000,3507491,0
96.0571,40,96050000000,7109787,0
96.105,40,96100000000,5034065,0
96.1534,40,96150000000,3443331,0
96.2038,40,96200000000,3836615,0
96.2524,40,96250000000,2408905,0
96.3003,40,96300000000,281189,0
96.3513,40,96350000000,1300473,0
96.4094,40,96400000000,9379775,0
96.4527,40,96450000000,2664029,0
96.5006,40,96500000000,590313,0
96.5614,40,96550000000,11423597,0
96.6018,40,96600000000,1773869,0
96.6503,40,96650000000,288153,0
96.7008,40,96700000000,822449,0
96.7519,40,96750000000,1915751,0
96.8048,40,96800000000,4816047,0
96.8534,40,96850000000,3384337,0
96.9037,40,96900000000,3745621,0
96.9521,40,96950000000,2149899,0
97.0051,40,97000000000,5124195,0
97.0712,40,97050000000,21160497,0
97.1064,40,97100000000,6433745,0
97.155,40,97150000000,5004029,0
97.2028,40,97200000000,2836301,0
97.2515,40,97250000000,1460585,0
97.3118,40,97300000000,11837887,0
97.3526,40,97350000000,2635141,0
97.4106,40,97400000000,10559437,0
97.4591,40,97450000000,9113727,0
97.5045,40,97500000000,4489999,0
97.5503,40,97550000000,335227,0
97.6032,40,97600000000,3215517,0
97.6542,40,97650000000,4151807,0
97.7044,40,97700000000,4415073,0
97.7526,40,97750000000,2551345,0
97.8007,40,97800000000,732623,0
97.8515,40,97850000000,1548913,0
97.9023,40,97900000000,2294185,0
97.9504,40,97950000000,423463,0
98.001,40,98000000000,1030741,0
98.0513,40,98050000000,1283007,0
98.1024,40,98100000000,2439297,0
98.1529,40,98150000000,2857575,0
98.2063,40,98200000000,6334859,0
98.2622,40,98250000000,12195155,0
98.3002,40,98300000000,203409,0
98.3556,40,98350000000,5557693,0
98.4016,40,98400000000,1604983,0
98.4546,40,98450000000,4604273,0
98.5033,40,98500000000,3342569,0
98.5611,40,98550000000,11107847,0
98.607,40,98600000000,6989113,0
98.6648,40,98650000000,14821403,0
98.7107,40,98700000000,10731675,0
98.7511,40,98750000000,1126941,0
98.8047,40,98800000000,4680243,0
98.8525,40,98850000000,2505515,0
98.9085,40,98900000000,8532805,0
98.9515,40,98950000000,1516089,0
99.0025,40,99000000000,2517379,0
99.0504,40,99050000000,380663,0
99.1014,40,99100000000,1419959,0
99.1543,40,99150000000,4264243,0
99.2027,40,99200000000,2675521,0
99.2754,40,99250000000,25398823,0
99.3014,40,99300000000,1403083,0
99.3516,40,99350000000,1554343,0
99.41,40,99400000000,10048639,0
99.453,40,99450000000,3047917,0
99.5093,40,99500000000,9254225,0
99.5522,40,99550000000,2170497,0
99.6182,40,99600000000,18172805,0
99.6534,40,99650000000,3374053,0
99.7095,40,99700000000,9468361,0
99.7523,40,99750000000,2263621,0
99.8032,40,99800000000,3217899,0
99.8659,40,99850000000,15930189,0
99.9041,40,99900000000,4068449,0
99.9522,40,99950000000,2215727,0
100,40,100000000000,473011,0
100.051,40,100050000000,1215295,0
100.104,40,100100000000,4379579,0
100.155,40,100150000000,4982851,0
100.2,40,100200000000,442135,0
100.251,40,100250000000,1407419,0
100.302,40,100300000000,1934727,0
100.353,40,100350000000,2779011,0
100.414,40,100400000000,13510313,0
100.454,40,100450000000,4209585,0
100.51,40,100500000000,9782863,0
100.55,40,100550000000,390129,0
100.601,40,100600000000,727407,0
100.654,40,100650000000,4269703,0
100.72,40,100700000000,19725993,0
100.75,40,100750000000,313235,0
100.801,40,100800000000,827531,0
100.857,40,100850000000,6861821,0
100.902,40,100900000000,2088081,0
100.951,40,100950000000,725377,0
