0.120241,5,120000003,241000,1
0.120482,5,120241003,241000,1
0.120953,5,120712003,241000,1
0.122929,5,122657015,272006,0
5.00194,5,5001816537,121000,1
5.00448,5,5004328537,152006,0
5.0045,5,5004498543,0,0
5.00487,5,5004668543,199206,0
5.05341,5,5053213827,199206,0
5.10212,5,5101920135,199206,0
5.15339,5,5153194449,199206,0
5.20219,5,5202003769,184200,1
5.20972,5,5209525781,199206,0
5.25333,5,5253143077,184200,1
5.25582,5,5255619077,199206,0
5.30456,5,5304363391,199206,0
5.35072,5,5350519693,199206,0
5.40163,5,5401431019,199206,0
5.45064,5,5450443333,199206,0
5.50158,5,5501377647,199206,0
5.55053,5,5550340949,184200,1
5.55301,5,5552807949,199206,0
5.60154,5,5601345257,199206,0
5.65067,5,5650474577,199206,0
5.70161,5,5701413879,199206,0
5.75071,5,5750523187,184200,1
5.75571,5,5755513193,199206,0
5.80174,5,5801536495,199206,0
5.85098,5,5850784815,199206,0
5.90444,5,5904251135,184200,1
5.9069,5,5906718135,184200,1
5.90941,5,5909212135,199206,0
5.95081,5,5950610431,199206,0
6.00418,5,6003980733,199206,0
6.05073,5,6050526047,199206,0
6.10165,5,6101451361,199206,0
6.15024,5,6150038657,199206,0
6.20405,5,6203853977,199206,0
6.25027,5,6250071273,199206,0
6.30395,5,6303751593,199206,0
6.3527,5,6352495907,199206,0
6.40134,5,6401139215,199206,0
6.45508,5,6454880529,199206,0
6.50122,5,6501022837,199206,0
6.5549,5,6554697139,199206,0
6.60102,5,6600817441,199206,0
6.65221,5,6652015743,199206,0
6.70336,5,6703164063,199206,0
6.75459,5,6754393377,199206,0
6.80073,5,6800531679,199206,0
6.85447,5,6854274999,199206,0
6.90069,5,6900494307,199206,0
6.95186,5,6951662627,199206,0
7.00318,5,7002990947,184200,1
7.0082,5,7007998953,199206,0
7.05186,5,7051659249,199206,0
7.10071,5,7100511563,199206,0
7.15187,5,7151668877,199206,0
7.20053,5,7200332191,199206,0
7.25189,5,7251687505,199206,0
7.30051,5,7300310807,199206,0
7.3518,5,7351603121,199206,0
7.40055,5,7400370423,184200,1
7.40556,5,7405360429,199206,0
7.45416,5,7453965731,199206,0
7.50285,5,7502652027,199206,0
7.55126,5,7551058347,199206,0
7.6003,5,7600104655,199206,0
7.65127,5,7651074969,199206,0
7.7002,5,7700002277,199206,0
7.75371,5,7753506603,199206,0
7.80021,5,7800006917,199206,0
7.85113,5,7850934237,199206,0
7.9052,5,7905001563,199206,0
7.95096,5,7950761859,199206,0
8.00252,5,8002338167,184200,1
8.00506,5,8004859167,199206,0
8.051,5,8050796481,199206,0
8.10258,5,8102376807,199206,0
8.15098,5,8150779115,199206,0
8.20246,5,8202263423,199206,0
8.2509,5,8250712737,184200,1
8.25842,5,8258216749,199206,0
8.30485,5,8304668057,184200,1
8.30986,5,8309658063,199206,0
8.35066,5,8350475359,184200,1
8.35566,5,8355456365,199206,0
8.40466,5,8404477673,184200,1
8.40717,5,8406971673,199206,0
8.4504,5,8450219969,184200,1
8.45292,5,8452722969,199206,0
8.50169,5,8501494283,199206,0
8.55041,5,8550209591,199206,0
8.60171,5,8601528905,184200,1
8.60672,5,8606518911,199206,0
8.65285,5,8652655207,199206,0
8.70157,5,8701368509,199206,0
8.75042,5,8750236823,184200,1
8.7529,5,8752703823,199206,0
8.80181,5,8801630143,184200,1
8.8043,5,8804097143,199206,0
8.85309,5,8852893451,199206,0
8.90184,5,8901642753,199206,0
8.95063,5,8950432067,199206,0
9.00181,5,9001607381,199206,0
9.05051,5,9050313689,199206,0
9.10177,5,9101567997,199206,0
9.15051,5,9150330311,184200,1
9.15303,5,9152833311,199206,0
9.20177,5,9201575619,199206,0
9.25049,5,9250303939,184200,1
9.25543,5,9255228939,199206,0
9.30419,5,9303989247,199206,0
9.35288,5,9352677561,199206,0
9.40159,5,9401394875,199206,0
9.4503,5,9450098051,199206,0
9.50416,5,9503958371,199206,0
9.5503,5,9550096673,199206,0
9.60151,5,9601314981,199206,0
9.65267,5,9652472295,199206,0
9.70114,5,9700937603,199206,0
9.7502,5,9750003917,199206,0
9.80363,5,9803434237,199206,0
9.85517,5,9854974545,199206,0
9.9034,5,9903203847,199206,0
9.95247,5,9952275149,199206,0
10.0009,5,10000740457,199206,0
10.055,5,10054787777,184200,1
10.0599,5,10059721777,199206,0
10.1033,5,10103150073,184200,1
10.1058,5,10105626073,199206,0
10.1549,5,10154661375,199206,0
10.2007,5,10200475671,199206,0
10.2548,5,10254626003,199206,0
10.3008,5,10300561311,199206,0
10.3523,5,10352065625,199206,0
10.4007,5,10400523939,184200,1
10.4082,5,10408036951,184200,1
10.4107,5,10410494951,199206,0
10.4546,5,10454450253,199206,0
10.5004,5,10500219549,199206,0
10.5516,5,10551363851,199206,0
10.6002,5,10600030147,199206,0
10.6515,5,10651344473,199206,0
10.7027,5,10702479775,184200,1
10.7052,5,10704955775,199206,0
10.7538,5,10753606077,199206,0
10.8025,5,10802294391,199206,0
10.8511,5,10850928699,184200,1
10.8561,5,10855909705,199206,0
10.9047,5,10904497007,199206,0
10.9509,5,10950745315,199206,0
11.0021,5,11001882623,199206,0
11.0533,5,11053138943,199206,0
11.1046,5,11104402251,199206,0
11.1508,5,11150596559,199206,0
11.2045,5,11204285879,199206,0
11.2533,5,11253100187,184200,1
11.2582,5,11258043187,199206,0
11.302,5,11301786489,199206,0
11.3508,5,11350602803,199206,0
11.402,5,11401834123,184200,1
11.4096,5,11409356135,199206,0
11.4532,5,11453018437,199206,0
11.5019,5,11501744751,199206,0
11.5532,5,11552956065,199206,0
11.6044,5,11604257379,184200,1
11.6094,5,11609209379,199206,0
11.6505,5,11650285675,199206,0
11.7017,5,11701489995,199206,0
11.7529,5,11752735303,199206,0
11.8042,5,11803984623,199206,0
11.8525,5,11852301919,199206,0
11.9014,5,11901247221,199206,0
11.9524,5,11952226535,199206,0
12.0039,5,12003694843,199206,0
12.0523,5,12052133151,199206,0
12.1038,5,12103601465,199206,0
12.1548,5,12154656791,184200,1
12.1626,5,12162417797,199206,0
12.2013,5,12201090093,199206,0
12.2523,5,12252118419,199206,0
12.3038,5,12303579733,199206,0
12.3521,5,12351926029,199206,0
12.4012,5,12401046343,184200,1
12.4037,5,12403549343,199206,0
12.4521,5,12451852651,199206,0
12.501,5,12500839965,199206,0
12.552,5,12551803279,199206,0
12.6008,5,12600594599,199206,0
12.6545,5,12654290913,199206,0
12.7031,5,12702921209,199206,0
12.7518,5,12751627517,199206,0
12.8004,5,12800255807,184200,1
12.8029,5,12802713807,199206,0
12.8518,5,12851593121,199206,0
12.9029,5,12902750435,184200,1
12.9054,5,12905244435,199206,0
12.954,5,12953817743,199206,0
13.0026,5,13002430033,184200,1
13.0051,5,13004942033,199206,0
13.0539,5,13053715353,199206,0
13.1052,5,13105007667,199206,0
13.1513,5,13151087957,184200,1
13.1563,5,13156077963,199206,0
13.2026,5,13202353271,199206,0
13.2511,5,13250942585,199206,0
13.3048,5,13304591893,199206,0
13.3534,5,13353208207,199206,0
13.4021,5,13401959515,184200,1
13.4097,5,13409472527,199206,0
13.4508,5,13450638823,199206,0
13.5019,5,13501684125,199206,0
13.5508,5,13550565445,199206,0
13.6019,5,13601740765,199206,0
13.6507,5,13650467079,199206,0
13.7016,5,13701421399,184200,1
13.7041,5,13703888399,184200,1
13.7091,5,13708878405,199206,0
13.7502,5,13750010707,199206,0
13.8014,5,13801240021,199206,0
13.8502,5,13850002335,184200,1
13.8527,5,13852469335,199206,0
13.901,5,13900788637,199206,0
13.9524,5,13952240951,199206,0
14.0033,5,14003119259,199206,0
14.0523,5,14052055561,199206,0
14.1006,5,14100401863,199206,0
14.1521,5,14151879171,199206,0
14.2004,5,14200207473,199206,0
14.252,5,14251794787,199206,0
14.3031,5,14302886113,199206,0
14.3546,5,14354441439,199206,0
14.4006,5,14400367747,184200,1
14.4081,5,14407871759,199206,0
14.4521,5,14451874087,199206,0
14.5004,5,14500242395,199206,0
14.5519,5,14551704075,199206,0
14.6004,5,14600171389,199206,0
14.6519,5,14651722703,199206,0
14.7003,5,14700084999,199206,0
14.7516,5,14751386313,199206,0
14.8004,5,14800193627,184200,1
14.8053,5,14805127627,199206,0
14.8515,5,14851288923,199206,0
14.9027,5,14902503219,199206,0
14.954,5,14953752533,199206,0
15.0002,5,15000007841,199206,0
15.0515,5,15051291155,199206,0
15.1002,5,15100053469,184200,1
15.1052,5,15105034475,199206,0
15.1513,5,15151107777,199206,0
15.2051,5,15204851103,199206,0
15.2512,5,15250996399,199206,0
15.3024,5,15302153713,199206,0
15.3534,5,15353233015,199206,0
15.4021,5,15401939323,199206,0
15.4508,5,15450618631,199206,0
15.5022,5,15501950957,199206,0
15.5508,5,15550563253,199206,0
15.6046,5,15604371579,199206,0
15.6507,5,15650455881,199206,0
15.7018,5,15701602189,199206,0
15.7505,5,15750306491,199206,0
15.8017,5,15801488799,199206,0
15.8505,5,15850305113,199206,0
15.9044,5,15904226427,184200,1
15.9069,5,15906729427,199206,0
15.9531,5,15952883723,199206,0
16.0019,5,16001718031,184200,1
16.012,5,16011754049,199206,0
16.053,5,16052810339,199206,0
16.1042,5,16104001647,199206,0
16.1555,5,16155255955,199206,0
16.2016,5,16201455251,184200,1
16.2066,5,16206436257,199206,0
16.2524,5,16252252559,184200,1
16.2549,5,16254737559,199206,0
16.3015,5,16301262867,199206,0
16.3525,5,16352273193,199206,0
16.4015,5,16401272501,199206,0
16.455,5,16454790815,199206,0
16.5013,5,16501143117,184200,1
16.5063,5,16506151123,184200,1
16.5088,5,16508609123,199206,0
16.5521,5,16551965419,184200,1
16.5571,5,16556955425,184200,1
16.5596,5,16559449425,199206,0
16.6011,5,16600863715,199206,0
16.652,5,16651796023,199206,0
16.7035,5,16703316331,184200,1
16.7085,5,16708342337,199206,0
16.7518,5,16751617633,199206,0
16.8032,5,16802993941,184200,1
16.8057,5,16805460941,199206,0
16.8515,5,16851304243,199206,0
16.9002,5,16900010551,199206,0
16.9512,5,16951048853,184200,1
16.9537,5,16953515853,184200,1
16.9587,5,16958523859,199206,0
17.0024,5,17002247155,199206,0
17.0512,5,17051016463,199206,0
17.1025,5,17102265783,199206,0
17.1512,5,17150963097,199206,0
17.2023,5,17202075411,199206,0
17.2535,5,17253358725,184200,1
17.2585,5,17258348731,199206,0
17.3022,5,17302038033,199206,0
17.351,5,17350753341,199206,0
17.4022,5,17401993655,199206,0
17.4508,5,17450594945,199206,0
17.5046,5,17504403271,199206,0
17.5509,5,17550667579,199206,0
17.6048,5,17604628905,199206,0
17.6511,5,17650913213,199206,0
17.7024,5,17702169521,199206,0
17.7511,5,17750879841,199206,0
17.8023,5,17802091155,199206,0
17.8534,5,17853194469,199206,0
17.9021,5,17901873777,199206,0
17.9508,5,17950591091,184200,1
17.9558,5,17955608097,199206,0
18.002,5,18001766405,199206,0
18.0507,5,18050519719,199206,0
18.1019,5,18101731039,199206,0
18.1507,5,18150493353,199206,0
18.2016,5,18201445667,199206,0
18.2505,5,18250334969,199206,0
18.3014,5,18301242277,199206,0
18.3504,5,18350234585,199206,0
18.4039,5,18403651893,199206,0
18.4504,5,18450168195,199206,0
18.5012,5,18501028497,184200,1
18.5062,5,18506045503,184200,1
18.5087,5,18508521503,199206,0
18.5526,5,18552447793,199206,0
18.601,5,18600776095,184200,1
18.606,5,18605793101,199206,0
18.6526,5,18652372409,199206,0
18.7011,5,18700859729,199206,0
18.7551,5,18754950043,199206,0
18.8011,5,18800887351,199206,0
18.8551,5,18854916677,199206,0
18.901,5,18900784973,199206,0
18.9526,5,18952363287,199206,0
19.001,5,19000767601,199206,0
19.055,5,19054810909,199206,0
19.1035,5,19103348217,199206,0
19.1549,5,19154687537,199206,0
19.2011,5,19200879839,199206,0
19.2524,5,19252219159,199206,0
19.3012,5,19300963473,199206,0
19.3526,5,19352376799,199206,0
19.4014,5,19401175113,184200,1
19.4039,5,19403660113,199206,0
19.4527,5,19452467433,199206,0
19.5014,5,19501218747,199206,0
19.5526,5,19552407067,199206,0
19.6013,5,19601063387,199206,0
19.6551,5,19654876701,199206,0
19.7012,5,19700994997,199206,0
19.7523,5,19752132305,199206,0
19.8036,5,19803377613,199206,0
19.8524,5,19852236921,199206,0
19.9012,5,19901026235,199206,0
19.9551,5,19954926567,199206,0
20.0013,5,20001075875,199206,0
20.0525,5,20052303183,199206,0
20.1011,5,20100884467,199206,0
20.1524,5,20152160787,199206,0
20.2011,5,20200914101,199206,0
20.2523,5,20252087409,199206,0
20.3009,5,20300721717,199206,0
20.3546,5,20354431043,199206,0
20.4009,5,20400670351,199206,0
20.4517,5,20451550665,184200,1
20.4571,5,20456880671,199206,0
20.5033,5,20503126973,199206,0
20.5517,5,20551520281,199206,0
20.6033,5,20603100601,199206,0
20.654,5,20653814903,199206,0
20.7006,5,20700394211,199206,0
20.754,5,20753759525,199206,0
20.8029,5,20802652827,199206,0
20.8512,5,20851046129,199206,0
20.9002,5,20900029437,199206,0
20.9512,5,20951017751,184200,1
20.9537,5,20953493751,199206,0
21.0002,5,21000010059,199206,0
21.0536,5,21053404379,199206,0
21.1026,5,21102448681,199206,0
21.151,5,21150756977,199206,0
21.2024,5,21202188303,199206,0
21.2511,5,21250885611,184200,1
21.2561,5,21255902617,199206,0
21.3048,5,21304628931,184200,1
21.3102,5,21309958943,199206,0
21.351,5,21350819233,199206,0
21.4023,5,21402100541,184200,1
21.4073,5,21407108547,199206,0
21.4509,5,21450714843,199206,0
21.5022,5,21501987151,199206,0
21.5509,5,21550666459,199206,0
21.6048,5,21604580779,199206,0
21.6509,5,21650735075,199206,0
21.7022,5,21701982389,199206,0
21.7509,5,21750724697,199206,0
21.802,5,21801841999,199206,0
21.8509,5,21850690301,199206,0
21.9022,5,21902049627,199206,0
21.9511,5,21950856941,199206,0
22.0024,5,22002176255,199206,0
22.0512,5,22051010569,199206,0
22.1025,5,22102259889,199206,0
22.1513,5,22151110197,199206,0
22.2025,5,22202303511,199206,0
22.2512,5,22250996813,199206,0
22.3049,5,22304740139,199206,0
22.3511,5,22350867441,199206,0
22.4022,5,22401955737,199206,0
22.4509,5,22450653045,199206,0
22.5019,5,22501704359,199206,0
22.5508,5,22550642673,199206,0
22.6018,5,22601560993,199206,0
22.6531,5,22652910295,199206,0
22.7014,5,22701265597,184200,1
22.7039,5,22703750597,184200,1
22.7064,5,22706208597,199206,0
22.7504,5,22750152887,199206,0
22.8038,5,22803603207,184200,1
22.8088,5,22808584213,199206,0
22.8502,5,22850032497,199206,0
22.9012,5,22900975811,199206,0
22.9503,5,22950051125,199206,0
23.0013,5,23001149445,199206,0
23.0528,5,23052637759,199206,0
23.1012,5,23101004067,199206,0
23.1526,5,23152407375,199206,0
23.201,5,23200809683,199206,0
23.2526,5,23252464009,184200,1
23.2551,5,23254940009,199206,0
23.301,5,23300790305,199206,0
23.3551,5,23354909625,184200,1
23.3576,5,23357367625,199206,0
23.401,5,23400770927,184200,1
23.4034,5,23403237927,184200,1
23.4084,5,23408218933,199206,0
23.4521,5,23451879229,199206,0
23.5008,5,23500605543,184200,1
23.5058,5,23505622549,184200,1
23.5083,5,23508080549,199206,0
23.5544,5,23554209851,199206,0
23.6005,5,23600350159,199206,0
23.6518,5,23651610485,199206,0
23.7005,5,23700285781,199206,0
23.7518,5,23751569095,184200,1
23.7568,5,23756559101,199206,0
23.803,5,23802751409,199206,0
23.8543,5,23854106723,199206,0
23.9004,5,23900151013,199206,0
23.9541,5,23953901333,199206,0
24.0004,5,24000156635,199206,0
24.0517,5,24051497961,199206,0
24.1005,5,24100258269,199206,0
24.1516,5,24151442577,199206,0
24.2003,5,24200056879,199206,0
24.2516,5,24251441199,199206,0
24.3002,5,24300001495,184200,1
24.3052,5,24305018501,184200,1
24.3102,5,24310017507,199206,0
24.3538,5,24353578803,184200,1
24.3562,5,24356045803,199206,0
24.4023,5,24402112105,199206,0
24.451,5,24450829419,199206,0
24.5024,5,24502186739,199206,0
24.5507,5,24550461041,199206,0
24.6022,5,24602028349,199206,0
24.6531,5,24652892669,199206,0
24.7021,5,24701938977,199206,0
24.7504,5,24750222273,199206,0
24.802,5,24801789581,199206,0
24.8504,5,24850229895,199206,0
24.9021,5,24901857221,199206,0
24.953,5,24952789529,199206,0
25.0045,5,25004338837,199206,0
25.0504,5,25050218139,199206,0
25.102,5,25101771459,184200,1
25.1045,5,25104274459,199206,0
25.1503,5,25150146767,199206,0
25.2043,5,25204127075,184200,1
25.2118,5,25211640087,199206,0
25.2527,5,25252466383,199206,0
25.3017,5,25301476697,199206,0
25.3551,5,25354898017,199206,0
25.4041,5,25403870325,199206,0
25.455,5,25454770645,199206,0
25.5037,5,25503472941,184200,1
25.5065,5,25506306947,199206,0
25.5525,5,25552271261,199206,0
25.6037,5,25603498569,199206,0
25.6526,5,25652429877,184200,1
25.6576,5,25657410883,199206,0
25.7015,5,25701327191,184200,1
25.704,5,25703821191,199206,0
25.7504,5,25750168499,199206,0
25.8016,5,25801442813,199206,0
25.8503,5,25850136109,184200,1
25.8553,5,25855117115,199206,0
25.9015,5,25901307417,184200,1
25.904,5,25903792417,199206,0
25.9503,5,25950051731,199206,0
26.0014,5,26001236045,199206,0
26.0526,5,26052400353,199206,0
26.1013,5,26101135667,199206,0
26.1525,5,26152297969,199206,0
26.2039,5,26203655289,199206,0
26.2551,5,26254925591,199206,0
26.3013,5,26301124887,184200,1
26.3064,5,26306150893,199206,0
26.3552,5,26354996213,184200,1
26.3577,5,26357481213,199206,0
26.4012,5,26401042509,199206,0
26.4525,5,26452314817,199206,0
26.5012,5,26501043137,199206,0
26.5524,5,26552187439,199206,0
26.6011,5,26600931753,184200,1
26.6036,5,26603389753,199206,0
26.6523,5,26652143067,184200,1
26.6573,5,26657142073,199206,0
26.7035,5,26703309381,199206,0
26.7521,5,26751934683,199206,0
26.8005,5,26800311991,199206,0
26.852,5,26851859299,184200,1
26.8571,5,26856876305,199206,0
26.9005,5,26900297607,199206,0
26.952,5,26951756915,199206,0
27.0029,5,27002686241,199206,0
27.0519,5,27051685555,184200,1
27.0544,5,27054179555,199206,0
27.1003,5,27100076857,199206,0
27.1519,5,27151700171,199206,0
27.2002,5,27200032485,199206,0
27.2519,5,27251655805,199206,0
27.3027,5,27302502119,184200,1
27.3052,5,27304978119,199206,0
27.3517,5,27351539427,199206,0
27.4026,5,27402435735,199206,0
27.4516,5,27451435037,199206,0
27.5026,5,27502463363,184200,1
27.5051,5,27504930363,199206,0
27.5542,5,27554039677,199206,0
27.6027,5,27602533991,199206,0
27.6515,5,27651289311,199206,0
27.7051,5,27704949631,184200,1
27.7076,5,27707425631,199206,0
27.7512,5,27751033933,199206,0
27.8025,5,27802344247,184200,1
27.805,5,27804847247,184200,1
27.8075,5,27807332247,199206,0
27.8511,5,27850938543,184200,1
27.8536,5,27853441543,199206,0
27.9025,5,27902257857,199206,0
27.9511,5,27950912171,199206,0
28.0024,5,28002159485,199206,0
28.0511,5,28050892793,184200,1
28.0535,5,28053350793,199206,0
28.1047,5,28104515101,199206,0
28.1509,5,28150716403,184200,1
28.1559,5,28155724409,199206,0
28.202,5,28201779711,199206,0
28.2507,5,28250522019,199206,0
28.302,5,28301778333,199206,0
28.3532,5,28353025641,184200,1
28.3557,5,28355492641,199206,0
28.4045,5,28404261949,199206,0
28.4508,5,28450553251,199206,0
28.5046,5,28504397577,184200,1
28.5071,5,28506882577,199206,0
28.5532,5,28552975879,199206,0
28.6044,5,28604185187,184200,1
28.6094,5,28609211193,199206,0
28.6505,5,28650283477,184200,1
28.653,5,28652786477,184200,1
28.658,5,28657776483,184200,1
28.6605,5,28660261483,199206,0
28.7016,5,28701393785,199206,0
28.7502,5,28750003099,199206,0
28.8015,5,28801270425,184200,1
28.804,5,28803764425,199206,0
28.8526,5,28852362727,199206,0
28.9012,5,28901024035,199206,0
28.955,5,28954830355,199206,0
29.0036,5,29003446669,199206,0
29.052,5,29051839977,199206,0
29.1009,5,29100740279,199206,0
29.1518,5,29151571581,199206,0
29.2007,5,29200511895,199206,0
29.2516,5,29251442197,199206,0
29.3031,5,29302939511,199206,0
29.354,5,29353763819,199206,0
29.4004,5,29400244127,199206,0
29.4539,5,29453748453,199206,0
29.5003,5,29500125749,199206,0
29.5513,5,29551107069,199206,0
29.6004,5,29600169377,199206,0
29.6514,5,29651204697,184200,1
29.6564,5,29656203703,199206,0
29.703,5,29702772005,184200,1
29.7055,5,29705293005,199206,0
29.7514,5,29751181307,199206,0
29.8002,5,29800013615,199206,0
29.8516,5,29851442935,184200,1
29.8541,5,29853909935,184200,1
29.8566,5,29856376935,184200,1
29.859,5,29858843935,199206,0
29.9003,5,29900091231,199206,0
29.9516,5,29951412551,199206,0
30.003,5,30002760871,199206,0
30.0543,5,30054100191,184200,1
30.0568,5,30056612191,199206,0
30.1005,5,30100326493,199206,0
30.1518,5,30151636807,199206,0
30.2007,5,30200469115,199206,0
30.2519,5,30251721417,199206,0
30.3008,5,30300564731,199206,0
30.3521,5,30351900039,199206,0
30.4009,5,30400698353,199206,0
30.4522,5,30451999667,199206,0
30.5008,5,30500638963,199206,0
30.5546,5,30554405271,199206,0
30.6008,5,30600624579,199206,0
30.6521,5,30651858875,199206,0
30.7008,5,30700648189,199206,0
30.7521,5,30751870509,199206,0
30.8008,5,30800576823,184200,1
30.8033,5,30803061823,199206,0
30.8521,5,30851851137,199206,0
30.9009,5,30900714457,199206,0
30.9521,5,30951918777,199206,0
31.0034,5,31003184091,199206,0
31.0546,5,31054404405,199206,0
31.1005,5,31100292707,184200,1
31.1029,5,31102750707,199206,0
31.1544,5,31154264015,184200,1
31.1595,5,31159272021,199206,0
31.2003,5,31200065299,199206,0
31.2519,5,31251733619,199206,0
31.3003,5,31300133921,199206,0
31.3545,5,31354334241,184200,1
31.3571,5,31356855241,199206,0
31.4004,5,31400231543,199206,0
31.4519,5,31451753851,184200,1
31.4544,5,31454229851,199206,0
31.5005,5,31500257165,199206,0
31.5545,5,31554349485,199206,0
31.6029,5,31602704787,199206,0
31.6519,5,31651753101,184200,1
31.6595,5,31659275113,199206,0
31.7026,5,31702447397,184200,1
31.7051,5,31704914397,184200,1
31.7101,5,31709931403,199206,0
31.7515,5,31751307681,184200,1
31.7565,5,31756297687,199206,0
31.8023,5,31802147983,199206,0
31.8539,5,31853708303,199206,0
31.9024,5,31902173611,184200,1
31.9049,5,31904694611,199206,0
31.9512,5,31950951919,199206,0
32.0025,5,32002300239,199206,0
32.0539,5,32053682553,199206,0
32.1002,5,32100000855,199206,0
32.1516,5,32151421175,199206,0
32.2029,5,32202713495,184200,1
32.2054,5,32205171495,199206,0
32.2515,5,32251296785,184200,1
32.2565,5,32256313791,199206,0
32.3002,5,32300001087,199206,0
32.3515,5,32351314039,184200,1
32.359,5,32358836051,184200,1
32.3641,5,32363853057,199206,0
32.4026,5,32402397347,184200,1
32.4101,5,32409928359,199206,0
32.4538,5,32453572661,184200,1
32.4562,5,32456030661,199206,0
32.5048,5,32504602945,199206,0
32.5512,5,32550979259,184200,1
32.5537,5,32553455259,199206,0
32.6024,5,32602251567,184200,1
32.6049,5,32604709567,199206,0
32.6538,5,32653617887,199206,0
32.7051,5,32704883201,184200,1
32.7126,5,32712358207,199206,0
32.751,5,32750846491,199206,0
32.8048,5,32804629823,199206,0
32.851,5,32850775113,199206,0
32.9022,5,32902013427,199206,0
32.9509,5,32950719735,199206,0
33.0022,5,33001965043,199206,0
33.051,5,33050835357,199206,0
33.1023,5,33102109671,199206,0
33.1507,5,33150473973,184200,1
33.1584,5,33158243985,199206,0
33.2045,5,33204328287,199206,0
33.2504,5,33250207589,199206,0
33.3019,5,33301742909,199206,0
33.3528,5,33352589229,199206,0
33.4043,5,33404142549,184200,1
33.4094,5,33409159555,199206,0
33.4552,5,33455013863,184200,1
33.4577,5,33457498863,199206,0
33.5041,5,33503914165,199206,0
33.5526,5,33552383485,184200,1
33.5601,5,33559914497,199206,0
33.6016,5,33601409787,184200,1
33.6066,5,33606399793,199206,0
33.6551,5,33654856101,199206,0
33.7016,5,33701359397,199206,0
33.7525,5,33752266711,199206,0
33.8041,5,33803872025,199206,0
33.8524,5,33852211333,199206,0
33.9015,5,33901279653,199206,0
33.9524,5,33952204967,184200,1
33.9624,5,33962240985,199206,0
34.001,5,34000756275,199206,0
34.0523,5,34052073583,199206,0
34.1009,5,34100723891,199206,0
34.1521,5,34151928211,199206,0
34.2033,5,34203058525,199206,0
34.252,5,34251751821,199206,0
34.3033,5,34303084147,199206,0
34.3521,5,34351864467,199206,0
34.4009,5,34400689781,199206,0
34.4548,5,34454570107,199206,0
34.5011,5,34500874421,184200,1
34.5035,5,34503332421,199206,0
34.5523,5,34552119729,184200,1
34.5548,5,34554586729,184200,1
34.5572,5,34557062729,184200,1
34.5597,5,34559556729,184200,1
34.5622,5,34562050729,199206,0
34.6034,5,34603181019,184200,1
34.6084,5,34608162025,199206,0
34.6521,5,34651912321,199206,0
34.7009,5,34700692635,199206,0
34.7522,5,34752000943,199206,0
34.8035,5,34803293257,184200,1
34.8085,5,34808283263,199206,0
34.8521,5,34851882565,199206,0
34.9034,5,34903210879,199206,0
34.9522,5,34951975199,199206,0
35.0033,5,35003128501,199206,0
35.052,5,35051832803,184200,1
35.0571,5,35056858809,199206,0
35.1033,5,35103145123,199206,0
35.1545,5,35154320437,199206,0
35.2003,5,35200127739,199206,0
35.2515,5,35251346047,184200,1
35.254,5,35253840047,199206,0
35.3024,5,35302217361,184200,1
35.3052,5,35304988367,199206,0
35.3513,5,35351138651,184200,1
35.3563,5,35356108651,199206,0
35.4047,5,35404510959,184200,1
35.4075,5,35407308965,199206,0
35.4511,5,35450917267,199206,0
35.502,5,35501800563,199206,0
35.5536,5,35553396877,199206,0
35.602,5,35601803191,199206,0
35.651,5,35650831499,199206,0
35.702,5,35701808807,184200,1
35.7095,5,35709321819,184200,1
35.712,5,35711815819,199206,0
35.7509,5,35750716109,184200,1
35.7559,5,35755706115,199206,0
35.8043,5,35804099423,199206,0
35.8534,5,35853203743,184200,1
35.8584,5,35858202749,184200,1
35.8634,5,35863183755,199206,0
35.9042,5,35903997039,199206,0
35.9532,5,35953023341,199206,0
36.0018,5,36001625655,184200,1
36.0043,5,36004146655,199206,0
36.0507,5,36050547075,199206,0
36.1021,5,36101938389,199206,0
36.1508,5,36150595691,199206,0
36.2046,5,36204427005,184200,1
36.2071,5,36206894005,184200,1
36.2096,5,36209388005,199206,0
36.2507,5,36250527301,199206,0
36.3044,5,36304160615,199206,0
36.353,5,36352846917,199206,0
36.4018,5,36401569225,199206,0
36.4504,5,36450243545,199206,0
36.5013,5,36501103853,199206,0
36.5525,5,36552261167,199206,0
36.6012,5,36600994475,199206,0
36.6549,5,36654737795,184200,1
36.6574,5,36657213795,199206,0
36.7011,5,36700892091,184200,1
36.7061,5,36705891097,199206,0
36.7523,5,36752121405,184200,1
36.7598,5,36759643417,199206,0
36.8035,5,36803269719,199206,0
36.8522,5,36851960033,199206,0
36.9034,5,36903209353,199206,0
36.9546,5,36954429667,199206,0
37.0009,5,37000695975,199206,0
37.0522,5,37051992301,199206,0
37.1009,5,37100702057,199206,0
37.1548,5,37154573383,199206,0
37.2011,5,37200857691,199206,0
37.2524,5,37252233011,199206,0
37.3013,5,37301074325,199206,0
37.3525,5,37352307645,199206,0
37.4012,5,37401045941,184200,1
37.4037,5,37403548941,199206,0
37.4551,5,37454852261,199206,0
37.5013,5,37501143563,199206,0
37.5524,5,37552230877,199206,0
37.604,5,37603773191,199206,0
37.6523,5,37652130499,199206,0
37.7013,5,37701135819,199206,0
37.7523,5,37752072139,199206,0
37.8014,5,37801165459,199206,0
37.8548,5,37854602773,199206,0
37.9013,5,37901070069,199206,0
37.9521,5,37951865371,199206,0
38.0011,5,38000915691,199206,0
38.052,5,38051823005,199206,0
38.1009,5,38100714295,199206,0
38.1519,5,38151747609,199206,0
38.2007,5,38200496911,199206,0
38.2547,5,38254512237,199206,0
38.3012,5,38300951551,199206,0
38.3525,5,38352261871,199206,0
38.4013,5,38401141185,184200,1
38.4092,5,38408958197,199206,0
38.4526,5,38452415499,199206,0
38.5014,5,38501186813,199206,0
38.5551,5,38554894133,199206,0
38.6012,5,38601003429,199206,0
38.6524,5,38652234749,199206,0
38.7012,5,38700959057,199206,0
38.7524,5,38752179371,199206,0
38.8037,5,38803453685,199206,0
38.8523,5,38852114993,199206,0
38.9009,5,38900758301,184200,1
38.9085,5,38908262313,199206,0
38.952,5,38951848597,199206,0
39.0008,5,39000592911,199206,0
39.0546,5,39054410237,199206,0
39.1033,5,39103085533,199206,0
39.152,5,39151753835,199206,0
39.2008,5,39200581155,199206,0
39.2546,5,39254394469,199206,0
39.3008,5,39300581783,184200,1
39.3032,5,39303039783,199206,0
39.3519,5,39351733079,184200,1
39.3544,5,39354200079,199206,0
39.4005,5,39400338381,199206,0
39.4518,5,39451558695,199206,0
39.5002,5,39500006003,184200,1
39.503,5,39502786009,199206,0
39.5518,5,39551584323,199206,0
39.6026,5,39602388625,199206,0
39.6516,5,39651414927,199206,0
39.7025,5,39702349235,199206,0
39.7541,5,39753898549,199206,0
39.8024,5,39802237857,199206,0
39.8539,5,39853744171,199206,0
39.9049,5,39904678485,199206,0
39.9513,5,39951147793,199206,0
40.0047,5,40004531107,199206,0
40.0512,5,40051025403,199206,0
40.1021,5,40101896717,184200,1
40.1046,5,40104354717,199206,0
40.151,5,40150842019,199206,0
40.2019,5,40201677333,199206,0
40.2535,5,40253289641,184200,1
40.256,5,40255810641,199206,0
40.3019,5,40301651937,199206,0
40.3505,5,40350340245,184200,1
40.3533,5,40353120251,199206,0
40.4017,5,40401529553,184200,1
40.4067,5,40406546559,184200,1
40.4118,5,40411572565,184200,1
40.4193,5,40419103577,199206,0
40.4503,5,40450105849,199206,0
40.504,5,40503791157,199206,0
40.5528,5,40552654477,184200,1
40.5607,5,40560471489,199206,0
40.6039,5,40603742773,199206,0
40.6527,5,40652503081,184200,1
40.6552,5,40654979081,199206,0
40.7015,5,40701281389,199206,0
40.7502,5,40750052703,184200,1
40.7528,5,40752555703,199206,0
40.8015,5,40801309017,184200,1
40.804,5,40803794017,184200,1
40.8065,5,40806252017,199206,0
40.8526,5,40852444319,199206,0
40.9014,5,40901188633,184200,1
40.9089,5,40908710645,184200,1
40.9139,5,40913691651,199206,0
40.9525,5,40952287941,199206,0
41.0011,5,41000924255,199206,0
41.0524,5,41052155575,199206,0
41.1011,5,41100877883,184200,1
41.1085,5,41108278883,184200,1
41.111,5,41110781883,199206,0
41.1522,5,41151986185,199206,0
41.2009,5,41200701493,199206,0
41.2547,5,41254453819,199206,0
41.3008,5,41300590115,199206,0
41.3521,5,41351947435,199206,0
41.4009,5,41400671743,199206,0
41.452,5,41451798051,199206,0
41.5008,5,41500578365,199206,0
41.5546,5,41554409679,199206,0
41.6034,5,41603160993,199206,0
41.6546,5,41654390307,199206,0
41.7008,5,41700629615,184200,1
41.7058,5,41705628621,199206,0
41.7517,5,41751523917,199206,0
41.8007,5,41800489225,199206,0
41.8517,5,41851504539,199206,0
41.9007,5,41900532847,199206,0
41.9542,5,41954044167,199206,0
42.0006,5,42000439463,184200,1
42.0031,5,42002906463,199206,0
42.0515,5,42051308771,199206,0
42.103,5,42102808091,199206,0
42.1514,5,42151250411,199206,0
42.2005,5,42200289731,199206,0
42.2539,5,42253720051,199206,0
42.3004,5,42300160347,199206,0
42.3539,5,42353714661,199206,0
42.4005,5,42400345963,199206,0
42.4541,5,42453877289,199206,0
42.5003,5,42500087591,199206,0
42.5517,5,42551451905,199206,0
42.6004,5,42600232219,199206,0
42.6517,5,42651463539,199206,0
42.7003,5,42700061841,199206,0
42.754,5,42753848161,184200,1
42.7566,5,42756351161,199206,0
42.8027,5,42802534463,199206,0
42.8515,5,42851287777,199206,0
42.9027,5,42902508091,199206,0
42.954,5,42953800411,199206,0
43.0026,5,43002434719,199206,0
43.0538,5,43053642021,199206,0
43.105,5,43104860329,184200,1
43.1076,5,43107363329,199206,0
43.1512,5,43150951625,199206,0
43.2024,5,43202223933,199206,0
43.2513,5,43251078253,199206,0
43.3025,5,43302316573,199206,0
43.3537,5,43353520899,199206,0
43.4024,5,43402193219,199206,0
43.4511,5,43450946533,199206,0
43.505,5,43504752853,199206,0
43.5536,5,43553459161,184200,1
43.5587,5,43558476167,199206,0
43.6023,5,43602080457,199206,0
43.651,5,43650793759,199206,0
43.7023,5,43702142079,199206,0
43.751,5,43750751393,199206,0
43.8047,5,43804503713,199206,0
43.8508,5,43850615015,199206,0
43.9017,5,43901531329,199206,0
43.9507,5,43950512631,184200,1
43.9532,5,43952970631,199206,0
44.0016,5,44001453939,184200,1
44.0067,5,44006461945,199206,0
44.0504,5,44050197235,199206,0
44.1015,5,44101293549,199206,0
44.1506,5,44150402863,199206,0
44.2016,5,44201366183,199206,0
44.253,5,44252762497,199206,0
44.3014,5,44301227805,184200,1
44.309,5,44308758817,199206,0
44.3504,5,44350177119,199206,0
44.4013,5,44401140439,199206,0
44.4529,5,44452682759,199206,0
44.5012,5,44501022067,184200,1
44.5062,5,44506021073,199206,0
44.5528,5,44552553375,199206,0
44.6037,5,44603487689,199206,0
44.6552,5,44655000997,184200,1
44.6577,5,44657485997,199206,0
44.7035,5,44703313305,199206,0
44.7523,5,44752073613,199206,0
44.801,5,44800777915,199206,0
44.8522,5,44851951223,199206,0
44.9009,5,44900684531,199206,0
44.9521,5,44951940845,184200,1
44.9571,5,44956957851,184200,1
44.9596,5,44959433851,199206,0
45.0007,5,45000497135,199206,0
45.0519,5,45051697443,199206,0
45.1031,5,45102935757,199206,0
45.1543,5,45154136065,199206,0
45.2005,5,45200303373,199206,0
45.2518,5,45251579693,184200,1
45.2542,5,45254046693,184200,1
45.2567,5,45256504693,199206,0
45.3004,5,45300209989,199206,0
45.3517,5,45351475303,199206,0
45.4031,5,45402852629,199206,0
45.4542,5,45454056949,184200,1
45.4592,5,45459055955,184200,1
45.4618,5,45461567955,199206,0
45.5004,5,45500168251,184200,1
45.5028,5,45502635251,199206,0
45.5516,5,45551379565,184200,1
45.554,5,45553846565,199206,0
45.6003,5,45600130873,184200,1
45.6028,5,45602597873,184200,1
45.6053,5,45605055873,199206,0
45.6514,5,45651198187,199206,0
45.7027,5,45702454501,199206,0
45.7539,5,45753708815,199206,0
45.8051,5,45804938123,199206,0
45.8514,5,45851159431,199206,0
45.9026,5,45902417745,199206,0
45.951,5,45950849059,184200,1
45.9563,5,45956087065,199206,0
46.0025,5,46002317373,199206,0
46.0509,5,46050697669,199206,0
46.1024,5,46102248983,184200,1
46.1049,5,46104724983,199206,0
46.1507,5,46150510273,199206,0
46.2047,5,46204461581,199206,0
46.2506,5,46250403883,199206,0
46.302,5,46301825197,199206,0
46.3504,5,46350265511,184200,1
46.3529,5,46352732511,199206,0
46.4045,5,46404294825,199206,0
46.4502,5,46450006109,199206,0
46.5044,5,46504190435,184200,1
46.5069,5,46506657435,199206,0
46.5526,5,46552437737,199206,0
46.6016,5,46601441051,199206,0
46.6526,5,46652393365,199206,0
46.7042,5,46703993691,199206,0
46.7526,5,46752389005,199206,0
46.8041,5,46803875313,199206,0
46.8525,5,46852322621,199206,0
46.9012,5,46900965929,199206,0
46.9523,5,46952157237,184200,1
46.9574,5,46957183243,199206,0
47.0011,5,47000870539,199206,0
47.0523,5,47052126853,199206,0
47.101,5,47100828173,199206,0
47.1522,5,47152046481,199206,0
47.2035,5,47203273795,199206,0
47.2522,5,47252036109,199206,0
47.301,5,47300805417,199206,0
47.3523,5,47352068725,199206,0
47.401,5,47400813039,199206,0
47.4522,5,47452033353,199206,0
47.5009,5,47500730661,199206,0
47.5546,5,47554415969,199206,0
47.6009,5,47600673277,184200,1
47.6109,5,47610700295,199206,0
47.652,5,47651819585,199206,0
47.7032,5,47703028893,199206,0
47.7519,5,47751663201,199206,0
47.8005,5,47800349503,199206,0
47.8518,5,47851636829,199206,0
47.9003,5,47900139119,199206,0
47.9542,5,47953963439,199206,0
48.003,5,48002768747,199206,0
48.0516,5,48051450061,199206,0
48.1053,5,48105128375,199206,0
48.1514,5,48151237665,199206,0
48.2024,5,48202236985,199206,0
48.2515,5,48251310293,199206,0
48.3023,5,48302150595,184200,1
48.3102,5,48309976607,199206,0
48.3513,5,48351059897,199206,0
48.4022,5,48401992205,199206,0
48.4513,5,48451078525,184200,1
48.4537,5,48453545525,199206,0
48.5022,5,48502026827,199206,0
48.5539,5,48553743099,199206,0
48.6022,5,48602024395,199206,0
48.6513,5,48651052703,199206,0
48.7022,5,48701996017,199206,0
48.7513,5,48751098331,184200,1
48.7538,5,48753610331,184200,1
48.7588,5,48758609337,184200,1
48.7638,5,48763590343,199206,0
48.802,5,48801756621,199206,0
48.8508,5,48850642929,184200,1
48.8562,5,48855972941,199206,0
48.9046,5,48904440255,184200,1
48.9096,5,48909448261,199206,0
48.9508,5,48950628545,199206,0
49.0024,5,49002185871,184200,1
49.0049,5,49004670871,199206,0
49.0511,5,49050901179,199206,0
49.1024,5,49102193499,199206,0
49.1511,5,49150881807,199206,0
49.2024,5,49202185127,199206,0
49.2512,5,49250983441,199206,0
49.3051,5,49304892773,199206,0
49.3513,5,49351112075,199206,0
49.4025,5,49402321383,199206,0
49.4538,5,49453606703,199206,0
49.5024,5,49502236999,184200,1
49.5049,5,49504703999,199206,0
49.5512,5,49550988307,184200,1
49.5562,5,49555978313,199206,0
49.6048,5,49604628615,184200,1
49.6073,5,49607095615,199206,0
49.6536,5,49653352923,199206,0
49.7048,5,49704645237,199206,0
49.751,5,49750781533,199206,0
49.8022,5,49801967847,199206,0
49.8508,5,49850609149,199206,0
49.902,5,49901811463,199206,0
49.9506,5,49950380765,199206,0
50.0043,5,50004133085,199206,0
50.0505,5,50050334387,199206,0
50.1043,5,50104077707,184200,1
50.1067,5,50106535707,199206,0
50.1502,5,50150000003,184200,1
50.153,5,50152780009,184200,1
50.158,5,50157788015,199206,0
50.2018,5,50201603317,199206,0
50.2527,5,50252490625,199206,0
50.3018,5,50301590933,184200,1
50.3043,5,50304084933,199206,0
50.3502,5,50350000229,199206,0
50.4044,5,50404258561,184200,1
50.4069,5,50406743561,184200,1
50.4094,5,50409219561,199206,0
50.4528,5,50452586863,199206,0
50.5019,5,50501671177,199206,0
50.5504,5,50550257497,184200,1
50.5579,5,50557732503,199206,0
50.6018,5,50601649793,199206,0
50.653,5,50652766113,184200,1
50.658,5,50657765119,199206,0
50.7019,5,50701709409,199206,0
50.7503,5,50750068723,199206,0
50.8017,5,50801512037,199206,0
50.8526,5,50852437351,199206,0
50.9016,5,50901434641,199206,0
50.9526,5,50952386955,199206,0
51.004,5,51003857275,184200,1
51.0065,5,51006342275,199206,0
51.0524,5,51052246571,199206,0
51.1038,5,51103657891,184200,1
51.1092,5,51108951903,199206,0
51.1551,5,51154871217,184200,1
51.1601,5,51159870223,184200,1
51.1651,5,51164887229,199206,0
51.2037,5,51203508507,199206,0
51.2524,5,51252225821,184200,1
51.2549,5,51254692821,184200,1
51.2599,5,51259673827,199206,0
51.3011,5,51300865117,199206,0
51.3523,5,51352135425,184200,1
51.3573,5,51357116431,199206,0
51.4037,5,51403490739,199206,0
51.4549,5,51454743041,199206,0
51.5012,5,51500980343,199206,0
51.5526,5,51552420669,184200,1
51.5576,5,51557437675,199206,0
51.6014,5,51601171977,199206,0
51.6527,5,51652520297,199206,0
51.7016,5,51701444611,199206,0
51.7505,5,51750271931,199206,0
51.8018,5,51801584251,199206,0
51.8506,5,51850360553,199206,0
51.9044,5,51904222879,199206,0
51.9506,5,51950440181,199206,0
52.002,5,52001759495,199206,0
52.0531,5,52052932803,199206,0
52.1043,5,52104135123,199206,0
52.153,5,52152785431,199206,0
52.2042,5,52204041745,199206,0
52.2504,5,52250202059,199206,0
52.3014,5,52301190373,199206,0
52.3503,5,52350090675,199206,0
52.4013,5,52401087989,199206,0
52.4504,5,52450170297,199206,0
52.5038,5,52503600617,199206,0
52.5504,5,52550190931,199206,0
52.6014,5,52601235251,199206,0
52.6504,5,52650265021,184200,1
52.6529,5,52652723021,199206,0
52.7012,5,52701024323,199206,0
52.7527,5,52752512637,199206,0
52.8009,5,52800746921,199206,0
52.8526,5,52852442235,184200,1
52.8551,5,52854936235,199206,0
52.901,5,52900774549,184200,1
52.9035,5,52903259549,199206,0
52.9525,5,52952305863,199206,0
53.0009,5,53000737177,199206,0
53.055,5,53054830015,184200,1
53.0575,5,53057288015,199206,0
53.1008,5,53100626305,199206,0
53.1549,5,53154718625,199206,0
53.2009,5,53200664939,199206,0
53.252,5,53251780235,199206,0
53.3007,5,53300468543,199206,0
53.3519,5,53351726863,184200,1
53.3544,5,53354193863,199206,0
53.4006,5,53400422165,184200,1
53.4056,5,53405383165,199206,0
53.4543,5,53454064479,199206,0
53.5003,5,53500105781,199206,0
53.5515,5,53551333095,199206,0
53.6027,5,53602513397,199206,0
53.6514,5,53651239711,184200,1
53.6539,5,53653715711,199206,0
53.7002,5,53700025019,199206,0
53.7539,5,53753748339,199206,0
53.8052,5,53804988659,199206,0
53.8512,5,53851034955,199206,0
53.9024,5,53902219269,199206,0
53.9511,5,53950862577,199206,0
54.0048,5,54004648891,199206,0
54.0534,5,54053245193,199206,0
54.1022,5,54102023501,199206,0
54.1509,5,54150691809,199206,0
54.2021,5,54201865117,199206,0
54.2508,5,54250578419,199206,0
54.302,5,54301798733,199206,0
54.3507,5,54350483029,199206,0
54.4044,5,54404179343,199206,0
54.4502,5,54450004645,199206,0
54.5017,5,54501528959,199206,0
54.5525,5,54552331255,199206,0
54.6015,5,54601314563,199206,0
54.6524,5,54652219871,199206,0
54.7039,5,54703652173,199206,0
54.7549,5,54754707499,199206,0
54.8013,5,54801109789,199206,0
54.8523,5,54852080103,199206,0
54.9012,5,54901018411,199206,0
54.9522,5,54952006725,199206,0
55.0012,5,55000974039,199206,0
55.052,5,55051798347,199206,0
55.1036,5,55103367661,199206,0
55.152,5,55151789975,199206,0
55.201,5,55200811289,184200,1
55.206,5,55205801295,199206,0
55.2519,5,55251698597,199206,0
55.3007,5,55300460911,199206,0
55.3518,5,55351600219,199206,0
55.4006,5,55400358527,199206,0
55.4544,5,55454211853,199206,0
55.5031,5,55502907155,199206,0
55.5519,5,55551685463,184200,1
55.5569,5,55556693469,184200,1
55.5619,5,55561701475,184200,1
55.5669,5,55566709481,184200,1
55.5719,5,55571708487,199206,0
55.6004,5,55600187753,199206,0
55.6517,5,55651480067,199206,0
55.7004,5,55700195375,199206,0
55.7542,5,55754010695,199206,0
55.8004,5,55800211997,199206,0
55.8516,5,55851416317,199206,0
55.9004,5,55900180637,199206,0
55.954,5,55953802945,199206,0
56.0002,5,56000002241,199206,0
56.0515,5,56051276555,199206,0
56.1002,5,56100000863,184200,1
56.1052,5,56105026869,184200,1
56.1102,5,56109987869,184200,1
56.1127,5,56112463869,199206,0
56.1512,5,56151017159,199206,0
56.2024,5,56202219473,184200,1
56.2049,5,56204695473,199206,0
56.2511,5,56250914775,199206,0
56.3022,5,56302039071,199206,0
56.351,5,56350765385,199206,0
56.4047,5,56404562705,184200,1
56.4123,5,56412066717,199206,0
56.4509,5,56450672007,199206,0
56.502,5,56501800315,199206,0
56.5508,5,56550587623,199206,0
56.6018,5,56601631943,199206,0
56.6535,5,56653255257,199206,0
56.7018,5,56701628559,199206,0
56.7504,5,56750233861,199206,0
56.8013,5,56801150175,199206,0
56.8528,5,56852607483,199206,0
56.901,5,56900850773,199206,0
56.9526,5,56952395093,199206,0
57.0009,5,57000730389,199206,0
57.0525,5,57052301709,199206,0
57.1007,5,57100501999,199206,0
57.1524,5,57152154319,199206,0
57.2006,5,57200446621,184200,1
57.2082,5,57207968633,199206,0
57.2522,5,57252008941,199206,0
57.3005,5,57300328243,199206,0
57.3521,5,57351877551,184200,1
57.3545,5,57354335551,199206,0
57.4003,5,57400095847,199206,0
57.4516,5,57451374173,199206,0
57.5002,5,57500019481,199206,0
57.5515,5,57551295801,184200,1
57.554,5,57553753801,199206,0
57.6025,5,57602321097,199206,0
57.6537,5,57653485405,199206,0
57.7023,5,57702135713,199206,0
57.7511,5,57750925027,199206,0
57.8048,5,57804607353,199206,0
57.8509,5,57850662649,199206,0
57.9046,5,57904351963,199206,0
57.9506,5,57950432253,199206,0
58.002,5,58001751567,199206,0
58.0506,5,58050421875,199206,0
58.1019,5,58101660189,199206,0
58.1506,5,58150438497,199206,0
58.2019,5,58201723817,199206,0
58.2531,5,58252924125,184200,1
58.2581,5,58257923131,199206,0
58.3018,5,58301590421,199206,0
58.3529,5,58352727729,199206,0
58.4016,5,58401387031,199206,0
58.4503,5,58450104345,199206,0
58.5016,5,58501414659,199206,0
58.5503,5,58550131973,199206,0
58.6016,5,58601379287,199206,0
58.6528,5,58652639607,199206,0
58.7015,5,58701329921,199206,0
58.7524,5,58752208229,199206,0
58.8015,5,58801265543,199206,0
58.8523,5,58852152851,184200,1
58.8548,5,58854619851,199206,0
58.9012,5,58900972147,199206,0
58.9546,5,58954402467,199206,0
59.0037,5,59003461105,199206,0
59.052,5,59051758389,199206,0
59.101,5,59100815703,199206,0
59.152,5,59151851023,184200,1
59.1545,5,59154354023,184200,1
59.1571,5,59156875023,199206,0
59.201,5,59200785325,199206,0
59.2519,5,59251728639,184200,1
59.2569,5,59256698639,199206,0
59.3008,5,59300619941,199206,0
59.3517,5,59351538255,184200,1
59.3542,5,59354014255,199206,0
59.4008,5,59400593563,184200,1
59.4033,5,59403114563,199206,0
59.4542,5,59453969883,199206,0
59.5031,5,59502908191,199206,0
59.554,5,59553811493,199206,0
59.6002,5,59600005801,199206,0
59.6515,5,59651343115,199206,0
59.7003,5,59700098435,199206,0
59.7515,5,59751316087,199206,0
59.8029,5,59802711413,199206,0
59.8517,5,59851511733,184200,1
59.8542,5,59853969733,199206,0
59.9003,5,59900110041,199206,0
59.9515,5,59951319349,199206,0
60.0003,5,60000133657,199206,0
60.0516,5,60051434971,199206,0
60.1004,5,60100260285,184200,1
60.108,5,60107773297,199206,0
60.1516,5,60151375581,199206,0
60.2002,5,60200005883,199206,0
60.2514,5,60251217197,199206,0
60.3026,5,60302388505,199206,0
60.3514,5,60351166819,199206,0
60.4051,5,60404930145,199206,0
60.4538,5,60453598453,199206,0
60.5025,5,60502279767,199206,0
60.5513,5,60551058075,199206,0
60.6025,5,60602303383,199206,0
60.6511,5,60650924679,199206,0
60.7023,5,60702079987,199206,0
60.7509,5,60750721295,199206,0
60.8047,5,60804493615,199206,0
60.8508,5,60850604917,199206,0
60.9045,5,60904362225,184200,1
60.907,5,60906829225,199206,0
60.9533,5,60953075527,184200,1
60.9583,5,60958101533,199206,0
61.0016,5,61001358829,199206,0
61.0506,5,61050416143,199206,0
61.1015,5,61101271463,199206,0
61.1505,5,61150252771,199206,0
61.2014,5,61201216091,199206,0
61.2505,5,61250262399,199206,0
61.304,5,61303757725,199206,0
61.353,5,61352768033,184200,1
61.3554,5,61355235033,199206,0
61.4013,5,61401114335,199206,0
61.4528,5,61452647649,184200,1
61.4553,5,61455105649,199206,0
61.5012,5,61501020951,199206,0
61.5502,5,61550029253,199206,0
61.6037,5,61603522573,199206,0
61.6528,5,61652660887,184200,1
61.6553,5,61655136887,184200,1
61.6578,5,61657594887,199206,0
61.7012,5,61700962189,199206,0
61.7551,5,61754877497,199206,0
61.8009,5,61800729799,199206,0
61.8523,5,61852078119,199206,0
61.9009,5,61900746421,199206,0
61.9521,5,61951923741,199206,0
62.0008,5,62000621049,199206,0
62.0521,5,62051868363,199206,0
62.1006,5,62100437671,199206,0
62.1518,5,62151567979,184200,1
62.1542,5,62154043979,199206,0
62.2003,5,62200099275,184200,1
62.2028,5,62202566275,199206,0
62.254,5,62253856583,184200,1
62.259,5,62258817583,199206,0
62.3002,5,62300008873,184200,1
62.3077,5,62307483879,199206,0
62.3512,5,62351061169,184200,1
62.3537,5,62353546169,199206,0
62.4026,5,62402362483,199206,0
62.4511,5,62450947779,199206,0
62.5051,5,62504918105,199206,0
62.5514,5,62551182407,199206,0
62.6003,5,62600063727,199206,0
62.6515,5,62651300035,184200,1
62.654,5,62653758035,199206,0
62.7028,5,62702648355,199206,0
62.7516,5,62751376675,199206,0
62.8027,5,62802522983,184200,1
62.8052,5,62804989983,199206,0
62.8513,5,62851137285,199206,0
62.9052,5,62904977599,184200,1
62.9102,5,62909967605,199206,0
62.9509,5,62950679883,199206,0
63.0025,5,63002294197,199206,0
63.0534,5,63053167517,199206,0
63.1023,5,63102110813,199206,0
63.1507,5,63150459115,199206,0
63.2022,5,63202048435,184200,1
63.2047,5,63204524435,199206,0
63.2506,5,63250432743,199206,0
63.3047,5,63304561063,184200,1
63.3073,5,63307082063,184200,1
63.3097,5,63309540063,199206,0
63.3531,5,63352864371,199206,0
63.4046,5,63404370685,199206,0
63.4505,5,63450305993,199206,0
63.5046,5,63504445319,184200,1
63.5071,5,63506912319,184200,1
63.5096,5,63509379319,199206,0
63.5503,5,63550084603,199206,0
63.6018,5,63601635923,199206,0
63.6502,5,63650029231,199206,0
63.7019,5,63701659539,199206,0
63.7527,5,63752508841,184200,1
63.7552,5,63754975841,199206,0
63.8014,5,63801208155,199206,0
63.8526,5,63852426463,199206,0
63.9013,5,63901082783,199206,0
63.9526,5,63952429103,199206,0
64.0013,5,64001164417,184200,1
64.0064,5,64006172423,199206,0
64.0524,5,64052265725,184200,1
64.0549,5,64054723725,199206,0
64.1011,5,64100954039,184200,1
64.1061,5,64105962045,184200,1
64.1086,5,64108429045,199206,0
64.1523,5,64152082347,199206,0
64.2008,5,64200642649,199206,0
64.252,5,64251811945,199206,0
64.3008,5,64300568241,199206,0
64.352,5,64351804549,199206,0
64.4033,5,64403051863,199206,0
64.4545,5,64454301183,199206,0
64.5007,5,64500502485,199206,0
64.5519,5,64551713799,199206,0
64.6029,5,64602730095,184200,1
64.6054,5,64605206095,199206,0
64.6517,5,64651510409,184200,1
64.6567,5,64656500415,184200,1
64.6617,5,64661526421,199206,0
64.7004,5,64700187711,184200,1
64.7029,5,64702681711,199206,0
64.7542,5,64754037025,184200,1
64.7567,5,64756531025,184200,1
64.7592,5,64759007025,199206,0
64.8028,5,64802665315,184200,1
64.8054,5,64805177315,199206,0
64.8517,5,64851472629,199206,0
64.903,5,64902800943,184200,1
64.908,5,64907817949,199206,0
64.9543,5,64954084257,199206,0
65.0005,5,65000305565,199206,0
65.0519,5,65051655891,199206,0
65.1003,5,65100076199,199206,0
65.1518,5,65151589507,199206,0
65.2026,5,65202406815,199206,0
65.2515,5,65251298117,199206,0
65.3024,5,65302250431,199206,0
65.3539,5,65353709739,184200,1
65.3564,5,65356221739,199206,0
65.4023,5,65402121047,184200,1
65.4048,5,65404606047,199206,0
65.4514,5,65451230355,199206,0
65.505,5,65504777675,199206,0
65.5515,5,65551318983,199206,0
65.605,5,65604805309,199206,0
65.6515,5,65651290611,184200,1
65.654,5,65653802611,199206,0
65.7025,5,65702312919,199206,0
65.7516,5,65751444239,184200,1
65.7567,5,65756452245,199206,0
65.8024,5,65802230541,184200,1
65.8074,5,65807220547,199206,0
65.8539,5,65853716849,199206,0
65.9047,5,65904498157,199206,0
65.9536,5,65953452465,184200,1
65.9612,5,65960965477,199206,0
66.002,5,66001764773,199206,0
66.0532,5,66052965081,199206,0
66.1045,5,66104306407,184200,1
66.107,5,66106764407,199206,0
66.1531,5,66152902703,199206,0
66.2018,5,66201591005,199206,0
66.2505,5,66250324313,199206,0
66.3017,5,66301546633,199206,0
66.353,5,66352838947,199206,0
66.4042,5,66404032261,199206,0
66.4505,5,66450251563,199206,0
66.5042,5,66504001877,199206,0
66.553,5,66552753185,199206,0
66.6016,5,66601396493,199206,0
66.6504,5,66650183801,184200,1
66.6579,5,66657687813,199206,0
66.7015,5,66701332115,199206,0
66.7502,5,66750016417,199206,0
66.8014,5,66801216725,199206,0
66.8526,5,66852392039,199206,0
66.9014,5,66901168341,199206,0
66.9527,5,66952516661,184200,1
66.9552,5,66954983661,184200,1
66.9602,5,66959991667,199206,0
67.0013,5,67001092957,199206,0
67.0551,5,67054890277,199206,0
67.1013,5,67101132567,199206,0
67.1529,5,67152680893,199206,0
67.2042,5,67204004219,184200,1
67.2117,5,67211535231,199206,0
67.253,5,67252753521,199206,0
67.3016,5,67301407835,199206,0
67.3526,5,67352425155,199206,0
67.4017,5,67401534463,184200,1
67.4068,5,67406560469,199206,0
67.4526,5,67452376771,199206,0
67.5017,5,67501499091,199206,0
67.5551,5,67554947411,199206,0
67.6017,5,67601517719,184200,1
67.6042,5,67603984719,184200,1
67.6067,5,67606451719,199206,0
67.6525,5,67652259021,199206,0
67.7041,5,67703866341,199206,0
67.7549,5,67754672649,199206,0
67.8014,5,67801159951,199206,0
67.8522,5,67852038259,199206,0
67.9012,5,67900969567,199206,0
67.9522,5,67951993875,199206,0
68.0012,5,68000982177,199206,0
68.0521,5,68051954497,184200,1
68.0546,5,68054421497,199206,0
68.1008,5,68100651805,184200,1
68.1037,5,68103485811,199206,0
68.1521,5,68151906119,199206,0
68.2008,5,68200556421,199206,0
68.2521,5,68251873729,199206,0
68.3008,5,68300600043,184200,1
68.3033,5,68303067043,199206,0
68.3521,5,68351903363,199206,0
68.4008,5,68400562665,199206,0
68.4545,5,68454312979,199206,0
68.5007,5,68500532281,199206,0
68.5519,5,68551714589,199206,0
68.6005,5,68600333885,199206,0
68.6517,5,68651498193,199206,0
68.7028,5,68702646507,199206,0
68.7516,5,68751406815,184200,1
68.7541,5,68753882815,199206,0
68.8003,5,68800068123,199206,0
68.8515,5,68851275425,199206,0
68.9002,5,68900006721,199206,0
68.9515,5,68951283035,184200,1
68.954,5,68953777035,199206,0
69.0027,5,69002501343,184200,1
69.0052,5,69005022343,199206,0
69.0514,5,69051153651,199206,0
69.1027,5,69102452959,199206,0
69.1539,5,69153727273,199206,0
69.2002,5,69200011581,199206,0
69.2538,5,69253619895,199206,0
69.3051,5,69304867209,199206,0
69.3512,5,69350978511,199206,0
69.4022,5,69401988837,199206,0
69.4513,5,69451084157,184200,1
69.4537,5,69453542157,199206,0
69.5021,5,69501908465,184200,1
69.5074,5,69507202471,199206,0
69.5535,5,69553349773,199206,0
69.6019,5,69601716075,199206,0
69.651,5,69650771383,199206,0
69.7019,5,69701712691,199206,0
69.7509,5,69750684993,199206,0
69.8018,5,69801648313,199206,0
69.8508,5,69850611615,199206,0
69.9017,5,69901471917,184200,1
69.9091,5,69908937923,199206,0
69.9505,5,69950314207,199206,0
70.0013,5,70001111515,199206,0
70.0529,5,70052689829,184200,1
70.0554,5,70055201829,199206,0
70.1012,5,70101027131,199206,0
70.1527,5,70152536439,199206,0
70.2038,5,70203582765,199206,0
70.2553,5,70255089079,199206,0
70.3011,5,70300932381,199206,0
70.3523,5,70352096695,199206,0
70.4011,5,70400877009,199206,0
70.4524,5,70452167317,199206,0
70.5012,5,70501003637,199206,0
70.5526,5,70552398963,199206,0
70.6038,5,70603621283,199206,0
70.6525,5,70652307585,199206,0
70.7012,5,70700959887,199206,0
70.7524,5,70752247207,199206,0
70.8011,5,70800895503,199206,0
70.8523,5,70852106817,199206,0
70.9036,5,70903358143,199206,0
70.9547,5,70954466445,199206,0
71.0009,5,71000674747,199206,0
71.0522,5,71051994061,184200,1
71.0572,5,71057011067,199206,0
71.1009,5,71100698363,199206,0
71.1546,5,71154412677,199206,0
71.2008,5,71200557973,199206,0
71.2546,5,71254402299,199206,0
71.3008,5,71300587607,199206,0
71.352,5,71351794909,184200,1
71.3545,5,71354270909,199206,0
71.4007,5,71400465217,199206,0
71.4519,5,71451678537,199206,0
71.5006,5,71500395845,199206,0
71.5515,5,71551256153,199206,0
71.6004,5,71600239461,199206,0
71.6513,5,71651079757,199206,0
71.7004,5,71700193077,199206,0
71.7513,5,71751127385,184200,1
71.7538,5,71753594385,199206,0
71.8003,5,71800117687,199206,0
71.8512,5,71850977995,199206,0
71.9026,5,71902426297,199206,0
71.9537,5,71953454623,199206,0
72.0027,5,72002516931,184200,1
72.0102,5,72010038943,199206,0
72.0536,5,72053395239,199206,0
72.1027,5,72102513553,199206,0
72.1534,5,72153207849,199206,0
72.2025,5,72202254157,199206,0
72.2509,5,72250685471,199206,0
72.3024,5,72302178773,184200,1
72.3048,5,72304636773,199206,0
72.3507,5,72350514069,199206,0
72.4018,5,72401658371,184200,1
72.4072,5,72406988383,199206,0
72.4505,5,72450315673,199206,0
72.5018,5,72501600993,184200,1
72.5043,5,72504112993,199206,0
72.5504,5,72550224301,199206,0
72.6041,5,72603942633,199206,0
72.6503,5,72650062935,199206,0
72.7015,5,72701299249,199206,0
72.7526,5,72752447563,199206,0
72.8014,5,72801173877,199206,0
72.855,5,72854785179,199206,0
72.9013,5,72901121481,184200,1
72.9038,5,72903615481,199206,0
72.9525,5,72952348795,199206,0
73.0012,5,73001008097,184200,1
73.0037,5,73003511097,199206,0
73.0524,5,73052215399,199206,0
73.1036,5,73103442713,199206,0
73.1524,5,73152239021,199206,0
73.2037,5,73203493335,199206,0
73.2524,5,73252210649,199206,0
73.3012,5,73300999963,199206,0
73.3551,5,73354918295,199206,0
73.4014,5,73401164597,199206,0
73.4527,5,73452467917,199206,0
73.5013,5,73501143213,184200,1
73.5039,5,73503655213,199206,0
73.555,5,73554783515,199206,0
73.6013,5,73601072811,184200,1
73.6063,5,73606053817,199206,0
73.6523,5,73652147119,199206,0
73.7036,5,73703367433,199206,0
73.7547,5,73754540741,199206,0
73.8031,5,73802925049,199206,0
73.8521,5,73851917357,199206,0
73.9005,5,73900330671,199206,0
73.9545,5,73954343997,199206,0
74.0005,5,74000288305,199206,0
74.0521,5,74051893619,184200,1
74.0596,5,74059415631,199206,0
74.1003,5,74100149921,199206,0
74.152,5,74151762229,199206,0
74.2003,5,74200110537,199206,0
74.2543,5,74254146851,199206,0
74.3026,5,74302396153,199206,0
74.354,5,74353770461,184200,1
74.359,5,74358760467,199206,0
74.4048,5,74404592763,184200,1
74.4072,5,74407050763,199206,0
74.4509,5,74450675053,199206,0
74.5021,5,74501947367,199206,0
74.5509,5,74550689675,199206,0
74.602,5,74601790983,199206,0
74.6532,5,74653013303,199206,0
74.7019,5,74701666093,199206,0
74.7506,5,74750390401,199206,0
74.8018,5,74801626099,184200,1
74.8043,5,74804093099,184200,1
74.8068,5,74806596099,199206,0
74.853,5,74852837413,199206,0
74.9018,5,74901577099,199206,0
74.953,5,74952761407,199206,0
75.0016,5,75001440715,184200,1
75.0091,5,75008915721,199206,0
75.0503,5,75050073017,199206,0
75.1039,5,75103722325,199206,0
75.1526,5,75152410633,199206,0
75.2013,5,75201114069,199206,0
75.2502,5,75250000377,199206,0
75.3016,5,75301438697,199206,0
75.3505,5,75350264011,199206,0
75.4018,5,75401628325,199206,0
75.4505,5,75450347645,184200,1
75.4556,5,75455357651,199206,0
75.5043,5,75504090965,199206,0
75.5504,5,75550216255,199206,0
75.6018,5,75601582575,199206,0
75.6505,5,75650288883,199206,0
75.7043,5,75704135215,184200,1
75.7094,5,75709152221,199206,0
75.7555,5,75755270517,184200,1
75.758,5,75757755517,199206,0
75.8016,5,75801424813,199206,0
75.8555,5,75855319127,199206,0
75.9018,5,75901574435,184200,1
75.9043,5,75904059435,199206,0
75.9528,5,75952591755,199206,0
76.0044,5,76004152069,199206,0
76.0526,5,76052408371,199206,0
76.1018,5,76101575691,199206,0
76.1526,5,76152435999,184200,1
76.1551,5,76154902999,199206,0
76.2016,5,76201401307,199206,0
76.2526,5,76252373627,184200,1
76.2576,5,76257372633,199206,0
76.3014,5,76301246941,199206,0
76.3549,5,76354713261,199206,0
76.4014,5,76401249575,184200,1
76.4065,5,76406266581,184200,1
76.4139,5,76413667581,199206,0
76.4523,5,76452123871,199206,0
76.5039,5,76503673179,199206,0
76.5523,5,76552104493,199206,0
76.6038,5,76603662075,184200,1
76.6064,5,76606156075,199206,0
76.6522,5,76652015371,199206,0
76.701,5,76700764679,199206,0
76.7522,5,76752020993,199206,0
76.8009,5,76800684307,199206,0
76.8546,5,76854445627,199206,0
76.9008,5,76900565929,199206,0
76.9545,5,76954282249,199206,0
77.0006,5,77000411551,199206,0
77.0518,5,77051622865,199206,0
77.1005,5,77100349179,184200,1
77.103,5,77102834179,199206,0
77.1518,5,77151583487,199206,0
77.2004,5,77200244801,199206,0
77.2542,5,77253961115,199206,0
77.3029,5,77302743435,184200,1
77.308,5,77307769441,184200,1
77.3129,5,77312759447,184200,1
77.3154,5,77315235447,199206,0
77.3515,5,77351292731,184200,1
77.354,5,77353768731,199206,0
77.4026,5,77402419033,199206,0
77.4513,5,77451089341,199206,0
77.5025,5,77502329661,199206,0
77.5536,5,77553437969,199206,0
77.6024,5,77602200283,199206,0
77.651,5,77650812579,199206,0
77.7048,5,77704564899,199206,0
77.7509,5,77750676201,184200,1
77.7559,5,77755702207,199206,0
77.8021,5,77801921509,199206,0
77.8508,5,77850640829,199206,0
77.9021,5,77901870143,199206,0
77.9507,5,77950536439,199206,0
78.0016,5,78001378747,199206,0
78.0506,5,78050364061,199206,0
78.104,5,78103785375,199206,0
78.1505,5,78150328683,199206,0
78.204,5,78203788003,199206,0
78.253,5,78252820323,199206,0
78.3013,5,78301150631,199206,0
78.3527,5,78352506921,199206,0
78.4036,5,78403425241,199206,0
78.4552,5,78454967555,199206,0
78.5035,5,78503266851,199206,0
78.5526,5,78552385015,199206,0
78.601,5,78600816329,199206,0
78.6526,5,78652432649,199206,0
78.7037,5,78703467969,199206,0
78.7551,5,78754954277,184200,1
78.7576,5,78757430277,199206,0
78.8034,5,78803253573,184200,1
78.806,5,78805774573,199206,0
78.8549,5,78854658881,199206,0
78.9007,5,78900493183,199206,0
78.952,5,78951805503,199206,0
79.0032,5,79003043817,199206,0
79.0519,5,79051694113,199206,0
79.1005,5,79100290415,199206,0
79.1517,5,79151472723,199206,0
79.2029,5,79202695043,199206,0
79.2516,5,79251379339,199206,0
79.3004,5,79300188659,199206,0
79.3516,5,79351368961,199206,0
79.4002,5,79400044257,184200,1
79.4052,5,79405025263,199206,0
79.4514,5,79451188559,199206,0
79.5026,5,79502437885,199206,0
79.5538,5,79553633199,199206,0
79.605,5,79604797507,199206,0
79.6537,5,79653476815,199206,0
79.7049,5,79704697129,199206,0
79.7537,5,79753466437,199206,0
79.8024,5,79802179739,199206,0
79.8512,5,79850998059,199206,0
79.9025,5,79902274379,199206,0
79.9536,5,79953411681,199206,0
80.0023,5,80002155995,184200,1
80.0048,5,80004622995,199206,0
80.0508,5,80050603303,184200,1
80.0561,5,80055933315,199206,0
80.1022,5,80102037623,199206,0
80.1506,5,80150417919,199206,0
80.2022,5,80202027245,199206,0
80.2506,5,80250438553,199206,0
80.3021,5,80301946873,184200,1
80.3047,5,80304467873,199206,0
80.353,5,80352764187,199206,0
80.402,5,80401819495,184200,1
80.4045,5,80404277495,199206,0
80.4503,5,80450140803,199206,0
80.5045,5,80504334129,199206,0
80.5529,5,80552747443,184200,1
80.558,5,80557764449,199206,0
80.6019,5,80601746745,184200,1
80.6044,5,80604222745,199206,0
80.6503,5,80650118041,199206,0
80.7019,5,80701703349,199206,0
80.7503,5,80750071663,199206,0
80.8018,5,80801613977,199206,0
80.8527,5,80852519285,199206,0
80.9042,5,80904041593,199206,0
80.9552,5,80955031913,184200,1
80.9577,5,80957498913,199206,0
81.0038,5,81003610215,199206,0
81.0526,5,81052406523,199206,0
81.1013,5,81101078837,184200,1
81.1062,5,81106048837,199206,0
81.1526,5,81152407151,199206,0
81.2039,5,81203703063,199206,0
81.2527,5,81252499371,199206,0
81.3015,5,81301349679,199206,0
81.3528,5,81352567987,184200,1
81.3578,5,81357593993,199206,0
81.4039,5,81403672283,199206,0
81.4527,5,81452488597,199206,0
81.5039,5,81503739923,199206,0
81.5527,5,81552466237,184200,1
81.5577,5,81557492243,199206,0
81.6013,5,81601060539,199206,0
81.6549,5,81654720069,199206,0
81.7035,5,81703309371,184200,1
81.706,5,81705776371,199206,0
81.7521,5,81751916673,199206,0
81.8009,5,81800696987,199206,0
81.852,5,81851823289,184200,1
81.8545,5,81854344289,199206,0
81.9007,5,81900500597,199206,0
81.952,5,81951801911,199206,0
82.0009,5,82000672225,199206,0
82.0521,5,82051908533,199206,0
82.1008,5,82100587841,184200,1
82.1032,5,82103054841,184200,1
82.1057,5,82105512841,199206,0
82.1519,5,82151743149,199206,0
82.2003,5,82200107451,199206,0
82.2519,5,82251750777,184200,1
82.2595,5,82259281789,199206,0
82.3002,5,82300000085,199206,0
82.3518,5,82351625405,184200,1
82.3543,5,82354083405,199206,0
82.4051,5,82404938719,199206,0
82.4516,5,82451429003,184200,1
82.4567,5,82456455009,199206,0
82.5025,5,82502273317,199206,0
82.5515,5,82551337625,199206,0
82.6025,5,82602269933,199206,0
82.6515,5,82651275253,199206,0
82.7024,5,82702209567,199206,0
82.7515,5,82751309875,199206,0
82.8024,5,82802199189,199206,0
82.8515,5,82851346503,199206,0
82.9025,5,82902300823,199206,0
82.9516,5,82951394137,199206,0
83.005,5,83004761457,199206,0
83.0511,5,83050926759,199206,0
83.1025,5,83102275079,199206,0
83.1537,5,83153495399,199206,0
83.2049,5,83204702701,199206,0
83.2511,5,83250958003,184200,1
83.2562,5,83255975009,199206,0
83.3023,5,83302104311,184200,1
83.3098,5,83309617323,199206,0
83.3509,5,83350669601,199206,0
83.4022,5,83402026921,199206,0
83.451,5,83450825235,199206,0
83.5049,5,83504687561,184200,1
83.5099,5,83509695567,199206,0
83.5536,5,83553449875,184200,1
83.5562,5,83555970875,199206,0
83.605,5,83604785183,199206,0
83.6513,5,83651078491,199206,0
83.7026,5,83702370805,199206,0
83.754,5,83753791125,199206,0
83.8002,5,83800021433,199206,0
83.8516,5,83851378753,199206,0
83.9029,5,83902655073,199206,0
83.9517,5,83951489387,184200,1
83.9541,5,83953956387,184200,1
83.9566,5,83956414387,199206,0
84.0004,5,84000173683,199206,0
84.0517,5,84051466003,199206,0
84.1031,5,84102886323,199206,0
84.1519,5,84151713643,199206,0
84.2007,5,84200529957,199206,0
84.252,5,84251793265,199206,0
84.301,5,84300771579,184200,1
84.306,5,84305779585,199206,0
84.3519,5,84351725899,199206,0
84.4036,5,84403396219,199206,0
84.452,5,84451825527,199206,0
84.5012,5,84500952835,199206,0
84.5522,5,84551988155,199206,0
84.6012,5,84601035093,199206,0
84.6522,5,84651978407,184200,1
84.6572,5,84656977413,199206,0
84.7011,5,84700905697,199206,0
84.7521,5,84751957011,184200,1
84.7571,5,84756938017,199206,0
84.8012,5,84801030319,199206,0
84.8521,5,84851910633,199206,0
84.9037,5,84903522941,199206,0
84.9522,5,84952035255,199206,0
85.0013,5,85001108563,199206,0
85.0521,5,85051943877,199206,0
85.1008,5,85100567179,199206,0
85.1545,5,85154342487,199206,0
85.2007,5,85200473795,199206,0
85.2518,5,85251645097,184200,1
85.2568,5,85256644103,199206,0
85.303,5,85302847411,199206,0
85.3543,5,85354065719,199206,0
85.4005,5,85400316033,184200,1
85.403,5,85402783033,184200,1
85.4054,5,85405241033,199206,0
85.4541,5,85453893341,199206,0
85.5003,5,85500114649,199206,0
85.5515,5,85551278957,199206,0
85.6002,5,85600003271,199206,0
85.654,5,85653771585,199206,0
85.7027,5,85702513893,184200,1
85.7052,5,85704980893,184200,1
85.7076,5,85707447893,199206,0
85.7513,5,85751162189,184200,1
85.7589,5,85758666201,199206,0
85.8025,5,85802346503,199206,0
85.8512,5,85850987805,199206,0
85.9022,5,85902040107,199206,0
85.9509,5,85950764415,184200,1
85.9534,5,85953222415,199206,0
86.0021,5,86001917717,199206,0
86.0509,5,86050662031,199206,0
86.1021,5,86101877351,184200,1
86.1045,5,86104344351,184200,1
86.107,5,86106811351,199206,0
86.1507,5,86150527653,199206,0
86.202,5,86201801967,199206,0
86.2507,5,86250474281,199206,0
86.3018,5,86301611589,199206,0
86.3505,5,86350252885,199206,0
86.4018,5,86401646205,184200,1
86.4069,5,86406654211,199206,0
86.4506,5,86450361513,199206,0
86.5044,5,86504183833,184200,1
86.5094,5,86509200839,199206,0
86.5505,5,86550313141,199206,0
86.6014,5,86601236449,184200,1
86.6093,5,86609080461,199206,0
86.6528,5,86652605757,199206,0
86.7011,5,86700880059,199206,0
86.7526,5,86752388379,199206,0
86.801,5,86800810693,199206,0
86.8526,5,86852402019,199206,0
86.9009,5,86900676321,199206,0
86.9525,5,86952315635,184200,1
86.96,5,86959846647,199206,0
87.0008,5,87000652937,184200,1
87.0059,5,87005651943,199206,0
87.0524,5,87052202245,199206,0
87.1008,5,87100586553,199206,0
87.1548,5,87154660873,184200,1
87.1573,5,87157127873,184200,1
87.1598,5,87159630873,199206,0
87.2006,5,87200412169,184200,1
87.2056,5,87205438175,199206,0
87.252,5,87251842471,199206,0
87.3004,5,87300219785,184200,1
87.3029,5,87302695785,199206,0
87.3546,5,87354362093,199206,0
87.4004,5,87400189401,199206,0
87.4541,5,87453912715,199206,0
87.5003,5,87500098023,199206,0
87.5515,5,87551340349,199206,0
87.6028,5,87602578663,199206,0
87.6515,5,87651313977,199206,0
87.7002,5,87700007273,199206,0
87.7541,5,87753880605,184200,1
87.7591,5,87758870611,199206,0
87.8002,5,87800007901,199206,0
87.8514,5,87851212221,199206,0
87.9002,5,87900003541,199206,0
87.9512,5,87951012843,199206,0
88.005,5,88004770151,199206,0
88.0511,5,88050935453,184200,1
88.0587,5,88058457465,199206,0
88.1023,5,88102121773,199206,0
88.151,5,88150817081,199206,0
88.2021,5,88201918389,199206,0
88.2534,5,88253212709,199206,0
88.3021,5,88301924005,199206,0
88.3508,5,88350590301,199206,0
88.4021,5,88401873615,199206,0
88.4509,5,88450651923,199206,0
88.5047,5,88504539243,199206,0
88.5507,5,88550483551,184200,1
88.5535,5,88553254557,199206,0
88.6046,5,88604402871,199206,0
88.6529,5,88652704173,199206,0
88.7019,5,88701685475,199206,0
88.7502,5,88750004777,184200,1
88.7527,5,88752489777,199206,0
88.8017,5,88801484091,199206,0
88.8526,5,88852391405,199206,0
88.9016,5,88901455713,184200,1
88.9066,5,88906436719,199206,0
88.9525,5,88952343021,184200,1
88.9575,5,88957295021,199206,0
89.004,5,89003827323,184200,1
89.0065,5,89006312323,199206,0
89.0523,5,89052142613,199206,0
89.1039,5,89103731939,199206,0
89.1548,5,89154621253,199206,0
89.2038,5,89203577561,199206,0
89.2522,5,89251988869,199206,0
89.301,5,89300817177,199206,0
89.3519,5,89351726497,199206,0
89.4006,5,89400448799,199206,0
89.4519,5,89451689119,199206,0
89.5007,5,89500478433,184200,1
89.506,5,89505772439,199206,0
89.5519,5,89551754753,184200,1
89.557,5,89556771759,184200,1
89.5594,5,89559238759,199206,0
89.6005,5,89600322043,184200,1
89.603,5,89602798043,199206,0
89.6517,5,89651457351,199206,0
89.7004,5,89700219665,199206,0
89.7515,5,89751343961,199206,0
89.8002,5,89800001263,199206,0
89.8515,5,89851268583,199206,0
89.9027,5,89902459891,199206,0
89.9513,5,89951141205,199206,0
90.0026,5,90002366507,199206,0
90.0514,5,90051155821,199206,0
90.1026,5,90102387135,199206,0
90.1512,5,90151003443,199206,0
90.2026,5,90202376757,199206,0
90.2512,5,90251047065,184200,1
90.2537,5,90253505065,199206,0
90.3024,5,90302202373,199206,0
90.351,5,90350834675,199206,0
90.4024,5,90402182995,199206,0
90.451,5,90450837309,199206,0
90.5047,5,90504499623,199206,0
90.5509,5,90550671919,199206,0
90.6021,5,90601892233,199206,0
90.6508,5,90650580541,184200,1
90.6558,5,90655588547,199206,0
90.7045,5,90704283843,199206,0
90.7506,5,90750386151,199206,0
90.8015,5,90801347465,184200,1
90.8043,5,90804154471,184200,1
90.8068,5,90806612471,199206,0
90.8505,5,90850319773,184200,1
90.853,5,90852777773,199206,0
90.9014,5,90901236087,184200,1
90.9067,5,90906557093,184200,1
90.9092,5,90909015093,199206,0
90.9529,5,90952702389,199206,0
91.0012,5,91000987697,184200,1
91.0037,5,91003508697,199206,0
91.0527,5,91052482999,184200,1
91.0551,5,91054949999,199206,0
91.101,5,91100793301,199206,0
91.1526,5,91152407615,199206,0
91.201,5,91200829929,184200,1
91.2035,5,91203296929,199206,0
91.2551,5,91254857255,199206,0
91.3035,5,91303297569,199206,0
91.3549,5,91354714865,199206,0
91.4008,5,91400601161,199206,0
91.4523,5,91452136481,199206,0
91.5007,5,91500511789,199206,0
91.5519,5,91551685091,199206,0
91.6006,5,91600353393,199206,0
91.6542,5,91654006713,199206,0
91.703,5,91702771033,199206,0
91.7517,5,91751495347,184200,1
91.7542,5,91753980347,199206,0
91.8003,5,91800134643,199206,0
91.8516,5,91851401963,199206,0
91.9027,5,91902510265,199206,0
91.9516,5,91951364585,199206,0
92.0003,5,92000142893,184200,1
92.0053,5,92005076893,199206,0
92.0516,5,92051415201,184200,1
92.0541,5,92053891201,199206,0
92.1004,5,92100256509,184200,1
92.1055,5,92105264515,199206,0
92.1543,5,92154080829,199206,0
92.2005,5,92200320137,199206,0
92.2519,5,92251715463,184200,1
92.2594,5,92259181469,199206,0
92.3005,5,92300309759,199206,0
92.3518,5,92351649079,199206,0
92.4006,5,92400411393,199206,0
92.4517,5,92451564695,184200,1
92.4593,5,92459095707,199206,0
92.5005,5,92500264009,199206,0
92.5542,5,92554007329,199206,0
92.6029,5,92602733643,199206,0
92.6517,5,92651495957,199206,0
92.7003,5,92700121259,199206,0
92.7516,5,92751402567,184200,1
92.7541,5,92753914567,199206,0
92.8003,5,92800128881,199206,0
92.8511,5,92850899189,199206,0
92.9002,5,92900021509,199206,0
92.9511,5,92950939829,184200,1
92.9536,5,92953406829,199206,0
93.0026,5,93002388131,199206,0
93.0509,5,93050655433,199206,0
93.1023,5,93102159741,184200,1
93.1099,5,93109690753,199206,0
93.1506,5,93150407043,184200,1
93.1531,5,93152892043,199206,0
93.202,5,93201812351,199206,0
93.2505,5,93250322659,184200,1
93.253,5,93252789659,199206,0
93.302,5,93301781973,199206,0
93.3505,5,93350276287,199206,0
93.402,5,93401793613,184200,1
93.407,5,93406783619,184200,1
93.412,5,93411782625,199206,0
93.4503,5,93450112915,199206,0
93.5018,5,93501590223,199206,0
93.5526,5,93552441531,199206,0
93.6041,5,93603882839,199206,0
93.6524,5,93652220141,199206,0
93.7012,5,93701034455,184200,1
93.7091,5,93708878473,184200,1
93.7141,5,93713877479,199206,0
93.7523,5,93752153769,184200,1
93.7574,5,93757179775,199206,0
93.801,5,93800773065,199206,0
93.8521,5,93851899367,184200,1
93.8546,5,93854375367,199206,0
93.9033,5,93903128681,199206,0
93.952,5,93951836995,199206,0
94.0008,5,94000604303,184200,1
94.0033,5,94003116303,199206,0
94.052,5,94051824617,199206,0
94.1007,5,94100503925,199206,0
94.152,5,94151841239,199206,0
94.2007,5,94200509541,199206,0
94.2545,5,94254315861,199206,0
94.3008,5,94300582169,199206,0
94.3547,5,94354491501,199206,0
94.4036,5,94403399821,199206,0
94.4549,5,94454748141,199206,0
94.501,5,94500823443,199206,0
94.5525,5,94552270763,199206,0
94.6013,5,94601098083,199206,0
94.6552,5,94654985403,199206,0
94.7015,5,94701303705,199206,0
94.7504,5,94750239025,199206,0
94.8018,5,94801558339,199206,0
94.8505,5,94850318647,199206,0
94.9019,5,94901747967,199206,0
94.9508,5,94950566287,199206,0
95.0018,5,95001608601,184200,1
95.0046,5,95004397607,184200,1
95.0071,5,95006909607,199206,0
95.0508,5,95050634909,199206,0
95.1017,5,95101546229,199206,0
95.1533,5,95153088543,199206,0
95.2017,5,95201461845,199206,0
95.2505,5,95250278159,184200,1
95.2579,5,95257737165,199206,0
95.3012,5,95300976461,199206,0
95.3527,5,95352462775,199206,0
95.401,5,95400775077,199206,0
95.4524,5,95452196373,199206,0
95.5008,5,95500625681,184200,1
95.5033,5,95503101681,199206,0
95.5523,5,95552125977,199206,0
95.6009,5,95600692291,199206,0
95.6524,5,95652196599,184200,1
95.6549,5,95654690599,199206,0
95.7007,5,95700513895,199206,0
95.7548,5,95754586203,199206,0
95.8007,5,95800456505,199206,0
95.852,5,95851851831,184200,1
95.8573,5,95857107837,199206,0
95.9006,5,95900369145,199206,0
95.9518,5,95951571453,199206,0
96.0005,5,96000331761,199206,0
96.0543,5,96054100075,199206,0
96.1029,5,96102662377,199206,0
96.1516,5,96151355673,199206,0
96.2028,5,96202627981,199206,0
96.2542,5,96253978051,199206,0
96.3005,5,96300260353,199206,0
96.3518,5,96351644673,199206,0
96.4003,5,96400069969,199206,0
96.4541,5,96453894289,199206,0
96.5003,5,96500124597,199206,0
96.5515,5,96551263911,199206,0
96.6002,5,96600006219,199206,0
96.654,5,96653787545,199206,0
96.7002,5,96700006847,184200,1
96.7077,5,96707537859,199206,0
96.7514,5,96751178149,184200,1
96.7564,5,96756195155,199206,0
96.8025,5,96802293445,199206,0
96.8538,5,96853576759,199206,0
96.9026,5,96902393073,199206,0
96.9514,5,96951182387,184200,1
96.9538,5,96953640387,199206,0
97.005,5,97004838689,199206,0
97.0514,5,97051185997,199206,0
97.1026,5,97102431311,199206,0
97.1511,5,97150853625,199206,0
97.2026,5,97202375933,199206,0
97.251,5,97250823241,199206,0
97.3002,5,97300004549,184200,1
97.3077,5,97307535561,199206,0
97.3511,5,97350873857,199206,0
97.4027,5,97402461177,199206,0
97.4536,5,97453440491,199206,0
97.5026,5,97502441799,199206,0
97.5511,5,97550891113,184200,1
97.5586,5,97558357119,199206,0
97.6051,5,97604887415,184200,1
97.6101,5,97609904421,199206,0
97.651,5,97650766717,199206,0
97.7051,5,97704879043,199206,0
97.7511,5,97750913351,199206,0
97.8027,5,97802451653,199206,0
97.851,5,97850824955,199206,0
97.9027,5,97902457269,199206,0
97.951,5,97950767571,199206,0
98.0023,5,98002052891,199206,0
98.0509,5,98050705199,199206,0
98.1021,5,98101952507,184200,1
98.1075,5,98107264513,199206,0
98.1508,5,98150593809,199206,0
98.2019,5,98201697117,199206,0
98.2506,5,98250376431,199206,0
98.3018,5,98301580751,199206,0
98.3504,5,98350195059,199206,0
98.4016,5,98401400355,199206,0
98.4503,5,98450079663,199206,0
98.5016,5,98501355983,199206,0
98.5503,5,98550096285,199206,0
98.6015,5,98601338611,184200,1
98.604,5,98603805611,199206,0
98.6502,5,98650006913,199206,0
98.7014,5,98701247233,184200,1
98.7039,5,98703714233,199206,0
98.7552,5,98754988547,199206,0
98.8014,5,98801169843,199206,0
98.8526,5,98852381157,199206,0
98.9035,5,98903259465,199206,0
98.9547,5,98954461779,199206,0
99.0008,5,99000643075,199206,0
99.0545,5,99054330389,199206,0
99.1007,5,99100524691,199206,0
99.152,5,99151751999,199206,0
99.2005,5,99200318313,184200,1
99.2084,5,99208162331,199206,0
99.2519,5,99251692615,199206,0
99.3003,5,99300119917,199206,0
99.3519,5,99351682237,199206,0
99.4002,5,99400030545,199206,0
99.4518,5,99451612871,199206,0
99.5027,5,99502460167,199206,0
99.5516,5,99551452475,184200,1
99.5566,5,99556442481,199206,0
99.6025,5,99602348783,184200,1
99.6101,5,99609879795,199206,0
99.6516,5,99651404091,199206,0
99.7025,5,99702253393,199206,0
99.7515,5,99751288695,199206,0
99.8049,5,99804726009,199206,0
99.8514,5,99851200305,199206,0
99.9023,5,99902132613,184200,1
99.9048,5,99904599613,184200,1
99.9073,5,99907084613,199206,0
99.9513,5,99951109903,199206,0
100.003,5,100002354229,184200,1
100.008,5,100007371235,199206,0
100.052,5,100051429543,199206,0
100.103,5,100102356863,184200,1
100.105,5,100104823863,199206,0
100.154,5,100153834171,199206,0
100.203,5,100202331467,184200,1
100.208,5,100207321473,199206,0
100.251,5,100251163775,199206,0
100.303,5,100302357089,184200,1
100.307,5,100307300089,199206,0
100.351,5,100350980391,199206,0
100.402,5,100402245705,184200,1
100.407,5,100407271711,199206,0
100.451,5,100450963019,184200,1
100.454,5,100453448019,184200,1
100.459,5,100458429025,199206,0
100.502,5,100502055327,199206,0
100.551,5,100550844641,184200,1
100.556,5,100555834647,199206,0
100.602,5,100602082955,184200,1
100.607,5,100607081961,199206,0
100.653,5,100653229263,199206,0
100.702,5,100701890565,199206,0
100.751,5,100750610861,199206,0
100.802,5,100801793169,199206,0
100.851,5,100850481477,199206,0
100.905,5,100904372809,184200,1
100.91,5,100909389815,199206,0
100.951,5,100950446105,199206,0
