6.16099,1,1
11.1376,11,0
11.1401,11,5
11.1476,11,4
11.1552,11,3
13.0653,13,4
13.2277,13,2
13.3293,13,6
13.3422,13,1
14.2706,14,6
14.2807,14,6
15.092,15,2
15.1732,15,0
15.1756,15,5
15.186,15,1
16.1951,16,0
16.3554,16,2
16.6039,16,1
16.6092,16,1
16.7668,16,3
17.0458,16,6
17.0584,16,4
17.1879,16,4
17.1954,16,0
17.1979,16,0
17.2003,16,4
17.3245,17,4
17.3323,17,3
17.3373,17,1
17.3423,17,0
17.4234,17,6
17.4363,17,5
17.4464,17,4
17.4564,17,1
17.5706,17,5
17.5809,17,5
17.9842,17,2
17.9867,16,5
17.9892,17,3
17.9967,16,6
17.9967,17,1
18.0017,17,3
18.0092,16,2
18.0167,16,6
18.0267,7,4
18.0957,17,0
18.0982,17,5
18.1057,17,4
18.1132,17,2
18.1711,16,4
18.3157,17,2
18.3436,16,6
18.3539,16,5
18.3587,2,1
18.3637,2,1
18.3889,17,6
18.4018,17,6
18.4903,18,5
18.4983,18,2
18.5845,16,6
18.597,16,4
18.6047,17,4
18.6073,16,0
18.6097,16,3
18.6122,17,3
18.6196,17,0
18.6829,17,6
18.7333,16,1
18.7383,16,0
18.7407,16,6
18.7508,16,1
18.832,18,0
18.8345,18,0
18.837,18,4
18.8826,6,1
18.9362,17,2
18.9386,18,4
18.9487,18,6
18.9638,18,4
18.9716,18,2
19.0502,19,4
19.0602,16,4
19.068,16,6
19.0781,16,2
19.0831,16,3
19.1515,17,3
19.159,17,3
19.2655,16,3
20.5459,20,1
20.5508,20,5
20.5609,20,5
20.571,20,2
20.9667,20,0
20.9692,20,5
21.1292,20,5
21.2103,21,0
21.4614,21,3
21.4692,21,5
21.4793,21,4
21.4893,21,6
21.6568,21,4
22.1295,22,3
22.2793,22,2
22.2871,22,5
22.4546,22,3
22.4596,22,0
22.4621,22,4
23.1633,23,0
23.3693,23,1
23.3743,23,5
23.3869,23,6
23.3994,23,6
23.6915,23,3
23.6991,23,0
23.7015,23,6
23.7141,23,2
24.278,24,5
24.2909,24,4
24.2984,24,0
24.3009,24,5
24.4835,24,0
24.6639,24,6
24.6765,24,0
24.679,24,2
24.684,24,3
25.1514,25,0
25.1542,25,0
25.3418,25,3
25.5828,25,0
25.5852,25,4
25.5953,25,0
25.7782,25,5
25.9763,25,0
25.9787,25,1
26.0854,26,4
26.1692,25,2
26.2023,26,5
26.2123,26,1
26.2173,26,6
26.2299,26,6
26.367,25,0
26.3695,25,4
26.4608,26,6
26.4734,26,2
26.7961,26,1
26.8011,26,6
27.0069,26,2
27.212,26,2
27.3187,27,0
27.3211,27,1
27.4125,26,1
27.4175,26,3
27.4177,27,5
27.425,26,1
27.4274,26,2
27.6153,27,2
27.7699,27,0
27.7724,27,1
27.7749,27,0
27.7773,27,4
27.965,27,0
27.9675,27,1
27.9725,27,4
27.9803,27,1
28.0434,26,5
28.0558,26,4
28.0659,26,3
28.0734,26,4
28.0789,28,0
28.0813,28,3
28.0914,28,4
28.0989,28,4
28.2409,27,3
28.2484,27,1
28.2485,28,6
28.2509,27,3
28.2609,27,0
28.2635,28,4
28.2712,28,4
28.2813,28,5
28.4665,27,2
28.6114,27,5
28.6215,27,1
28.6264,27,1
28.6314,27,6
28.662,28,4
28.87,27,4
28.8775,27,0
28.88,27,0
28.941,28,1
28.9459,28,3
29.0193,27,0
29.0218,27,6
29.0344,27,2
29.0394,27,4
29.1257,28,0
29.1281,28,6
29.1994,27,3
29.2074,27,6
29.2175,27,5
29.2301,27,5
29.2756,29,1
29.2806,29,5
29.293,29,3
29.3005,29,1
29.4225,29,5
29.4301,29,0
29.4325,29,1
29.4375,29,6
29.5033,27,3
29.5112,27,1
29.5186,28,0
29.5211,28,0
29.6223,29,6
29.6374,29,0
29.6399,29,5
29.6474,29,0
29.6653,28,0
29.6678,28,6
29.7362,27,0
29.7387,27,1
29.7437,27,1
29.7462,27,4
29.7587,28,4
29.7691,28,2
29.7766,28,5
29.7866,28,6
29.8423,29,6
29.8548,29,4
29.8652,29,6
29.878,29,3
29.9464,28,1
29.9514,28,0
29.9515,28,5
29.964,28,1
30.0935,29,0
30.0959,29,4
30.1059,29,6
30.1185,29,2
30.2045,27,6
30.2171,27,1
30.2247,28,0
30.2652,1,0
30.2676,1,6
30.2805,1,5
30.293,1,3
30.3007,30,6
30.3132,30,0
30.3312,29,3
30.3387,29,3
30.3388,27,5
30.3461,29,2
30.3512,27,0
30.3536,29,0
30.3536,27,4
30.371,17,4
30.3839,17,5
30.4347,29,5
30.4447,30,5
30.5127,28,4
30.5202,28,4
30.5889,27,4
30.5914,29,4
30.5991,29,1
30.6041,29,1
30.6089,29,6
30.6139,30,4
30.624,30,1
30.629,30,4
30.6365,30,2
30.6775,27,3
30.6798,9,6
30.6851,7,1
30.6878,27,5
30.6901,7,5
30.6951,9,3
30.7003,27,1
30.7026,7,3
30.7051,9,2
30.7053,27,0
30.7102,7,3
30.7102,9,5
30.7716,10,5
30.8375,30,4
30.8453,30,1
30.8503,30,6
30.8628,30,4
30.9159,7,6
30.931,7,0
30.9334,7,0
30.941,28,1
30.946,28,5
30.9588,28,2
30.9613,27,3
30.9638,28,6
30.9688,27,5
30.9917,29,0
30.9942,29,3
31.0016,29,5
31.0092,29,6
31.065,31,1
31.0673,30,0
31.0698,30,5
31.0699,31,3
31.0723,20,0
31.0747,20,3
31.0799,1,1
31.0799,30,5
31.0799,20,5
31.0849,1,1
31.0898,1,2
31.0951,30,6
31.0951,20,3
31.0976,1,0
31.1076,11,0
31.1101,11,5
31.1201,11,1
31.125,11,0
31.1401,7,1
31.1706,0,0
31.1731,0,5
31.178,27,4
31.183,0,0
31.1855,27,0
31.1855,0,3
31.188,27,6
31.246,28,6
31.2944,31,4
31.2997,31,4
31.3121,20,3
31.3121,30,4
31.3122,31,1
31.3146,1,4
31.3172,20,4
31.3197,30,1
31.3247,30,4
31.3347,30,6
31.3397,21,3
31.347,21,6
31.3649,21,0
31.3875,25,2
31.413,0,2
31.4789,31,0
31.4812,27,0
31.4814,31,1
31.4837,27,5
31.5368,20,4
31.547,20,3
31.5569,20,5
31.5647,20,4
31.5771,21,3
31.6127,25,5
31.6837,31,0
31.6862,31,3
31.6937,31,5
31.7066,31,5
31.7999,21,3
31.8074,21,2
31.8127,21,5
31.8379,30,0
31.8404,30,3
31.8478,30,4
31.924,25,2
31.9315,25,5
31.9415,25,3
31.9515,25,4
32.0427,21,3
32.0502,21,1
32.0552,21,6
32.0678,21,4
32.0731,30,3
32.0831,30,5
32.0908,32,1
32.0957,30,1
32.0958,32,2
32.1006,30,0
32.1797,32,5
32.2225,12,6
32.2375,12,1
32.2424,12,1
32.2474,12,6
32.3006,21,6
32.3157,30,4
32.3212,31,0
32.3236,31,0
32.3261,31,2
32.3284,30,6
32.3311,31,5
32.3334,2,2
32.3384,2,2
32.3409,30,1
32.3434,2,2
32.3434,30,1
32.3508,2,1
32.4017,32,3
32.4168,8,5
32.4296,8,2
32.4777,32,2
32.483,32,2
32.4881,32,3
32.493,32,6
32.5006,14,6
32.5156,14,5
32.5285,14,0
32.5335,31,6
32.5486,31,1
32.5535,31,0
32.556,29,3
32.556,31,0
32.5685,30,1
32.6699,32,0
32.6724,32,0
32.9185,31,4
32.9285,31,3
32.9361,31,6
33.0707,33,6
33.0858,33,6
33.0931,32,6
33.1011,33,6
33.1085,32,1
33.1187,33,0
33.1793,31,0
33.1817,31,0
33.1842,31,1
33.1892,7,0
33.1892,31,5
33.1917,7,4
33.1995,30,2
33.1995,7,4
33.1997,33,6
33.202,30,1
33.207,7,1
33.207,30,1
33.212,30,3
33.2147,33,3
33.2247,33,0
33.2675,6,0
33.27,6,0
33.3408,32,6
33.3789,17,5
33.3889,17,4
33.3989,17,5
33.4118,17,5
33.442,33,3
33.4498,33,4
33.4599,30,0
33.4599,33,4
33.4623,30,3
33.4699,33,4
33.4699,30,1
33.6778,17,6
33.6828,33,1
33.6929,17,2
33.6979,17,0
33.7003,17,2
33.868,2,5
33.8806,2,1
33.9133,33,1
33.9186,33,4
34.0685,34,6
34.0811,34,0
34.0835,34,3
34.0936,34,2
34.2534,34,1
34.2584,34,2
34.2662,34,1
34.2687,34,2
34.4919,34,5
34.4995,34,0
34.5019,34,2
34.5069,34,5
34.5727,33,1
34.578,33,1
34.5805,33,4
34.5905,5,1
34.5905,33,3
34.5955,5,1
34.6005,5,1
34.6055,5,0
34.6843,34,2
34.6918,34,5
34.7018,34,1
34.7043,34,2
34.8465,33,5
34.8615,33,0
34.9224,34,3
34.9299,34,3
34.9402,34,2
34.9478,34,2
35.077,35,5
35.0899,35,5
35.1024,35,5
35.1098,33,4
35.1149,35,0
35.1197,33,4
35.1273,33,0
35.1297,33,3
35.4217,35,4
35.4926,35,4
35.503,35,4
35.513,35,2
35.5205,35,0
35.6069,34,1
35.6119,14,2
35.6119,34,5
35.6169,14,1
35.6219,14,3
35.6319,14,0
35.8729,34,1
35.8779,34,3
35.8804,14,3
35.8829,34,5
35.8904,14,0
35.8928,14,6
35.8978,34,5
35.9054,14,5
36.0779,4,6
36.0903,4,6
36.1006,36,3
36.1054,4,4
36.1158,4,6
36.1663,14,0
36.1691,14,3
36.1766,7,6
36.1766,14,6
36.1841,36,1
36.1941,7,5
36.1941,14,2
36.2067,7,5
36.2196,7,4
36.2879,15,0
36.2903,15,6
36.3434,36,1
36.4092,35,2
36.4167,35,3
36.4246,35,6
36.4472,14,4
36.4573,14,4
36.4673,14,0
36.4698,14,3
36.6297,36,2
36.6347,36,3
36.693,35,2
36.883,36,2
36.9644,35,4
36.9744,35,2
37.0709,37,3
37.1445,36,2
37.2483,35,6
37.2608,35,3
37.2684,35,3
37.2784,35,6
37.4155,36,2
37.4205,36,3
37.428,36,3
37.4588,37,6
37.4738,37,6
37.4889,37,3
37.4964,37,2
37.5597,35,4
37.5698,35,2
37.5773,35,4
37.5873,35,1
37.7039,36,6
37.7168,36,1
37.7218,36,3
37.7318,36,6
37.8284,37,1
37.8333,37,4
37.8433,37,3
37.8537,37,1
37.861,35,0
37.8635,35,3
37.871,35,3
37.8785,35,2
38.0102,36,6
38.0256,36,4
38.0381,36,4
38.0588,38,1
38.0588,37,4
38.0638,38,5
38.0713,37,5
38.084,37,3
38.0915,37,6
38.3223,38,3
38.3298,38,1
38.3348,38,5
38.3474,38,4
38.4206,12,1
38.5984,37,0
38.6009,37,3
38.6109,37,3
38.789,38,3
38.799,38,3
38.984,37,0
38.9841,38,3
38.9865,37,4
38.9942,38,1
38.9991,38,2
39.0041,38,0
39.0497,39,1
39.0547,39,5
39.0672,39,5
39.0801,39,0
39.2293,39,3
39.2368,39,1
39.2421,39,2
39.272,37,2
39.2795,37,1
39.2845,37,4
39.2924,37,4
39.3915,38,6
39.4065,38,5
39.4191,38,1
39.4216,38,0
39.4723,39,1
39.5758,37,5
39.5884,37,5
39.6012,37,0
39.6496,39,2
39.6571,39,6
39.6697,39,6
39.6848,39,1
39.8822,37,1
39.8872,37,3
39.8948,37,5
39.9076,37,6
39.9078,39,5
39.9204,39,5
39.9329,39,4
39.9455,39,3
40.1613,38,0
40.1638,38,0
40.204,37,2
40.2118,37,1
40.3003,14,2
40.3005,39,0
40.3029,39,4
40.3052,14,4
40.3132,39,4
40.3155,14,5
40.3257,39,3
40.3305,14,5
40.4197,38,2
40.4272,38,2
40.4322,38,6
40.4347,12,0
40.4473,38,4
40.498,37,0
40.5004,37,5
40.513,37,2
40.5208,37,3
40.6806,38,6
40.6957,38,6
40.7108,38,0
40.7132,38,3
40.8121,37,1
40.8171,37,6
40.8275,37,5
40.84,37,1
40.845,39,0
40.8475,39,4
40.8575,39,0
40.86,39,0
41.2103,39,5
41.3269,38,3
41.3373,38,4
41.3473,38,1
41.4996,39,6
41.5147,39,5
41.5247,39,1
41.5297,39,1
41.6262,38,0
41.6287,38,5
41.6415,38,6
41.6541,38,3
41.9432,38,2
41.9485,38,4
41.9585,38,6
41.9736,38,2
42.2681,38,3
42.2781,38,5
42.2907,38,3
42.2982,38,1
10.0647,10,6
10.1535,10,3
12.0959,12,6
12.2462,12,1
12.3328,12,1
12.3352,12,6
12.3478,12,1
12.4243,12,0
12.4268,12,5
13.1887,13,4
13.1912,13,2
13.1962,13,6
13.2062,13,1
15.2242,15,5
16.0723,16,0
17.4016,17,4
18.3585,18,2
18.3635,18,5
18.4905,18,2
19.3183,19,2
20.1456,20,1
20.321,20,5
20.326,20,5
22.3396,22,3
22.6069,22,2
24.0834,24,1
24.0884,24,5
24.0935,24,4
24.106,24,0
24.8261,24,0
24.8286,24,6
25.0065,24,0
25.1083,25,0
25.1111,25,0
25.4824,25,3
25.4925,25,0
25.4949,25,4
25.5,25,0
25.65,25,5
25.6626,25,0
25.6651,25,1
25.6704,25,2
26.0747,25,0
26.0775,25,4
26.2781,25,2
26.2859,25,5
26.2884,25,2
26.614,26,5
27.0439,27,1
27.0464,27,0
27.3366,27,4
27.3416,27,5
27.3516,27,3
27.3617,27,2
28.2322,28,3
28.634,28,4
28.6443,28,4
29.0992,28,6
29.3106,28,4
29.3206,28,4
29.4807,29,1
29.8595,28,5
30.0811,28,5
30.0886,29,5
30.3073,30,6
31.3423,31,3
32.5072,32,2
32.5147,32,5
33.4431,32,3
34.0767,32,1
34.0816,32,2
34.0866,34,0
34.0866,32,2
34.2212,33,6
34.3332,32,3
34.3432,32,6
34.3482,32,0
34.5209,34,3
34.6788,32,0
34.6812,32,6
35.0654,34,2
35.0729,34,1
35.7342,35,5
36.149,36,1
36.1539,36,1
36.1589,36,1
36.1639,36,2
36.3954,35,5
36.6597,35,0
36.9496,36,3
37.1556,37,6
37.1732,37,5
37.1782,37,6
37.4629,36,2
37.9638,37,6
37.9739,37,3
37.9814,37,2
38.1622,38,3
38.1722,38,3
38.1797,38,1
38.3525,38,5
38.36,38,4
38.3704,38,5
39.0518,39,1
39.0568,39,5
39.0618,39,5
39.0693,39,0
39.4535,39,1
39.4585,39,2
40.1527,39,3
40.1602,39,1
40.1655,39,2
40.4325,39,6
40.4426,39,6
40.4577,39,1
40.4627,39,5
40.7299,39,5
