nDbWifi,nEbWifi,simulationTime,enableRts,offeredRate_bps,offeredRate_Mbps,throughputBSS_DB,throughputBSS_EB,throughputDbPerSta_Mbps,throughputEbPerSta_Mbps,ppsDbPerSta,ppsEbPerSta,intervalDb_us,intervalEb_us
0,5,200,True,1000000,1.0,0.0,5.03007,,1.006,,86.7,,11530.7
0,5,200,True,5000000,5.0,0.0,25.1506,,5.03,,433.6,,2306.1
0,5,200,True,9000000,9.0,0.0,45.2711,,9.054,,780.5,,1281.2
0,5,200,True,13000000,13.0,0.0,65.3902,,13.078,,1127.4,,887.0
0,5,200,True,17000000,17.0,0.0,85.5099,,17.102,,1474.3,,678.3
0,5,200,True,21000000,21.0,0.0,105.619,,21.124,,1821.0,,549.1
0,5,200,True,25000000,25.0,0.0,120.799,,24.16,,2082.7,,480.1
0,5,200,True,29000000,29.0,0.0,122.075,,24.415,,2104.7,,475.1
0,5,200,False,1000000,1.0,0.0,5.03007,,1.006,,86.7,,11530.7
0,5,200,False,5000000,5.0,0.0,25.1506,,5.03,,433.6,,2306.1
0,5,200,False,9000000,9.0,0.0,45.2708,,9.054,,780.5,,1281.2
0,5,200,False,13000000,13.0,0.0,65.3954,,13.079,,1127.5,,886.9
0,5,200,False,17000000,17.0,0.0,85.5037,,17.101,,1474.2,,678.3
0,5,200,False,21000000,21.0,0.0,104.896,,20.979,,1808.6,,552.9
0,5,200,False,25000000,25.0,0.0,108.571,,21.714,,1871.9,,534.2
0,5,200,False,29000000,29.0,0.0,108.625,,21.725,,1872.8,,533.9
1,4,200,True,1000000,1.0,1.00599,4.02408,1.006,1.006,86.7,86.7,11530.9,11530.6
1,4,200,True,5000000,5.0,5.03007,20.1205,5.03,5.03,433.6,433.6,2306.1,2306.1
1,4,200,True,9000000,9.0,9.05415,36.2172,9.054,9.054,780.5,780.5,1281.2,1281.2
1,4,200,True,13000000,13.0,13.0783,52.3125,13.078,13.078,1127.4,1127.4,887.0,887.0
1,4,200,True,17000000,17.0,17.1025,68.4099,17.102,17.102,1474.4,1474.4,678.3,678.3
1,4,200,True,21000000,21.0,21.127,84.4965,21.127,21.124,1821.3,1821.0,549.1,549.1
1,4,200,True,25000000,25.0,23.9039,97.161,23.904,24.29,2060.7,2094.0,485.3,477.6
1,4,200,True,29000000,29.0,23.4843,98.5932,23.484,24.648,2024.5,2124.9,493.9,470.6
1,4,200,False,1000000,1.0,1.00599,4.02408,1.006,1.006,86.7,86.7,11530.9,11530.6
1,4,200,False,5000000,5.0,5.03007,20.1205,5.03,5.03,433.6,433.6,2306.1,2306.1
1,4,200,False,9000000,9.0,9.05422,36.2167,9.054,9.054,780.5,780.5,1281.2,1281.2
1,4,200,False,13000000,13.0,13.0784,52.3136,13.078,13.078,1127.4,1127.4,887.0,887.0
1,4,200,False,17000000,17.0,17.1033,68.4079,17.103,17.102,1474.4,1474.3,678.2,678.3
1,4,200,False,21000000,21.0,21.1087,83.8751,21.109,20.969,1819.7,1807.7,549.5,553.2
1,4,200,False,25000000,25.0,20.8769,87.8846,20.877,21.971,1799.7,1894.1,555.6,528.0
1,4,200,False,29000000,29.0,20.8029,88.0498,20.803,22.012,1793.4,1897.6,557.6,527.0
2,3,200,True,1000000,1.0,2.01204,3.01803,1.006,1.006,86.7,86.7,11530.6,11530.7
2,3,200,True,5000000,5.0,10.0602,15.0904,5.03,5.03,433.6,433.6,2306.1,2306.1
2,3,200,True,9000000,9.0,18.1085,27.1634,9.054,9.054,780.5,780.6,1281.2,1281.1
2,3,200,True,13000000,13.0,26.1568,39.2348,13.078,13.078,1127.4,1127.4,887.0,887.0
2,3,200,True,17000000,17.0,34.2046,51.3058,17.102,17.102,1474.3,1474.3,678.3,678.3
2,3,200,True,21000000,21.0,42.2511,63.3954,21.126,21.132,1821.2,1821.7,549.1,548.9
2,3,200,True,25000000,25.0,49.627,71.7093,24.814,23.903,2139.1,2060.6,467.5,485.3
2,3,200,True,29000000,29.0,49.5611,72.6112,24.781,24.204,2136.3,2086.5,468.1,479.3
2,3,200,False,1000000,1.0,2.01204,3.01803,1.006,1.006,86.7,86.7,11530.6,11530.7
2,3,200,False,5000000,5.0,10.0602,15.0903,5.03,5.03,433.6,433.6,2306.1,2306.1
2,3,200,False,9000000,9.0,18.1085,27.1627,9.054,9.054,780.5,780.5,1281.2,1281.2
2,3,200,False,13000000,13.0,26.1572,39.2337,13.079,13.078,1127.5,1127.4,886.9,887.0
2,3,200,False,17000000,17.0,34.2051,51.3067,17.103,17.102,1474.4,1474.3,678.3,678.3
2,3,200,False,21000000,21.0,42.246,63.0899,21.123,21.03,1820.9,1812.9,549.2,551.6
2,3,200,False,25000000,25.0,44.5925,66.3539,22.296,22.118,1922.1,1906.7,520.3,524.5
2,3,200,False,29000000,29.0,44.8443,66.1663,22.422,22.055,1932.9,1901.3,517.3,525.9
3,2,200,True,1000000,1.0,3.0181,2.01197,1.006,1.006,86.7,86.7,11530.4,11531.0
3,2,200,True,5000000,5.0,15.0903,10.0603,5.03,5.03,433.6,433.6,2306.1,2306.1
3,2,200,True,9000000,9.0,27.1627,18.1084,9.054,9.054,780.5,780.5,1281.2,1281.2
3,2,200,True,13000000,13.0,39.2348,26.1569,13.078,13.078,1127.4,1127.5,887.0,887.0
3,2,200,True,17000000,17.0,51.3073,34.2026,17.102,17.101,1474.3,1474.2,678.3,678.3
3,2,200,True,21000000,21.0,63.3812,42.2376,21.127,21.119,1821.3,1820.6,549.1,549.3
3,2,200,True,25000000,25.0,74.7455,46.901,24.915,23.45,2147.9,2021.6,465.6,494.7
3,2,200,True,29000000,29.0,76.3132,46.0649,25.438,23.032,2192.9,1985.6,456.0,503.6
3,2,200,False,1000000,1.0,3.0181,2.01197,1.006,1.006,86.7,86.7,11530.4,11531.0
3,2,200,False,5000000,5.0,15.0903,10.0602,5.03,5.03,433.6,433.6,2306.1,2306.1
3,2,200,False,9000000,9.0,27.1627,18.1085,9.054,9.054,780.5,780.5,1281.2,1281.2
3,2,200,False,13000000,13.0,39.2348,26.1597,13.078,13.08,1127.4,1127.6,887.0,886.9
3,2,200,False,17000000,17.0,51.3092,34.2016,17.103,17.101,1474.4,1474.2,678.2,678.3
3,2,200,False,21000000,21.0,63.376,42.0266,21.125,21.013,1821.1,1811.5,549.1,552.0
3,2,200,False,25000000,25.0,70.6082,43.9305,23.536,21.965,2029.0,1893.6,492.9,528.1
3,2,200,False,29000000,29.0,71.2869,43.6454,23.762,21.823,2048.5,1881.3,488.2,531.6
4,1,200,True,1000000,1.0,4.02408,1.00599,1.006,1.006,86.7,86.7,11530.6,11530.9
4,1,200,True,5000000,5.0,20.1205,5.03014,5.03,5.03,433.6,433.6,2306.1,2306.1
4,1,200,True,9000000,9.0,36.2167,9.0545,9.054,9.054,780.5,780.6,1281.2,1281.1
4,1,200,True,13000000,13.0,52.3131,13.0783,13.078,13.078,1127.4,1127.4,887.0,887.0
4,1,200,True,17000000,17.0,68.4097,17.1025,17.102,17.102,1474.3,1474.4,678.3,678.3
4,1,200,True,21000000,21.0,84.5072,21.1063,21.127,21.106,1821.3,1819.5,549.1,549.6
4,1,200,True,25000000,25.0,100.193,21.7212,25.048,21.721,2159.3,1872.5,463.1,534.0
4,1,200,True,29000000,29.0,100.652,21.9844,25.163,21.984,2169.2,1895.2,461.0,527.6
4,1,200,False,1000000,1.0,4.02408,1.00599,1.006,1.006,86.7,86.7,11530.6,11530.9
4,1,200,False,5000000,5.0,20.1204,5.03014,5.03,5.03,433.6,433.6,2306.1,2306.1
4,1,200,False,9000000,9.0,36.2168,9.05422,9.054,9.054,780.5,780.5,1281.2,1281.2
4,1,200,False,13000000,13.0,52.3132,13.0784,13.078,13.078,1127.4,1127.4,887.0,887.0
4,1,200,False,17000000,17.0,68.4098,17.1199,17.102,17.12,1474.3,1475.9,678.3,677.6
4,1,200,False,21000000,21.0,84.4952,21.0432,21.124,21.043,1821.0,1814.1,549.1,551.2
4,1,200,False,25000000,25.0,98.9268,21.2455,24.732,21.246,2132.0,1831.5,469.0,546.0
4,1,200,False,29000000,29.0,99.307,21.053,24.827,21.053,2140.2,1814.9,467.2,551.0
5,0,200,True,1000000,1.0,5.03007,0.0,1.006,,86.7,,11530.7,
5,0,200,True,5000000,5.0,25.1506,0.0,5.03,,433.6,,2306.1,
5,0,200,True,9000000,9.0,45.2711,0.0,9.054,,780.5,,1281.2,
5,0,200,True,13000000,13.0,65.3917,0.0,13.078,,1127.4,,887.0,
5,0,200,True,17000000,17.0,85.5119,0.0,17.102,,1474.3,,678.3,
5,0,200,True,21000000,21.0,105.63,0.0,21.126,,1821.2,,549.1,
5,0,200,True,25000000,25.0,122.905,0.0,24.581,,2119.1,,471.9,
5,0,200,True,29000000,29.0,122.905,0.0,24.581,,2119.1,,471.9,
5,0,200,False,1000000,1.0,5.03007,0.0,1.006,,86.7,,11530.7,
5,0,200,False,5000000,5.0,25.1505,0.0,5.03,,433.6,,2306.1,
5,0,200,False,9000000,9.0,45.2711,0.0,9.054,,780.5,,1281.2,
5,0,200,False,13000000,13.0,65.3926,0.0,13.079,,1127.5,,887.0,
5,0,200,False,17000000,17.0,85.5138,0.0,17.103,,1474.4,,678.3,
5,0,200,False,21000000,21.0,105.632,0.0,21.126,,1821.2,,549.1,
5,0,200,False,25000000,25.0,125.754,0.0,25.151,,2168.2,,461.2,
5,0,200,False,29000000,29.0,127.807,0.0,25.561,,2203.6,,453.8,
