10.0034,10,10003318041,73000,1
10.0163,10,10016102071,240012,0
10.0345,10,10034391131,73000,1
10.0556,10,10055184585,394412,0
10.1199,10,10119596959,287212,0
10.1641,10,10163806879,287212,0
10.2031,10,10202786381,287212,0
10.2521,10,10251850907,287212,0
10.3042,10,10303891845,287212,0
10.3504,10,10350309365,73000,1
10.3509,10,10350576365,287212,0
10.4154,10,10415159145,287212,0
10.4616,10,10461361477,287212,0
10.509,10,10508753403,287212,0
10.5633,10,10563008159,287212,0
10.6049,10,10604813479,73000,1
10.6129,10,10612590497,287212,0
10.662,10,10661912617,73000,1
10.6777,10,10677618465,73000,1
10.6963,10,10695999507,287212,0
10.7043,10,10704056531,287212,0
10.7609,10,10760845669,73000,1
10.7662,10,10766155681,73000,1
10.7746,10,10774272105,287212,0
10.8058,10,10805510589,287212,0
10.8598,10,10859759127,73000,1
10.8702,10,10870084151,73000,1
10.8833,10,10883269587,73000,1
10.8891,10,10888793599,287212,0
10.9098,10,10909473059,287212,0
10.9589,10,10958633585,287212,0
11.0037,10,11003415693,287212,0
11.0656,10,11065263843,287212,0
11.1023,10,11102187933,73000,1
11.1125,10,11112423957,73000,1
11.1231,10,11122828387,287212,0
11.1514,10,11151286459,73000,1
11.1593,10,11158994477,287212,0
11.2115,10,11211230415,287212,0
11.2576,10,11257539935,73000,1
11.2632,10,11262884947,287212,0
11.3102,10,11309919467,287212,0
11.3616,10,11361360405,287212,0
11.4193,10,11419014549,287212,0
11.4529,10,11452862039,73000,1
11.4583,10,11458198051,73000,1
11.4714,10,11471126081,287212,0
11.5133,10,11513047589,287212,0
11.5545,10,11554423097,73000,1
11.5647,10,11564659121,73000,1
11.5803,10,11579982157,287212,0
11.6093,10,11609218229,73000,1
11.6198,10,11619561253,287212,0
11.6657,10,11665657773,73000,1
11.6786,10,11678548803,73000,1
11.6996,10,11699315851,287212,0
11.7105,10,11710215881,287212,0
11.7621,10,11761800413,287212,0
11.8037,10,11803459921,287212,0
11.853,10,11852702447,287212,0
11.9022,10,11901943379,287212,0
11.9567,10,11956674323,73000,1
11.9746,10,11974525583,73000,1
11.9853,10,11984966607,287212,0
12.0089,10,12008821667,73000,1
12.0148,10,12014479085,287212,0
12.0636,10,12063489205,73000,1
12.079,10,12078972241,73000,1
12.1052,10,12104808301,394412,0
12.155,10,12154683827,287212,0
12.2119,10,12211640183,287212,0
12.2586,10,12258263703,287212,0
12.3022,10,12301962623,287212,0
12.3621,10,12361993579,73000,1
12.3726,10,12372496603,73000,1
12.388,10,12387917639,73000,1
12.3908,10,12390536645,287212,0
12.4062,10,12406139687,73000,1
12.4143,10,12414247111,73000,1
12.4274,10,12427362141,73000,1
12.4301,10,12430061147,73000,1
12.4355,10,12435219159,287212,0
12.451,10,12450946201,73000,1
12.4564,10,12456131213,287212,0
12.5002,10,12500136321,73000,1
12.5056,10,12505321333,287212,0
12.5654,10,12565103289,287212,0
12.6044,10,12604093385,287212,0
12.6594,10,12659155923,287212,0
12.7105,10,12710438049,73000,1
12.7212,10,12721093479,73000,1
12.732,10,12731943909,73000,1
12.7323,10,12732016909,287212,0
12.7555,10,12755397969,73000,1
12.7683,10,12768234999,73000,1
12.7839,10,12783647035,287212,0
12.8147,10,12814438519,287212,0
12.8645,10,12864188857,287212,0
12.9109,10,12910570377,287212,0
12.9503,10,12950024879,287212,0
13.0071,10,13006797423,287212,0
13.0543,10,13054027349,287212,0
13.1006,10,13100525463,73000,1
13.1108,10,13110752487,73000,1
13.1162,10,13116115499,73000,1
13.1241,10,13123803517,287212,0
13.1557,10,13155639595,73000,1
13.1609,10,13160860607,73000,1
13.1712,10,13171114631,73000,1
13.1764,10,13176325643,73000,1
13.1765,10,13176398643,73000,1
13.1816,10,13181556655,73000,1
13.1819,10,13181629655,287212,0
13.2001,10,13200038703,73000,1
13.2132,10,13212884733,287212,0
13.255,10,13254948241,73000,1
13.2678,10,13267705271,73000,1
13.2832,10,13283099307,73000,1
13.2883,10,13288257319,73000,1
13.2884,10,13288337319,73000,1
13.2938,10,13293504331,287212,0
13.317,10,13316749797,287212,0
13.3538,10,13353734105,73000,1
13.364,10,13363970129,73000,1
13.377,10,13376898159,73000,1
13.3821,10,13382047171,73000,1
13.3824,10,13382120171,287212,0
13.4209,10,13420635673,287212,0
13.4503,10,13450020557,287212,0
13.5172,10,13516918531,287212,0
13.5593,10,13559044445,287212,0
13.6085,10,13608205565,287212,0
13.6603,10,13660024097,287212,0
13.7015,10,13701220011,287212,0
13.7616,10,13761270561,287212,0
13.8004,10,13800107657,287212,0
13.8551,10,13854990195,73000,1
13.8629,10,13862829213,73000,1
13.8708,10,13870721637,73000,1
13.8785,10,13878409655,73000,1
13.8788,10,13878498655,287212,0
13.9022,10,13901960715,287212,0
13.9515,10,13951230241,287212,0
14.011,10,14010683791,287212,0
14.0604,10,14060366317,73000,1
14.076,10,14075751353,287212,0
14.1046,10,14104332831,287212,0
14.1538,10,14153754357,73000,1
14.1593,10,14159010369,287212,0
14.2085,10,14208234895,287212,0
14.2656,10,14265361657,287212,0
14.3122,10,14312136771,73000,1
14.3301,10,14330053219,73000,1
14.3406,10,14340512243,73000,1
14.3459,10,14345643255,287212,0
14.3537,10,14353611279,73000,1
14.3617,10,14361666297,73000,1
14.3701,10,14369844721,287212,0
14.4062,10,14406145217,73000,1
14.414,10,14413887235,73000,1
14.4219,10,14421629253,287212,0
14.4503,10,14450236137,73000,1
14.4583,10,14458263561,73000,1
14.479,10,14478923609,73000,1
14.4844,10,14484090027,287212,0
14.5176,10,14517357517,287212,0
14.5587,10,14558367025,287212,0
14.6059,10,14605569951,287212,0
14.668,10,14667740507,287212,0
14.7123,10,14712050427,287212,0
14.7508,10,14750754523,73000,1
14.7638,10,14763502553,287212,0
14.8029,10,14802660867,287212,0
14.8597,10,14859603005,73000,1
14.873,10,14872761441,287212,0
14.907,10,14906760337,287212,0
14.9588,10,14958488463,287212,0
15.0033,10,15003027383,287212,0
15.0598,10,15059493739,287212,0
15.1124,10,15112159489,287212,0
15.1612,10,15160948609,287212,0
15.2032,10,15202887117,287212,0
15.26,10,15259683661,287212,0
15.3017,10,15301614763,73000,1
15.3047,10,15304402769,287212,0
15.3586,10,15358321307,287212,0
15.4053,10,15405231639,73000,1
15.4158,10,15415547663,287212,0
15.4646,10,15464352783,287212,0
15.5038,10,15503546097,287212,0
15.5525,10,15552225623,287212,0
15.6022,10,15601886367,287212,0
15.654,10,15653748899,287212,0
15.7062,10,15706155837,73000,1
15.7167,10,15716418861,287212,0
15.7654,10,15765303387,73000,1
15.7858,10,15785765841,73000,1
15.8146,10,15814505125,73000,1
15.8197,10,15819674137,73000,1
15.8201,10,15819747137,394412,0
15.8537,10,15853426221,287212,0
15.9001,10,15900014741,73000,1
15.9057,10,15905645753,73000,1
15.9187,10,15918447189,287212,0
15.9625,10,15962218703,287212,0
16.0044,10,16004084023,287212,0
16.051,10,16050690543,287212,0
16.108,10,16107753899,287212,0
16.1574,10,16157069425,287212,0
16.2118,10,16211774557,73000,1
16.2247,10,16224647587,73000,1
16.2429,10,16242580035,287212,0
16.2508,10,16250521059,287212,0
16.3028,10,16302507591,287212,0
16.3573,10,16356988723,287212,0
16.4094,10,16409162255,287212,0
16.4613,10,16461234411,73000,1
16.4744,10,16474134441,287212,0
16.5135,10,16513391943,73000,1
16.5246,10,16524333967,287212,0
16.5608,10,16560480463,287212,0
16.6018,10,16601506377,287212,0
16.6512,10,16651077715,73000,1
16.6517,10,16651406715,287212,0
16.7056,10,16705566065,73000,1
16.7084,10,16708328071,73000,1
16.7114,10,16711332077,73000,1
16.7117,10,16711412077,287212,0
16.7609,10,16760600415,287212,0
16.8073,10,16807044529,287212,0
16.8642,10,16864137073,73000,1
16.8796,10,16879531109,73000,1
16.895,10,16894889551,73000,1
16.9004,10,16900020563,394412,0
16.9575,10,16957247701,287212,0
17.0066,10,17006550821,73000,1
17.0171,10,17016803657,287212,0
17.0592,10,17058953983,287212,0
17.1216,10,17121330133,287212,0
17.1504,10,17150144611,287212,0
17.2046,10,17204304149,287212,0
17.2666,10,17266357705,287212,0
17.3155,10,17315439231,73000,1
17.3393,10,17339039097,287212,0
17.36,10,17359897557,73000,1
17.368,10,17367728575,287212,0
17.4017,10,17401442659,287212,0
17.4614,10,17461323209,73000,1
17.4745,10,17474249239,287212,0
17.503,10,17502671717,287212,0
17.5503,10,17550001237,287212,0
17.6043,10,17604182775,73000,1
17.6146,10,17614498799,73000,1
17.6274,10,17627309829,73000,1
17.6331,10,17632833841,287212,0
17.662,10,17661692725,287212,0
17.7132,10,17712946257,287212,0
17.7653,10,17765180819,73000,1
17.7884,10,17788093873,287212,0
17.8218,10,17821541363,287212,0
17.856,10,17855890259,73000,1
17.8665,10,17866206283,287212,0
17.9048,10,17904767379,73000,1
17.9101,10,17910025391,73000,1
17.9257,10,17925393833,287212,0
17.9519,10,17951858305,73000,1
17.9572,10,17957105317,73000,1
17.97,10,17969950753,73000,1
17.9752,10,17975108765,73000,1
17.9806,10,17980266777,287212,0
18.0216,10,18021319691,287212,0
18.0501,10,18050018169,73000,1
18.061,10,18060738193,287212,0
18.1049,10,18104860113,73000,1
18.1152,10,18115096137,73000,1
18.1258,10,18125500567,287212,0
18.1602,10,18159921057,287212,0
18.2141,10,18214026595,73000,1
18.227,10,18226917625,73000,1
18.2452,10,18244912667,287212,0
18.2639,10,18263795121,73000,1
18.2795,10,18279215563,287212,0
18.3054,10,18305161035,287212,0
18.3599,10,18359820979,73000,1
18.3803,10,18380186027,73000,1
18.4033,10,18403188081,73000,1
18.4059,10,18405798087,73000,1
18.4088,10,18408399093,394412,0
18.4608,10,18460521625,287212,0
18.5025,10,18502234945,287212,0
18.5697,10,18569598919,73000,1
18.5803,10,18580057943,287212,0
18.6136,10,18613557433,73000,1
18.6192,10,18618947445,287212,0
18.6504,10,18650067929,287212,0
18.7046,10,18704495685,73000,1
18.71,10,18709689697,287212,0
18.7646,10,18764358235,287212,0
18.811,10,18810750161,287212,0
18.8577,10,18857400275,287212,0
18.9173,10,18916994043,287212,0
18.9507,10,18950601939,73000,1
18.9511,10,18950815939,287212,0
19.0033,10,19003258877,73000,1
19.0162,10,19016077313,73000,1
19.0267,10,19026447337,287212,0
19.0553,10,19055029409,287212,0
19.1023,10,19102003523,287212,0
19.1661,10,19166042679,73000,1
19.172,10,19171754691,287212,0
19.2111,10,19210780193,287212,0
19.2527,10,19252378295,287212,0
19.3154,10,19315135663,287212,0
19.3591,10,19358773177,287212,0
19.4038,10,19403510691,287212,0
19.4524,10,19452291217,73000,1
19.4603,10,19459996641,287212,0
19.5019,10,19501800367,73000,1
19.5071,10,19507047379,73000,1
19.51,10,19509747385,287212,0
19.5566,10,19556354499,287212,0
19.6035,10,19603384039,73000,1
19.6139,10,19613638063,287212,0
19.6554,10,19655139165,287212,0
19.7075,10,19707186727,287212,0
19.7562,10,19756091847,73000,1
19.7715,10,19771449883,73000,1
19.7875,10,19787245919,287212,0
19.8061,10,19806031967,73000,1
19.8115,10,19811252979,287212,0
19.8554,10,19855087087,287212,0
19.915,10,19914752855,287212,0
19.951,10,19950879163,73000,1
19.954,10,19953729169,287212,0
20.0114,10,20011375119,73000,1
20.0343,10,20034261173,73000,1
20.0553,10,20054875221,394412,0
20.1024,10,20102335959,73000,1
20.1079,10,20107595971,287212,0
20.1542,10,20154165491,73000,1
20.162,10,20161880509,73000,1
20.1676,10,20167286927,287212,0
20.2069,10,20206806241,73000,1
20.2123,10,20212054253,287212,0
20.2588,10,20258704367,73000,1
20.2665,10,20266446385,73000,1
20.2795,10,20279230415,287212,0
20.3033,10,20302976881,287212,0
20.3601,10,20359800831,287212,0
20.4146,10,20414487181,73000,1
20.43,10,20429881217,73000,1
20.4478,10,20447761259,73000,1
20.4479,10,20447841259,73000,1
20.4509,10,20450460265,394412,0
20.5051,10,20504844803,287212,0
20.5693,10,20569276365,73000,1
20.5875,10,20587245407,287212,0
20.606,10,20605921267,73000,1
20.6168,10,20616550291,287212,0
20.6604,10,20660295805,73000,1
20.6681,10,20668055823,73000,1
20.671,10,20670879829,73000,1
20.6763,10,20676028841,287212,0
20.7208,10,20720479167,287212,0
20.762,10,20761746675,287212,0
20.811,10,20810927013,73000,1
20.822,10,20821733443,287212,0
20.8659,10,20865825957,73000,1
20.8815,10,20881388993,73000,1
20.8947,10,20894440023,287212,0
20.9075,10,20907467465,73000,1
20.9184,10,20918070489,287212,0
20.9676,10,20967277421,287212,0
21.011,10,21010922935,73000,1
21.0272,10,21026942377,287212,0
21.0534,10,21053153255,287212,0
21.1126,10,21112345399,287212,0
21.162,10,21161910331,73000,1
21.1802,10,21179887373,287212,0
21.2058,10,21205726439,73000,1
21.2137,10,21213459457,287212,0
21.2554,10,21255281371,73000,1
21.2635,10,21263209389,287212,0
21.3049,10,21304655897,287212,0
21.3617,10,21361650441,73000,1
21.3723,10,21371993465,287212,0
21.4009,10,21400575943,287212,0
21.4502,10,21450141469,73000,1
21.4557,10,21455390481,287212,0
21.5199,10,21519650449,287212,0
21.5512,10,21551174933,73000,1
21.5592,10,21558942951,287212,0
21.6033,10,21603034465,287212,0
21.6504,10,21650077391,287212,0
21.7048,10,21704487523,287212,0
21.752,10,21751727855,287212,0
21.8012,10,21800862975,287212,0
21.8565,10,21856174513,287212,0
21.9006,10,21900338621,287212,0
21.9501,10,21950001147,73000,1
21.9578,10,21957761165,73000,1
21.9706,10,21970545195,73000,1
21.9735,10,21973182201,287212,0
22.0069,10,22006636691,287212,0
22.0617,10,22061610229,73000,1
22.0722,10,22071953253,287212,0
22.1057,10,22105658337,73000,1
22.1185,10,22118442367,73000,1
22.1266,10,22126273385,287212,0
22.1608,10,22160470875,287212,0
22.2174,10,22217081419,287212,0
22.2643,10,22264051751,287212,0
22.3079,10,22307795671,73000,1
22.3181,10,22318058695,73000,1
22.3313,10,22330986725,287212,0
22.3653,10,22365201621,73000,1
22.3807,10,22380578063,73000,1
22.3938,10,22393469093,287212,0
22.4118,10,22411521141,287212,0
22.4537,10,22453423461,287212,0
22.5082,10,22508127405,73000,1
22.5238,10,22523494441,287212,0
22.5576,10,22557315337,287212,0
22.6093,10,22609184481,73000,1
22.6221,10,22622048511,73000,1
22.6302,10,22629959529,287212,0
22.6641,10,22664040425,73000,1
22.6669,10,22666829431,73000,1
22.6724,10,22672103443,287212,0
22.7036,10,22703296521,287212,0
22.7605,10,22760192021,287212,0
22.8125,10,22812196553,287212,0
22.859,10,22858945073,73000,1
22.8673,10,22867061497,287212,0
22.9031,10,22903001993,73000,1
22.9109,10,22910842417,73000,1
22.9215,10,22921193847,287212,0
22.9603,10,22960262161,73000,1
22.9685,10,22968377991,73000,1
22.9789,10,22978659015,287212,0
23.0102,10,23009870093,287212,0
23.0538,10,23053684825,73000,1
23.0672,10,23066878261,287212,0
23.1136,10,23113537781,73000,1
23.1192,10,23118865793,287212,0
23.1632,10,23162922713,287212,0
23.2049,10,23204639033,287212,0
23.2536,10,23253542371,73000,1
23.2641,10,23263778395,287212,0
23.3007,10,23300422515,287212,0
23.3572,10,23356884901,287212,0
23.4042,10,23404089421,73000,1
23.4044,10,23404330421,73000,1
23.4149,10,23414566445,287212,0
23.4534,10,23453280947,73000,1
23.4562,10,23456077953,73000,1
23.472,10,23471695395,287212,0
23.5107,10,23510674897,73000,1
23.5213,10,23521026921,287212,0
23.5523,10,23552058217,287212,0
23.6094,10,23609337573,73000,1
23.62,10,23619689597,287212,0
23.6638,10,23663478517,287212,0
23.7132,10,23712941479,287212,0
23.7518,10,23751742981,73000,1
23.7522,10,23751885981,287212,0
23.8142,10,23814170755,73000,1
23.8274,10,23827105785,287212,0
23.8658,10,23865736693,73000,1
23.8816,10,23881523135,73000,1
23.91,10,23909941013,73000,1
23.9127,10,23912578019,73000,1
23.913,10,23912651019,394412,0
23.9616,10,23961339545,287212,0
24.0086,10,24008480471,73000,1
24.0191,10,24018805495,287212,0
24.058,10,24057668591,287212,0
24.1027,10,24102378105,287212,0
24.1519,10,24151601631,287212,0
24.2069,10,24206563575,287212,0
24.2528,10,24252677689,73000,1
24.2632,10,24262913713,287212,0
24.3032,10,24302927621,287212,0
24.3517,10,24351581147,73000,1
24.3569,10,24356828159,73000,1
24.3697,10,24369611595,73000,1
24.3749,10,24374778607,73000,1
24.3777,10,24377397613,287212,0
24.4068,10,24406703691,73000,1
24.4198,10,24419487721,287212,0
24.4534,10,24453085211,287212,0
24.5054,10,24505357149,73000,1
24.5159,10,24515593173,287212,0
24.5649,10,24564811293,73000,1
24.573,10,24572706311,287212,0
24.6095,10,24609442807,73000,1
24.6124,10,24612328813,73000,1
24.6204,10,24620150831,287212,0
24.6564,10,24656092327,287212,0
24.7087,10,24708373859,287212,0
24.7575,10,24757410385,73000,1
24.7705,10,24770192633,287212,0
24.8125,10,24812432953,73000,1
24.8306,10,24830303995,287212,0
24.8616,10,24861345073,287212,0
24.9059,10,24905832181,73000,1
24.9112,10,24911115193,73000,1
24.9168,10,24916710611,73000,1
24.9195,10,24919418617,73000,1
24.9199,10,24919569617,287212,0
24.956,10,24955734707,287212,0
25.0156,10,25015500663,73000,1
25.0312,10,25030912699,287212,0
25.0547,10,25054426759,287212,0
25.1013,10,25101013279,287212,0
25.1633,10,25163182053,73000,1
25.1687,10,25168616065,73000,1
25.179,10,25178970089,73000,1
25.1793,10,25179050089,287212,0
25.2131,10,25212843985,287212,0
25.2651,10,25264980329,73000,1
25.2707,10,25270432341,287212,0
25.3043,10,25304021425,287212,0
25.3566,10,25356561363,73000,1
25.3598,10,25359467369,287212,0
25.406,10,25405672483,287212,0
25.4582,10,25457866015,287212,0
25.5071,10,25506840541,287212,0
25.5543,10,25554061467,287212,0
25.601,10,25600718987,287212,0
25.6531,10,25652777519,287212,0
25.7051,10,25704799051,287212,0
25.7548,10,25754540983,287212,0
25.8114,10,25811139339,287212,0
25.866,10,25865923877,73000,1
25.8815,10,25881406913,73000,1
25.8994,10,25899366955,73000,1
25.8997,10,25899446955,287212,0
25.9101,10,25909979985,73000,1
25.9256,10,25925312021,287212,0
25.957,10,25956963099,73000,1
25.9574,10,25957330099,73000,1
25.9655,10,25965196117,287212,0
26.0014,10,26001343019,73000,1
26.0067,10,26006661031,73000,1
26.0221,10,26022045473,73000,1
26.0275,10,26027185485,287212,0
26.0514,10,26051315763,73000,1
26.0541,10,26053979769,73000,1
26.062,10,26061758193,287212,0
26.1108,10,26110697719,73000,1
26.1213,10,26121049743,287212,0
26.1503,10,26150178033,73000,1
26.1608,10,26160467057,287212,0
26.2047,10,26204407571,287212,0
26.2569,10,26256589321,287212,0
26.3132,10,26313134271,73000,1
26.3211,10,26321054289,73000,1
26.3318,10,26331536313,287212,0
26.3659,10,26365840803,73000,1
26.379,10,26378740833,287212,0
26.4077,10,26407376311,287212,0
26.4546,10,26454292643,287212,0
26.5133,10,26513250411,73000,1
26.5264,10,26526088441,287212,0
26.5607,10,26560429931,287212,0
26.6098,10,26609512457,287212,0
26.6591,10,26658977795,73000,1
26.6693,10,26669258819,73000,1
26.6875,10,26687164267,287212,0
26.703,10,26702731309,287212,0
26.7678,10,26767555089,287212,0
26.8045,10,26804217585,287212,0
26.8618,10,26861479941,287212,0
26.9105,10,26910402061,73000,1
26.9183,10,26918224079,73000,1
26.9214,10,26921128085,287212,0
26.9657,10,26965615599,73000,1
26.9789,10,26978612629,287212,0
27.0101,10,27010055707,73000,1
27.0257,10,27025449743,287212,0
27.0594,10,27059289827,73000,1
27.0622,10,27062113833,73000,1
27.0677,10,27067647251,73000,1
27.068,10,27067720251,287212,0
27.1042,10,27104117341,73000,1
27.1071,10,27106852347,287212,0
27.1508,10,27150554455,287212,0
27.2054,10,27205082993,287212,0
27.2515,10,27251386107,73000,1
27.2595,10,27259404531,73000,1
27.2675,10,27267208549,287212,0
27.3014,10,27301127851,287212,0
27.3503,10,27350014971,287212,0
27.402,10,27401888097,73000,1
27.4074,10,27407073109,287212,0
27.4693,10,27468976259,287212,0
27.511,10,27510663173,287212,0
27.5548,10,27554773093,73000,1
27.5656,10,27565340117,287212,0
27.6095,10,27609460631,73000,1
27.615,10,27614743643,287212,0
27.6588,10,27658487563,287212,0
27.703,10,27702939077,73000,1
27.716,10,27715714107,287212,0
27.7549,10,27754603015,287212,0
27.8071,10,27806795547,287212,0
27.8636,10,27863546685,73000,1
27.89,10,27889666369,287212,0
27.9157,10,27915441247,287212,0
27.9597,10,27959407761,287212,0
28.0044,10,28004127275,287212,0
28.0534,10,28053085395,287212,0
28.1056,10,28105285739,287212,0
28.1646,10,28164496289,73000,1
28.1805,10,28180221325,287212,0
28.2091,10,28208832397,287212,0
28.2552,10,28255098323,73000,1
28.2682,10,28267873353,287212,0
28.31,10,28309722861,287212,0
28.3563,10,28356263787,73000,1
28.3744,10,28374089829,287212,0
28.4062,10,28405900125,287212,0
28.4604,10,28460327475,73000,1
28.4783,10,28478232923,73000,1
28.4893,10,28489004353,287212,0
28.5127,10,28512447413,287212,0
28.5513,10,28551248915,73000,1
28.5591,10,28559016933,73000,1
28.5745,10,28574403969,73000,1
28.5773,10,28577004975,287212,0
28.6242,10,28623904307,287212,0
28.6777,10,28677608439,73000,1
28.7143,10,28713869929,394412,0
28.761,10,28760896043,73000,1
28.7716,10,28771328067,287212,0
28.8084,10,28808064563,287212,0
28.855,10,28854749677,287212,0
28.9043,10,28904036609,287212,0
28.9564,10,28956138547,287212,0
29.003,10,29002716473,287212,0
29.0596,10,29059528829,73000,1
29.075,10,29074940865,73000,1
29.0907,10,29090423901,287212,0
29.1039,10,29103844343,73000,1
29.1173,10,29116993779,287212,0
29.1634,10,29163339111,73000,1
29.1839,10,29183792565,73000,1
29.1996,10,29199304007,287212,0
29.2183,10,29218044055,287212,0
29.2674,10,29267115581,287212,0
29.3194,10,29319296925,73000,1
29.3323,10,29332214361,73000,1
29.3531,10,29352667815,394412,0
29.4126,10,29412537177,73000,1
29.431,10,29430694219,287212,0
29.4541,10,29454037091,73000,1
29.4646,10,29464291115,287212,0
29.5032,10,29503171023,73000,1
29.5167,10,29516382459,287212,0
29.5505,10,29550401949,73000,1
29.5557,10,29555586961,73000,1
29.5612,10,29560922973,287212,0
29.6105,10,29610180499,287212,0
29.6576,10,29657276425,287212,0
29.7145,10,29714187375,287212,0
29.7617,10,29761604707,73000,1
29.7721,10,29772009731,73000,1
29.785,10,29784962761,73000,1
29.7853,10,29785042761,287212,0
29.8034,10,29803290809,73000,1
29.8114,10,29811085233,287212,0
29.8584,10,29858066753,287212,0
29.9129,10,29912609103,287212,0
29.9598,10,29959562623,287212,0
30.0036,10,30003575731,73000,1
30.0142,10,30013953161,287212,0
30.0539,10,30053600475,287212,0
30.1004,10,30100143589,287212,0
30.1653,10,30165046963,287212,0
30.2043,10,30203979871,287212,0
30.2565,10,30256412403,73000,1
30.272,10,30271717439,287212,0
30.3007,10,30300370511,287212,0
30.3531,10,30352848455,287212,0
30.4101,10,30409831593,287212,0
30.4595,10,30459242337,287212,0
30.5008,10,30500742845,73000,1
30.5039,10,30503594851,287212,0
30.5635,10,30563420619,73000,1
30.5739,10,30573852643,73000,1
30.5845,10,30584222667,287212,0
30.6079,10,30607816133,73000,1
30.6185,10,30618203157,287212,0
30.6577,10,30657592877,73000,1
30.6606,10,30660345883,287212,0
30.702,10,30701900391,73000,1
30.7124,10,30712127415,287212,0
30.7588,10,30758741153,73000,1
30.7668,10,30766544577,287212,0
30.8003,10,30800035067,287212,0
30.8518,10,30851723629,73000,1
30.8598,10,30859742653,73000,1
30.8704,10,30870129083,287212,0
30.9138,10,30913766003,73000,1
30.9269,10,30926657033,287212,0
30.9532,10,30952932505,287212,0
31.0024,10,31002353031,73000,1
31.0054,10,31005141037,287212,0
31.0526,10,31052336557,287212,0
31.1118,10,31111770513,73000,1
31.1224,10,31122113537,287212,0
31.1561,10,31156005027,73000,1
31.1591,10,31158829033,287212,0
31.2109,10,31210654771,287212,0
31.2628,10,31262712115,73000,1
31.2834,10,31283149569,287212,0
31.3019,10,31301585617,287212,0
31.3508,10,31350490737,287212,0
31.4084,10,31408081499,287212,0
31.4523,10,31452004013,287212,0
31.5147,10,31514627975,73000,1
31.5351,10,31535018241,73000,1
31.5458,10,31545539265,287212,0
31.5586,10,31558567301,73000,1
31.5697,10,31569606143,73000,1
31.5901,10,31589998191,73000,1
31.5929,10,31592608197,287212,0
31.6032,10,31603079227,73000,1
31.6112,10,31610901245,287212,0
31.6549,10,31654797353,73000,1
31.6682,10,31667958383,287212,0
31.7197,10,31719613727,73000,1
31.7301,10,31730010751,73000,1
31.7555,10,31755426217,73000,1
31.7556,10,31755568217,73000,1
31.7608,10,31760719229,73000,1
31.7666,10,31766198647,394412,0
31.8134,10,31813080385,287212,0
31.8727,10,31872441747,287212,0
31.9047,10,31904372231,287212,0
31.9566,10,31956340763,287212,0
32.0138,10,32013692119,73000,1
32.0241,10,32023999549,73000,1
32.0394,10,32039322585,73000,1
32.0445,10,32044462597,73000,1
32.0474,10,32047081603,287212,0
32.0553,10,32055040627,287212,0
32.1127,10,32112434983,287212,0
32.1512,10,32151102485,73000,1
32.1591,10,32158808503,287212,0
32.2113,10,32211029441,287212,0
32.2576,10,32257491555,73000,1
32.2605,10,32260244561,287212,0
32.3127,10,32312624499,73000,1
32.3282,10,32328080535,73000,1
32.3436,10,32343519571,73000,1
32.3437,10,32343661571,73000,1
32.3466,10,32346300577,287212,0
32.3572,10,32356887607,287212,0
32.4043,10,32403976721,287212,0
32.4583,10,32457992071,287212,0
32.5155,10,32515245209,287212,0
32.5566,10,32556497311,73000,1
32.5647,10,32564363329,287212,0
32.6095,10,32609457249,73000,1
32.6249,10,32624780285,73000,1
32.6427,10,32642651327,73000,1
32.6428,10,32642724327,73000,1
32.6431,10,32642813327,287212,0
32.6537,10,32653391357,287212,0
32.7058,10,32705726483,73000,1
32.7163,10,32715989507,287212,0
32.7576,10,32757516015,73000,1
32.7631,10,32762852027,287212,0
32.8048,10,32804558535,287212,0
32.8514,10,32851290055,73000,1
32.8591,10,32858996073,73000,1
32.8669,10,32866800091,73000,1
32.8695,10,32869410097,73000,1
32.8774,10,32877080115,287212,0
32.9113,10,32911215199,73000,1
32.9194,10,32919108217,287212,0
32.9554,10,32955369119,73000,1
32.9632,10,32963164137,73000,1
32.9735,10,32973445161,73000,1
32.9738,10,32973534161,287212,0
33.0132,10,33013102663,73000,1
33.0261,10,33025993693,73000,1
33.039,10,33038884723,73000,1
33.0466,10,33046572147,73000,1
33.0469,10,33046645147,287212,0
33.06,10,33059682183,287212,0
33.1095,10,33109454303,73000,1
33.1251,10,33124777339,287212,0
33.1585,10,33158454829,73000,1
33.1689,10,33168779853,73000,1
33.1767,10,33176610871,73000,1
33.1793,10,33179247877,73000,1
33.1796,10,33179336877,287212,0
33.2031,10,33203021937,73000,1
33.2139,10,33213588367,287212,0
33.2601,10,33259819481,287212,0
33.3065,10,33306404813,73000,1
33.3148,10,33314512831,287212,0
33.3561,10,33355762933,287212,0
33.4209,10,33420604901,287212,0
33.4522,10,33451877979,287212,0
33.5117,10,33511411123,287212,0
33.5507,10,33550454219,287212,0
33.6157,10,33615385781,287212,0
33.6543,10,33654275689,73000,1
33.6623,10,33662052707,287212,0
33.7039,10,33703651215,287212,0
33.761,10,33760734165,287212,0
33.8052,10,33804952679,287212,0
33.87,10,33869679647,287212,0
33.9108,10,33910725749,73000,1
33.932,10,33931716203,287212,0
33.963,10,33962740281,287212,0
34.0095,10,34009389207,73000,1
34.0203,10,34019992231,287212,0
34.0623,10,34061992739,287212,0
34.1063,10,34106041847,287212,0
34.1507,10,34150665955,73000,1
34.1559,10,34155850967,73000,1
34.1664,10,34166104991,287212,0
34.2124,10,34212290511,73000,1
34.2257,10,34225414541,287212,0
34.2543,10,34254221425,73000,1
34.2648,10,34264484449,287212,0
34.306,10,34305888957,73000,1
34.3188,10,34318699987,73000,1
34.3272,10,34326906005,287212,0
34.356,10,34355695077,287212,0
34.4101,10,34410067615,73000,1
34.4132,10,34412953621,287212,0
34.4703,10,34470233759,73000,1
34.4836,10,34483275789,287212,0
34.5044,10,34504063655,287212,0
34.5542,10,34553922775,287212,0
34.6088,10,34608528907,287212,0
34.6508,10,34650684009,73000,1
34.6585,10,34658452027,73000,1
34.6714,10,34671315463,73000,1
34.6717,10,34671413463,287212,0
34.7027,10,34702393947,287212,0
34.7649,10,34764625127,287212,0
34.8187,10,34818659665,73000,1
34.8342,10,34834080107,73000,1
34.848,10,34847729543,287212,0
34.8535,10,34853389561,73000,1
34.8615,10,34861220579,287212,0
34.9001,10,34900030675,73000,1
34.9132,10,34912876705,287212,0
34.9575,10,34957435813,73000,1
34.9728,10,34972731849,73000,1
34.9809,10,34980642867,287212,0
35.0017,10,35001439921,287212,0
35.0513,10,35051209447,73000,1
35.054,10,35053935453,73000,1
35.0596,10,35059271465,287212,0
35.1034,10,35103141979,287212,0
35.1503,10,35150041905,287212,0
35.2145,10,35214470685,73000,1
35.2328,10,35232474727,287212,0
35.2618,10,35261754611,73000,1
35.2721,10,35272064635,73000,1
35.2878,10,35287513671,287212,0
35.3057,10,35305610125,73000,1
35.3113,10,35311010137,287212,0
35.3732,10,35373128287,73000,1
35.3863,10,35386241317,73000,1
35.4043,10,35404209765,73000,1
35.4048,10,35404360765,394412,0
35.4672,10,35467102321,73000,1
35.4876,10,35487555775,73000,1
35.5107,10,35510628235,73000,1
35.5108,10,35510717235,73000,1
35.5137,10,35513336241,394412,0
35.5656,10,35565501773,73000,1
35.5785,10,35578436803,73000,1
35.5864,10,35586294821,73000,1
35.5917,10,35591434833,287212,0
35.6045,10,35604435869,73000,1
35.6122,10,35612150887,73000,1
35.6127,10,35612453887,287212,0
35.6724,10,35672120061,287212,0
35.7034,10,35703285545,73000,1
35.7113,10,35711018563,287212,0
35.7503,10,35750016065,287212,0
35.805,10,35804889603,73000,1
35.8178,10,35817726039,73000,1
35.8332,10,35833138293,73000,1
35.8335,10,35833218293,287212,0
35.8566,10,35856554353,73000,1
35.8594,10,35859316359,73000,1
35.8703,10,35870207433,73000,1
35.8754,10,35875374445,73000,1
35.8757,10,35875454445,287212,0
35.9015,10,35901418511,73000,1
35.9093,10,35909248529,73000,1
35.9146,10,35914496541,73000,1
35.9222,10,35922175559,73000,1
35.9274,10,35927333571,73000,1
35.9275,10,35927413571,73000,1
35.9302,10,35930085577,73000,1
35.9382,10,35937944595,287212,0
35.9536,10,35953573043,73000,1
35.9642,10,35964139473,73000,1
35.9775,10,35977378503,73000,1
35.9801,10,35980015509,73000,1
35.9802,10,35980113509,73000,1
35.9805,10,35980186509,287212,0
36.0042,10,36003950569,287212,0
36.0606,10,36060513519,73000,1
36.0715,10,36071195949,287212,0
36.1128,10,36112769093,73000,1
36.1334,10,36133142547,287212,0
36.1593,10,36159007019,287212,0
36.2111,10,36210851551,287212,0
36.2626,10,36262277083,287212,0
36.31,10,36309731227,287212,0
36.3611,10,36361014353,73000,1
36.377,10,36376711795,287212,0
36.4006,10,36400359855,287212,0
36.4731,10,36472774029,287212,0
36.5071,10,36507068331,73000,1
36.5177,10,36517384355,287212,0
36.5589,10,36558778457,73000,1
36.5642,10,36564123469,73000,1
36.5798,10,36579758317,73000,1
36.5824,10,36582368323,73000,1
36.5828,10,36582519323,287212,0
36.6041,10,36603797783,287212,0
36.6634,10,36663161927,287212,0
36.7031,10,36702778429,287212,0
36.7546,10,36754264367,287212,0
36.8037,10,36803623705,73000,1
36.809,10,36808941717,73000,1
36.8221,10,36821805747,287212,0
36.853,10,36852917231,73000,1
36.8557,10,36855670237,73000,1
36.8661,10,36865985667,73000,1
36.8712,10,36871116679,73000,1
36.8713,10,36871196679,73000,1
36.8713,10,36871269679,73000,1
36.8718,10,36871518679,287212,0
36.9087,10,36908418175,287212,0
36.9678,10,36967505319,287212,0
37.0118,10,37011758645,73000,1
37.0249,10,37024622675,287212,0
37.0557,10,37055646159,73000,1
37.061,10,37060931171,73000,1
37.0715,10,37071256195,287212,0
37.1085,10,37108203909,287212,0
37.1599,10,37159790035,73000,1
37.1701,10,37170071059,73000,1
37.1855,10,37185394095,73000,1
37.1935,10,37193394519,73000,1
37.1961,10,37196004525,73000,1
37.2041,10,37204005543,73000,1
37.2071,10,37206686549,394412,0
37.2535,10,37253193069,287212,0
37.3006,10,37300282183,287212,0
37.3601,10,37359771733,287212,0
37.4042,10,37404124841,73000,1
37.415,10,37414673865,287212,0
37.4587,10,37458667785,73000,1
37.4667,10,37466436803,287212,0
37.5161,10,37516036735,73000,1
37.5292,10,37528927765,287212,0
37.5678,10,37567719861,73000,1
37.5809,10,37580619891,287212,0
37.6018,10,37601702945,73000,1
37.6072,10,37606949957,287212,0
37.6564,10,37656075295,287212,0
37.7135,10,37713167651,287212,0
37.7551,10,37754982753,73000,1
37.7656,10,37765280777,287212,0
37.8072,10,37806890879,287212,0
37.8566,10,37856499811,73000,1
37.867,10,37866753835,287212,0
37.9061,10,37905804337,287212,0
37.9501,10,37950040663,73000,1
37.9581,10,37957800681,287212,0
38.0048,10,38004486795,287212,0
38.0543,10,38053999321,287212,0
38.1037,10,38103393847,287212,0
38.1636,10,38163275991,287212,0
38.2019,10,38201855087,73000,1
38.2099,10,38209625105,287212,0
38.2622,10,38261932449,287212,0
38.3061,10,38305855963,287212,0
38.3658,10,38365513905,287212,0
38.417,10,38416918843,73000,1
38.4355,10,38435415291,73000,1
38.4485,10,38448441321,73000,1
38.4514,10,38451042327,394412,0
38.5079,10,38507813277,73000,1
38.5182,10,38518140301,73000,1
38.5317,10,38531387737,287212,0
38.5549,10,38554866797,73000,1
38.5629,10,38562643815,287212,0
38.6119,10,38611834935,73000,1
38.6225,10,38622177959,287212,0
38.6517,10,38651405031,287212,0
38.7082,10,38707889387,287212,0
38.7528,10,38752535901,287212,0
38.8021,10,38801832427,287212,0
38.8516,10,38851477765,73000,1
38.8645,10,38864225795,287212,0
38.9109,10,38910579127,287212,0
38.9651,10,38965070071,73000,1
38.978,10,38977899101,73000,1
38.9986,10,38998335149,287212,0
39.0017,10,39001367161,287212,0
39.0587,10,39058674923,73000,1
39.0694,10,39069079353,287212,0
39.1004,10,39100085431,287212,0
39.1625,10,39162246393,287212,0
39.2114,10,39211091513,287212,0
39.2609,10,39260868445,73000,1
39.2742,10,39273954475,287212,0
39.3024,10,39302376547,73000,1
39.3028,10,39302714547,73000,1
39.3058,10,39305476553,287212,0
39.3632,10,39362952097,287212,0
39.4096,10,39409486211,73000,1
39.4277,10,39427392253,287212,0
39.4566,10,39456572731,73000,1
39.4723,10,39472005767,287212,0
39.501,10,39500686245,287212,0
39.5587,10,39558428789,287212,0
39.6101,10,39610005321,73000,1
39.6257,10,39625371763,287212,0
39.6671,10,39667068677,73000,1
39.6826,10,39682542713,73000,1
39.7031,10,39703023761,73000,1
39.706,10,39705651767,394412,0
39.7529,10,39752585693,287212,0
39.8148,10,39814513843,287212,0
39.8563,10,39856049757,287212,0
39.9002,10,39900160271,73000,1
39.9107,10,39910387295,287212,0
39.9653,10,39965019239,287212,0
40.002,10,40001740493,287212,0
40.0662,10,40066138055,73000,1
40.082,10,40081934091,73000,1
40.1,10,40099956133,73000,1
40.1004,10,40100045133,394412,0
40.1595,10,40159399683,73000,1
40.1703,10,40170055707,287212,0
40.202,10,40201754803,287212,0
40.2537,10,40253367335,287212,0
40.3132,10,40312891479,287212,0
40.3619,10,40361805005,73000,1
40.378,10,40377877447,73000,1
40.3911,10,40390795477,287212,0
40.4039,10,40403832513,73000,1
40.4194,10,40419110549,287212,0
40.4529,10,40452779633,73000,1
40.4582,10,40458115645,73000,1
40.4741,10,40473813087,287212,0
40.5031,10,40503011565,73000,1
40.5108,10,40510726583,73000,1
40.5239,10,40523634613,287212,0
40.5625,10,40562418709,73000,1
40.5784,10,40578116151,287212,0
40.6022,10,40601906211,287212,0
40.6562,10,40656161967,73000,1
40.669,10,40668963997,73000,1
40.6826,10,40682525845,73000,1
40.6854,10,40685135851,287212,0
40.7011,10,40700855893,287212,0
40.7525,10,40752396019,73000,1
40.7579,10,40757581031,287212,0
40.8025,10,40802391139,73000,1
40.8102,10,40810096563,73000,1
40.8258,10,40825463005,287212,0
40.854,10,40853689077,287212,0
40.9084,10,40908374833,73000,1
40.9215,10,40921220863,287212,0
40.9578,10,40957466765,287212,0
41.0022,10,41001944091,287212,0
41.0593,10,41059041447,287212,0
41.1037,10,41103589367,73000,1
41.1142,10,41113905391,287212,0
41.1532,10,41153169893,73000,1
41.1587,10,41158425905,287212,0
41.2108,10,41210744031,73000,1
41.2189,10,41218655049,287212,0
41.2598,10,41259735963,73000,1
41.2704,10,41270122987,287212,0
41.3123,10,41312194307,73000,1
41.3276,10,41327526343,73000,1
41.3455,10,41345396791,73000,1
41.3459,10,41345636791,287212,0
41.3639,10,41363822839,73000,1
41.3797,10,41379421093,287212,0
41.4138,10,41413691177,73000,1
41.4344,10,41434145225,287212,0
41.4503,10,41450014267,287212,0
41.5051,10,41504862211,287212,0
41.5568,10,41556526149,287212,0
41.6034,10,41603087075,287212,0
41.6527,10,41652652007,73000,1
41.6582,10,41657908019,287212,0
41.7151,10,41715052375,73000,1
41.7282,10,41727925405,287212,0
41.754,10,41753727877,287212,0
41.8139,10,41813832239,73000,1
41.8268,10,41826732269,73000,1
41.8398,10,41839685299,73000,1
41.8401,10,41839765299,287212,0
41.853,10,41852945335,73000,1
41.8661,10,41865764365,287212,0
41.9179,10,41917598521,287212,0
41.9565,10,41956398023,73000,1
41.9695,10,41969235053,287212,0
42.0064,10,42006071143,287212,0
42.0657,10,42065415099,287212,0
42.1097,10,42109374019,287212,0
42.1541,10,42153824533,287212,0
42.2011,10,42200780053,287212,0
42.2633,10,42263003609,287212,0
42.3123,10,42312210353,73000,1
42.3258,10,42325475789,287212,0
42.3591,10,42359056279,73000,1
42.3745,10,42374441315,73000,1
42.3877,10,42387403345,287212,0
42.4109,10,42410791405,73000,1
42.4271,10,42426838441,287212,0
42.4609,10,42460632931,287212,0
42.5098,10,42509686457,73000,1
42.5258,10,42525705311,73000,1
42.5336,10,42533563329,73000,1
42.5337,10,42533643329,73000,1
42.5366,10,42536271335,287212,0
42.5573,10,42557031389,287212,0
42.6059,10,42605862321,73000,1
42.6163,10,42616205345,73000,1
42.6272,10,42626932369,287212,0
42.6562,10,42655889847,287212,0
42.7079,10,42707581379,287212,0
42.7602,10,42759898911,287212,0
42.8086,10,42808516843,73000,1
42.8216,10,42821300873,287212,0
42.8606,10,42860576375,73000,1
42.881,10,42880949829,73000,1
42.8965,10,42896388865,73000,1
42.8993,10,42899007871,287212,0
42.9021,10,42901861883,287212,0
42.9646,10,42964567439,73000,1
42.9828,10,42982544481,287212,0
43.0061,10,43005790541,287212,0
43.0608,10,43060548673,287212,0
43.1126,10,43112501799,73000,1
43.128,10,43127913835,73000,1
43.1417,10,43141439271,287212,0
43.1549,10,43154600307,287212,0
43.2089,10,43208858439,73000,1
43.2242,10,43224163475,73000,1
43.2428,10,43242721329,73000,1
43.2482,10,43247879341,287212,0
43.2562,10,43255900365,287212,0
43.3031,10,43302835885,287212,0
43.3526,10,43352542223,73000,1
43.3578,10,43357727235,73000,1
43.3681,10,43368043259,73000,1
43.3684,10,43368116259,287212,0
43.4045,10,43404227755,287212,0
43.4565,10,43456428099,73000,1
43.4642,10,43464170117,73000,1
43.4723,10,43471974135,287212,0
43.5132,10,43513126643,73000,1
43.5238,10,43523478667,287212,0
43.5554,10,43555063963,287212,0
43.6015,10,43601230295,287212,0
43.6511,10,43651000415,73000,1
43.6591,10,43659018839,73000,1
43.6722,10,43671925681,287212,0
43.7082,10,43708107177,73000,1
43.7188,10,43718493607,287212,0
43.7503,10,43750008091,287212,0
43.8098,10,43809502859,287212,0
43.8619,10,43861785797,73000,1
43.8775,10,43877197833,287212,0
43.9085,10,43908426317,73000,1
43.9141,10,43913789329,287212,0
43.9684,10,43968162679,287212,0
44.0072,10,44007077587,73000,1
44.015,10,44014943605,73000,1
44.0278,10,44027754635,73000,1
44.0355,10,44035415653,73000,1
44.0409,10,44040626665,287212,0
44.0516,10,44051329695,287212,0
44.1038,10,44103711633,73000,1
44.1116,10,44111488651,73000,1
44.1169,10,44116789663,73000,1
44.1172,10,44116887663,287212,0
44.1689,10,44168857601,73000,1
44.1896,10,44189320649,287212,0
44.2054,10,44205109691,287212,0
44.2545,10,44254236217,287212,0
44.3066,10,44306328373,287212,0
44.3501,10,44350008699,73000,1
44.3583,10,44358025717,287212,0
44.4005,10,44400232225,287212,0
44.4573,10,44457029363,287212,0
44.512,10,44511669713,287212,0
44.5531,10,44553073221,73000,1
44.564,10,44563745657,287212,0
44.6136,10,44613319995,287212,0
44.6545,10,44654448097,73000,1
44.6679,10,44667598127,287212,0
44.7093,10,44709009635,287212,0
44.7656,10,44765483585,73000,1
44.7866,10,44786563039,73000,1
44.8025,10,44802137075,394412,0
44.8569,10,44856574019,287212,0
44.9142,10,44914165563,73000,1
44.9198,10,44919537575,287212,0
44.9586,10,44958285671,287212,0
45.0107,10,45010461609,287212,0
45.0568,10,45056532129,287212,0
45.1192,10,45119103091,73000,1
45.1272,10,45126961109,287212,0
45.1508,10,45150501169,287212,0
45.2079,10,45207809119,73000,1
45.2208,10,45220735149,73000,1
45.2311,10,45231052173,73000,1
45.2312,10,45231125173,73000,1
45.2316,10,45231267173,287212,0
45.257,10,45256972239,73000,1
45.2625,10,45262184251,287212,0
45.3096,10,45309327771,287212,0
45.3614,10,45361072115,287212,0
45.4058,10,45405681033,73000,1
45.4211,10,45420986069,73000,1
45.4318,10,45431480093,287212,0
45.4527,10,45452366147,287212,0
45.5174,10,45517314521,73000,1
45.5279,10,45527649545,287212,0
45.5513,10,45551020011,287212,0
45.6136,10,45613556785,73000,1
45.6239,10,45623864809,73000,1
45.6367,10,45636666839,73000,1
45.637,10,45636739839,287212,0
45.6601,10,45660003899,73000,1
45.6704,10,45670328329,73000,1
45.6832,10,45683139359,73000,1
45.6859,10,45685820365,73000,1
45.6862,10,45685893365,287212,0
45.7078,10,45707519231,287212,0
45.7643,10,45764191775,73000,1
45.7723,10,45772040793,287212,0
45.8117,10,45811405295,287212,0
45.858,10,45857742815,287212,0
45.9128,10,45912545353,287212,0
45.9616,10,45961477879,73000,1
45.9747,10,45974403315,287212,0
46.0009,10,46000848787,73000,1
46.0064,10,46006095205,287212,0
46.0505,10,46050250719,287212,0
46.1124,10,46112376869,73000,1
46.1278,10,46127761311,73000,1
46.1408,10,46140722747,73000,1
46.1487,10,46148383765,287212,0
46.1566,10,46156315789,287212,0
46.2001,10,46200033897,73000,1
46.2108,10,46210751921,73000,1
46.2265,10,46226414957,73000,1
46.2291,10,46229033963,73000,1
46.2346,10,46234324975,287212,0
46.2528,10,46252520023,287212,0
46.3018,10,46301548143,287212,0
46.3566,10,46356501493,73000,1
46.3647,10,46364367511,287212,0
46.4008,10,46400556413,287212,0
46.4607,10,46460622775,73000,1
46.4763,10,46475972811,287212,0
46.5048,10,46504492883,287212,0
46.5518,10,46551536997,287212,0
46.6108,10,46610693359,73000,1
46.6192,10,46618889783,287212,0
46.6558,10,46655481091,287212,0
46.7127,10,46712394229,287212,0
46.752,10,46751936731,73000,1
46.7575,10,46757183743,287212,0
46.8118,10,46811681875,73000,1
46.8249,10,46824805905,73000,1
46.8355,10,46835470335,73000,1
46.8384,10,46838080341,287212,0
46.8592,10,46858875801,287212,0
46.9209,10,46920875357,73000,1
46.942,10,46941678405,287212,0
46.9602,10,46959943859,287212,0
47.004,10,47003743373,287212,0
47.0509,10,47050867299,73000,1
47.0589,10,47058573317,287212,0
47.1153,10,47115210455,73000,1
47.1262,10,47125892885,287212,0
47.1551,10,47154806363,287212,0
47.2017,10,47201420883,287212,0
47.2562,10,47256091421,73000,1
47.2666,10,47266345445,287212,0
47.3003,10,47300006529,287212,0
47.36,10,47359721673,287212,0
47.4088,10,47408689793,73000,1
47.4215,10,47421473823,73000,1
47.4347,10,47434659853,73000,1
47.4374,10,47437287859,73000,1
47.4374,10,47437360859,73000,1
47.4402,10,47439961865,287212,0
47.4511,10,47451066301,73000,1
47.4565,10,47456251313,287212,0
47.513,10,47512942451,73000,1
47.5258,10,47525752887,73000,1
47.5366,10,47536479317,73000,1
47.5393,10,47539187323,73000,1
47.5394,10,47539285323,73000,1
47.5451,10,47544826741,287212,0
47.563,10,47562923789,73000,1
47.5762,10,47575949819,287212,0
47.6224,10,47622108339,287212,0
47.654,10,47653730823,287212,0
47.7008,10,47700513937,287212,0
47.7524,10,47752322281,73000,1
47.7576,10,47757507293,73000,1
47.7657,10,47765426311,287212,0
47.8143,10,47814220243,73000,1
47.8324,10,47832099691,287212,0
47.8513,10,47850980957,287212,0
47.9001,10,47900002077,73000,1
47.9132,10,47912875107,287212,0
47.96,10,47959748033,287212,0
48.004,10,48003734953,287212,0
48.0557,10,48055659485,73000,1
48.0713,10,48070963927,287212,0
48.1099,10,48109837429,73000,1
48.123,10,48122701459,287212,0
48.1646,10,48164327967,287212,0
48.2006,10,48200527057,73000,1
48.2058,10,48205712069,73000,1
48.2163,10,48216028093,287212,0
48.2682,10,48268160625,73000,1
48.2886,10,48288561673,73000,1
48.3117,10,48311625133,73000,1
48.3147,10,48314324139,394412,0
48.3538,10,48353678641,73000,1
48.3566,10,48356351647,287212,0
48.4087,10,48408364179,287212,0
48.4657,10,48465376129,287212,0
48.5119,10,48511831243,73000,1
48.5197,10,48519653261,73000,1
48.5302,10,48529934285,287212,0
48.5535,10,48553259751,287212,0
48.6058,10,48605710689,73000,1
48.6211,10,48621015131,73000,1
48.634,10,48633968161,73000,1
48.6392,10,48639126173,73000,1
48.6395,10,48639199173,287212,0
48.6501,10,48650035203,73000,1
48.6578,10,48657750221,73000,1
48.6659,10,48665867239,73000,1
48.6662,10,48665947239,287212,0
48.7153,10,48715264359,73000,1
48.7259,10,48725616383,287212,0
48.7545,10,48754180861,287212,0
48.8097,10,48809366805,287212,0
48.8564,10,48856159919,287212,0
48.9111,10,48911043457,73000,1
48.9217,10,48921386481,287212,0
48.9552,10,48955110565,73000,1
48.9604,10,48960366577,73000,1
48.9713,10,48971004007,287212,0
49.0077,10,49007453503,287212,0
49.0641,10,49063990265,73000,1
49.07,10,49069674683,287212,0
49.1068,10,49106528773,287212,0
49.1557,10,49155413111,287212,0
49.2047,10,49204639637,73000,1
49.2124,10,49212354655,73000,1
49.2279,10,49227659691,287212,0
49.2565,10,49256233763,287212,0
49.3162,10,49316141719,73000,1
49.3318,10,49331553161,287212,0
49.3522,10,49352143621,73000,1
49.3574,10,49357328039,73000,1
49.3679,10,49367582063,287212,0
49.4047,10,49404460965,287212,0
49.4512,10,49451119485,73000,1
49.4591,10,49458861503,287212,0
49.5009,10,49500588011,287212,0
49.5548,10,49554518143,287212,0
49.6071,10,49607068675,73000,1
49.6224,10,49622363523,73000,1
49.6353,10,49635192553,73000,1
49.6432,10,49642871571,287212,0
49.6591,10,49658795613,287212,0
49.7008,10,49700511527,287212,0
49.7546,10,49754484065,73000,1
49.755,10,49754698065,287212,0
49.81,10,49809741603,287212,0
49.8566,10,49856294123,287212,0
49.9087,10,49908621655,73000,1
49.919,10,49918973679,73000,1
49.9319,10,49931846709,73000,1
49.9322,10,49931919709,287212,0
49.9556,10,49955289769,287212,0
50.0052,10,50004898701,287212,0
50.0614,10,50061346651,73000,1
50.0695,10,50069168669,287212,0
50.1114,10,50111071771,287212,0
50.1602,10,50159930891,287212,0
50.2101,10,50209840635,287212,0
50.2589,10,50258833755,73000,1
50.2718,10,50271697785,73000,1
50.2772,10,50277087797,73000,1
50.28,10,50279706803,287212,0
50.3033,10,50303226015,73000,1
50.3091,10,50308795027,287212,0
50.3529,10,50352596135,287212,0
50.4177,10,50417446509,287212,0
50.4591,10,50458766829,287212,0
50.5138,10,50513704367,73000,1
50.5245,10,50524163391,287212,0
50.5503,10,50550241863,73000,1
50.5608,10,50560539293,287212,0
50.6208,10,50620546437,287212,0
50.6696,10,50669341369,287212,0
50.7059,10,50705859865,73000,1
50.7196,10,50719330707,287212,0
50.7608,10,50760758809,73000,1
50.7739,10,50773596839,287212,0
50.8103,10,50810235335,73000,1
50.8157,10,50815580347,73000,1
50.8239,10,50823777365,73000,1
50.8317,10,50831447383,287212,0
50.8626,10,50862559867,73000,1
50.8704,10,50870319885,73000,1
50.886,10,50885748921,287212,0
50.9093,10,50908977981,287212,0
50.9564,10,50956095095,287212,0
51.0053,10,51005212215,73000,1
51.0131,10,51013016233,73000,1
51.0187,10,51018629651,73000,1
51.0239,10,51023796663,73000,1
51.0271,10,51026801075,287212,0
51.0502,10,51050119135,73000,1
51.0579,10,51057824559,73000,1
51.0707,10,51070608589,73000,1
51.0758,10,51075748601,73000,1
51.0759,10,51075873601,73000,1
51.0763,10,51076015601,287212,0
51.1072,10,51106959085,287212,0
51.1515,10,51151239411,287212,0
51.2001,10,51200019937,73000,1
51.2078,10,51207725955,73000,1
51.2181,10,51218050979,73000,1
51.2238,10,51223503991,287212,0
51.2575,10,51257244293,287212,0
51.3039,10,51303868407,73000,1
51.3145,10,51314166431,287212,0
51.3512,10,51350946927,287212,0
51.4075,10,51407377283,73000,1
51.4155,10,51415172301,287212,0
51.4546,10,51454537803,73000,1
51.4623,10,51462252821,73000,1
51.4675,10,51467473833,73000,1
51.4754,10,51475161851,287212,0
51.5114,10,51511156347,287212,0
51.553,10,51552951667,73000,1
51.561,10,51560728685,287212,0
51.6075,10,51607432799,73000,1
51.6129,10,51612777811,73000,1
51.6233,10,51623058835,287212,0
51.6575,10,51657256451,287212,0
51.7063,10,51706008571,287212,0
51.7584,10,51758146509,287212,0
51.8047,10,51804438029,287212,0
51.8518,10,51851463955,287212,0
51.9134,10,51913113917,287212,0
51.9527,10,51952397419,287212,0
52.0018,10,52001487539,287212,0
52.054,10,52053688477,287212,0
52.1082,10,52107948609,287212,0
52.1657,10,52165370153,287212,0
52.2193,10,52219252691,73000,1
52.2325,10,52232214721,287212,0
52.2511,10,52250776769,287212,0
52.3032,10,52303094707,73000,1
52.3187,10,52318390743,287212,0
52.3706,10,52370270681,287212,0
52.4015,10,52401465165,73000,1
52.407,10,52406712177,287212,0
52.4637,10,52463634127,73000,1
52.4668,10,52466547133,287212,0
52.5032,10,52502889223,287212,0
52.563,10,52562760773,287212,0
52.6121,10,52611831299,287212,0
52.651,10,52650702801,287212,0
52.7032,10,52702886739,287212,0
52.7631,10,52762837883,287212,0
52.8303,10,52830018263,287212,0
52.8535,10,52853201323,287212,0
52.9109,10,52910835085,73000,1
52.919,10,52918693103,287212,0
52.9631,10,52962831211,287212,0
53.0048,10,53004509125,287212,0
53.0535,10,53053440245,73000,1
53.0614,10,53061155263,287212,0
53.116,10,53115761207,287212,0
53.1599,10,53159596315,287212,0
53.2145,10,53214203259,287212,0
53.2505,10,53250393755,73000,1
53.2582,10,53258108773,73000,1
53.2713,10,53271205209,73000,1
53.2765,10,53276425221,73000,1
53.282,10,53281905233,73000,1
53.2823,10,53282003233,287212,0
53.3133,10,53313036311,287212,0
53.3567,10,53356668231,73000,1
53.3647,10,53364401249,287212,0
53.4117,10,53411462175,287212,0
53.4606,10,53460346701,287212,0
53.5004,10,53500307015,73000,1
53.5081,10,53508075033,73000,1
53.5235,10,53523397475,73000,1
53.5288,10,53528528487,287212,0
53.5544,10,53554358553,73000,1
53.5571,10,53557031559,73000,1
53.565,10,53564746577,287212,0
53.6043,10,53604261485,73000,1
53.6148,10,53614524509,287212,0
53.6533,10,53653272011,73000,1
53.6613,10,53660987029,287212,0
53.7082,10,53707906549,287212,0
53.7624,10,53762093087,287212,0
53.8169,10,53816824625,73000,1
53.8373,10,53837216673,73000,1
53.8653,10,53865198739,73000,1
53.8657,10,53865278739,394412,0
53.9049,10,53904847647,73000,1
53.9105,10,53910167659,287212,0
53.9594,10,53959088591,287212,0
54.0012,10,54001133505,73000,1
54.0041,10,54003797511,287212,0
54.0578,10,54057680643,73000,1
54.0632,10,54062901655,287212,0
54.12,10,54119912605,73000,1
54.1379,10,54137810053,73000,1
54.1534,10,54153355089,73000,1
54.1538,10,54153428089,394412,0
54.2008,10,54200702421,73000,1
54.2036,10,54203490427,73000,1
54.2088,10,54208773439,73000,1
54.2115,10,54211419445,73000,1
54.2169,10,54216568457,287212,0
54.2501,10,54250006541,73000,1
54.2606,10,54260358565,287212,0
54.3025,10,54302460667,73000,1
54.3105,10,54310228685,287212,0
54.3645,10,54364247223,287212,0
54.401,10,54400966125,73000,1
54.4116,10,54411568149,73000,1
54.4273,10,54427024185,287212,0
54.4657,10,54465423093,287212,0
54.5153,10,54515051619,287212,0
54.5588,10,54558769133,73000,1
54.5694,10,54569094157,287212,0
54.6057,10,54605436059,287212,0
54.6601,10,54659829597,287212,0
54.7046,10,54704280705,287212,0
54.7511,10,54750993225,73000,1
54.759,10,54758699243,287212,0
54.8082,10,54807870769,287212,0
54.8523,10,54852223283,73000,1
54.8601,10,54859991301,73000,1
54.8679,10,54867875319,73000,1
54.8706,10,54870503325,73000,1
54.8709,10,54870576325,287212,0
54.9021,10,54901770403,287212,0
54.9512,10,54951165335,73000,1
54.9541,10,54953829341,287212,0
55.0078,10,55007775879,73000,1
55.0113,10,55010974291,287212,0
55.0678,10,55067772241,73000,1
55.091,10,55090756295,287212,0
55.1121,10,55111811755,287212,0
55.1563,10,55155986863,287212,0
55.2128,10,55212480407,287212,0
55.2573,10,55256992733,287212,0
55.3085,10,55308444859,73000,1
55.3244,10,55324124301,287212,0
55.3607,10,55360618797,73000,1
55.3713,10,55370970821,287212,0
55.4077,10,55407418911,287212,0
55.4623,10,55461989261,287212,0
55.5111,10,55510837787,287212,0
55.566,10,55565685325,287212,0
55.6048,10,55604549233,287212,0
55.6676,10,55667309195,287212,0
55.7087,10,55708416703,287212,0
55.7536,10,55753508029,73000,1
55.7692,10,55768892471,287212,0
55.8101,10,55809982979,73000,1
55.8181,10,55817848997,287212,0
55.8548,10,55854468899,287212,0
55.9038,10,55903489019,287212,0
55.9586,10,55958300963,287212,0
56.0025,10,56002232289,287212,0
56.0548,10,56054506821,287212,0
56.1063,10,56106254947,73000,1
56.1143,10,56114049965,287212,0
56.1635,10,56163402085,73000,1
56.1766,10,56176337115,287212,0
56.2079,10,56207635599,287212,0
56.2602,10,56260167537,73000,1
56.2733,10,56273013567,287212,0
56.307,10,56306674651,287212,0
56.3536,10,56353576765,73000,1
56.3616,10,56361353783,287212,0
56.4002,10,56400127879,73000,1
56.408,10,56407895897,73000,1
56.4233,10,56423218933,73000,1
56.4259,10,56425828939,73000,1
56.4262,10,56425926939,287212,0
56.4553,10,56455187229,73000,1
56.4605,10,56460408241,73000,1
56.4735,10,56473244677,287212,0
56.5094,10,56509158767,287212,0
56.5511,10,56550829275,287212,0
56.6003,10,56600029395,287212,0
56.6578,10,56657529939,287212,0
56.7089,10,56708786471,73000,1
56.7146,10,56714335483,287212,0
56.7508,10,56750553979,287212,0
56.808,10,56807752929,287212,0
56.8654,10,56865295067,73000,1
56.8733,10,56873188085,73000,1
56.8911,10,56891040533,73000,1
56.8916,10,56891271533,287212,0
56.9224,10,56922152611,287212,0
56.9719,10,56971582543,287212,0
57.0156,10,57015362651,287212,0
57.0542,10,57053895153,287212,0
57.1164,10,57116151333,287212,0
57.1578,10,57157526841,287212,0
57.2127,10,57212429379,287212,0
57.251,10,57250962475,73000,1
57.2514,10,57251105475,287212,0
57.3161,10,57315859037,287212,0
57.3525,10,57352164533,287212,0
57.4072,10,57407167893,73000,1
57.4177,10,57417448917,287212,0
57.4642,10,57463865843,287212,0
57.5006,10,57500522339,73000,1
57.5109,10,57510811363,73000,1
57.5288,10,57528726405,73000,1
57.5339,10,57533875417,73000,1
57.5365,10,57536476423,73000,1
57.5394,10,57539095429,287212,0
57.5675,10,57567410501,73000,1
57.581,10,57580935343,73000,1
57.5938,10,57593764373,73000,1
57.5939,10,57593837373,73000,1
57.5942,10,57593917373,287212,0
57.6124,10,57612370421,73000,1
57.618,10,57617698433,287212,0
57.6592,10,57658885347,287212,0
57.7033,10,57702969673,287212,0
57.7726,10,57772549059,73000,1
57.7862,10,57786100901,73000,1
57.7942,10,57793949919,287212,0
57.8074,10,57807128955,287212,0
57.867,10,57866685911,287212,0
57.9138,10,57913542025,287212,0
57.963,10,57962924957,73000,1
57.9711,10,57970835975,287212,0
58.0001,10,58000008859,73000,1
58.0082,10,58007865877,287212,0
58.0594,10,58059309003,73000,1
58.075,10,58074692257,287212,0
58.1092,10,58109174747,73000,1
58.1223,10,58121985777,287212,0
58.1633,10,58163210285,73000,1
58.1712,10,58171103303,73000,1
58.1845,10,58184229333,287212,0
58.2005,10,58200242781,287212,0
58.2545,10,58254456913,73000,1
58.26,10,58259712925,287212,0
58.3046,10,58304271439,287212,0
58.3611,10,58360861201,287212,0
58.4129,10,58412571545,287212,0
58.4619,10,58461600665,287212,0
58.504,10,58503683173,287212,0
58.5601,10,58560016123,73000,1
58.5682,10,58567882141,287212,0
58.6125,10,58612439655,73000,1
58.6332,10,58632893109,287212,0
58.6516,10,58651328157,287212,0
58.7193,10,58718995725,287212,0
58.7505,10,58750197803,287212,0
58.8178,10,58817489183,287212,0
58.8587,10,58858597285,73000,1
58.8618,10,58861483291,287212,0
58.9163,10,58916035641,287212,0
58.955,10,58954879549,73000,1
58.9629,10,58962594567,287212,0
59.0173,10,59017252323,73000,1
59.028,10,59027684347,287212,0
59.0511,10,59051072407,73000,1
59.0591,10,59058778425,287212,0
59.103,10,59102747533,287212,0
59.1503,10,59150005459,287212,0
59.2081,10,59207856003,287212,0
59.2701,10,59269810559,287212,0
59.3064,10,59306074055,287212,0
59.3512,10,59350889569,287212,0
59.4079,10,59407587113,287212,0
59.4601,10,59460046051,73000,1
59.4682,10,59467939069,287212,0
59.5043,10,59504266159,73000,1
59.5123,10,59512043177,287212,0
59.554,10,59553882497,73000,1
59.5592,10,59559138509,73000,1
59.5672,10,59566880527,287212,0
59.6109,10,59610643041,287212,0
59.6632,10,59662898385,287212,0
59.7121,10,59711845911,287212,0
59.7541,10,59753774825,287212,0
59.8029,10,59802820945,73000,1
59.8109,10,59810661369,287212,0
59.8626,10,59862568901,73000,1
59.8757,10,59875459337,287212,0
59.9195,10,59919211851,287212,0
59.9539,10,59953567559,287212,0
60.0079,10,60007601503,287212,0
60.0553,10,60054968475,287212,0
60.1069,10,60106608601,287212,0
60.1613,10,60161053357,287212,0
60.2125,10,60212201483,287212,0
60.2521,10,60251814391,287212,0
60.3086,10,60308559529,73000,1
60.3218,10,60321494559,287212,0
60.3563,10,60356002455,287212,0
60.4102,10,60410119587,73000,1
60.4256,10,60425513623,73000,1
60.4366,10,60436267647,287212,0
60.4576,10,60457296107,287212,0
60.5062,10,60505886633,287212,0
60.5635,10,60563182583,287212,0
60.6077,10,60607427097,287212,0
60.6548,10,60654480023,287212,0
60.7039,10,60703598143,287212,0
60.7561,10,60755808269,287212,0
60.8023,10,60802190789,73000,1
60.81,10,60809896807,73000,1
60.8205,10,60820221831,287212,0
60.8522,10,60851869909,287212,0
60.9116,10,60911521459,73000,1
60.9272,10,60926905901,287212,0
60.951,10,60950688367,287212,0
61.0129,10,61012636329,287212,0
61.0593,10,61059223849,73000,1
61.0724,10,61072338879,73000,1
61.0802,10,61080107303,73000,1
61.083,10,61082717309,287212,0
61.1009,10,61100804763,73000,1
61.1138,10,61113552793,287212,0
61.1634,10,61163091319,287212,0
61.2097,10,61209580433,73000,1
61.2225,10,61222444463,73000,1
61.2328,10,61232752487,73000,1
61.2357,10,61235389493,287212,0
61.2513,10,61251018535,287212,0
61.3138,10,61313705497,73000,1
61.3245,10,61324199521,287212,0
61.3637,10,61363376023,287212,0
61.4053,10,61405038531,287212,0
61.4645,10,61464400893,73000,1
61.4754,10,61475280323,73000,1
61.4933,10,61493240365,73000,1
61.4936,10,61493313365,287212,0
61.5067,10,61506590401,73000,1
61.5145,10,61514412419,73000,1
61.525,10,61524754849,287212,0
61.5567,10,61556624927,73000,1
61.57,10,61569748957,287212,0
61.6165,10,61616246883,287212,0
61.6552,10,61654867197,287212,0
61.7021,10,61701983311,73000,1
61.7075,10,61707230323,287212,0
61.7612,10,61761160455,73000,1
61.7747,10,61774398891,287212,0
61.8087,10,61808461975,287212,0
61.855,10,61854881089,73000,1
61.8604,10,61860075101,287212,0
61.9047,10,61904588615,73000,1
61.9126,10,61912303633,287212,0
61.9537,10,61953590735,73000,1
61.9591,10,61958784747,287212,0
62.0033,10,62003039667,287212,0
62.0574,10,62057074205,287212,0
62.1043,10,62104205537,73000,1
62.1097,10,62109399549,287212,0
62.1561,10,62155782069,287212,0
62.2082,10,62207940195,287212,0
62.2598,10,62259722321,73000,1
62.2726,10,62272506351,73000,1
62.2913,10,62290984799,287212,0
62.302,10,62301749829,287212,0
62.3564,10,62356105961,287212,0
62.4086,10,62408309899,287212,0
62.4654,10,62465142443,287212,0
62.5045,10,62504380757,73000,1
62.5122,10,62512157775,73000,1
62.5203,10,62519979793,287212,0
62.5587,10,62558593889,73000,1
62.569,10,62568936913,73000,1
62.5844,10,62584330949,73000,1
62.5874,10,62587351361,73000,1
62.5903,10,62590059367,287212,0
62.6012,10,62600879397,287212,0
62.6501,10,62650032517,73000,1
62.6579,10,62657792535,73000,1
62.6635,10,62663199547,287212,0
62.703,10,62702751049,287212,0
62.7571,10,62756801993,287212,0
62.8091,10,62809019149,73000,1
62.8194,10,62819362173,73000,1
62.83,10,62829714197,287212,0
62.8581,10,62858002269,73000,1
62.8634,10,62863287281,73000,1
62.8738,10,62873550305,287212,0
62.9056,10,62905350789,287212,0
62.9521,10,62951831903,287212,0
63.0014,10,63001094023,287212,0
63.0658,10,63065498397,287212,0
63.1047,10,63104613305,73000,1
63.1129,10,63112659323,287212,0
63.1641,10,63164073261,73000,1
63.1797,10,63179405297,287212,0
63.2035,10,63203231763,287212,0
63.2528,10,63252465289,287212,0
63.3067,10,63306660639,73000,1
63.3176,10,63317289663,287212,0
63.3542,10,63353900753,287212,0
63.4135,10,63413451709,73000,1
63.4294,10,63429158151,287212,0
63.4555,10,63455228217,287212,0
63.5148,10,63514536579,287212,0
63.5511,10,63551063699,73000,1
63.5565,10,63556248117,287212,0
63.6058,10,63605464237,287212,0
63.6605,10,63660204775,287212,0
63.7121,10,63711853307,287212,0
63.7595,10,63759179111,287212,0
63.8083,10,63808028637,287212,0
63.8501,10,63850021739,73000,1
63.8607,10,63860426763,287212,0
63.9122,10,63912091107,73000,1
63.9309,10,63930586367,287212,0
63.9671,10,63966776863,287212,0
64.0033,10,64003002359,287212,0
64.0552,10,64054962703,287212,0
64.1067,10,64106665829,73000,1
64.1122,10,64111939841,287212,0
64.1641,10,64163828779,287212,0
64.2027,10,64202664281,73000,1
64.2132,10,64212900305,287212,0
64.2577,10,64257618819,73000,1
64.2781,10,64278045867,73000,1
64.3036,10,64303515927,73000,1
64.3089,10,64308806939,73000,1
64.3115,10,64311407945,73000,1
64.3141,10,64314053951,73000,1
64.3145,10,64314133951,394412,0
64.354,10,64353667453,287212,0
64.4006,10,64400484567,73000,1
64.4108,10,64410711591,73000,1
64.4211,10,64420992021,73000,1
64.4214,10,64421065021,287212,0
64.4604,10,64460153887,287212,0
64.5022,10,64502091989,73000,1
64.5124,10,64512319013,73000,1
64.528,10,64527704049,287212,0
64.56,10,64559720533,287212,0
64.6037,10,64603376047,287212,0
64.6534,10,64653115791,287212,0
64.7048,10,64704548135,287212,0
64.7516,10,64751555061,73000,1
64.7596,10,64759332079,287212,0
64.8006,10,64800518993,73000,1
64.8136,10,64813328429,287212,0
64.8582,10,64857904537,287212,0
64.9071,10,64906994063,73000,1
64.9151,10,64914798081,287212,0
64.9646,10,64964345201,287212,0
65.011,10,65010719315,287212,0
65.068,10,65067883859,73000,1
65.0812,10,65080898295,287212,0
65.1049,10,65104661355,287212,0
65.1669,10,65166796317,73000,1
65.1847,10,65184676359,73000,1
65.2077,10,65207598413,73000,1
65.2106,10,65210235419,394412,0
65.252,10,65251761739,287212,0
65.3041,10,65303792677,287212,0
65.3508,10,65350539197,287212,0
65.4107,10,65410580747,73000,1
65.4263,10,65426029189,287212,0
65.4624,10,65462353497,73000,1
65.4707,10,65470623515,73000,1
65.4788,10,65478536533,287212,0
65.5048,10,65504705599,73000,1
65.5151,10,65515003623,73000,1
65.5254,10,65525293647,73000,1
65.5257,10,65525462647,287212,0
65.5623,10,65562010143,287212,0
65.6037,10,65603608651,73000,1
65.6092,10,65608926663,287212,0
65.656,10,65655748777,287212,0
65.7055,10,65705170115,287212,0
65.7568,10,65756701053,73000,1
65.7676,10,65767268077,287212,0
65.8092,10,65808939179,287212,0
65.8505,10,65850242093,287212,0
65.9025,10,65902406625,73000,1
65.9129,10,65912633649,287212,0
65.9517,10,65951398745,287212,0
66.0088,10,66008694507,73000,1
66.0194,10,66019161531,287212,0
66.0616,10,66061279633,287212,0
66.1008,10,66100769135,73000,1
66.106,10,66105963147,73000,1
66.114,10,66113696165,287212,0
66.16,10,66159963279,73000,1
66.1681,10,66167829297,287212,0
66.2098,10,66209546399,287212,0
66.2589,10,66258568519,287212,0
66.3057,10,66305452039,287212,0
66.3521,10,66351995153,73000,1
66.3575,10,66357242165,287212,0
66.4123,10,66412036109,287212,0
66.4583,10,66458186629,73000,1
66.4661,10,66465990647,73000,1
66.4767,10,66476395671,287212,0
66.5181,10,66517996179,73000,1
66.5385,10,66538459227,73000,1
66.5591,10,66559011275,73000,1
66.5672,10,66566761293,394412,0
66.6118,10,66611506807,287212,0
66.6503,10,66650022903,287212,0
66.7049,10,66704648035,287212,0
66.759,10,66758897167,73000,1
66.7721,10,66771763197,287212,0
66.801,10,66800908081,73000,1
66.8062,10,66806155093,73000,1
66.8192,10,66819124529,73000,1
66.8218,10,66821752535,73000,1
66.8272,10,66826903547,287212,0
66.8634,10,66863066043,287212,0
66.9056,10,66905301045,287212,0
66.9623,10,66961971995,287212,0
67.004,10,67003973503,73000,1
67.0145,10,67014227527,287212,0
67.0609,10,67060582453,287212,0
67.1075,10,67107465973,73000,1
67.113,10,67112739985,287212,0
67.1616,10,67161499917,73000,1
67.1694,10,67169330935,73000,1
67.1774,10,67177090953,287212,0
67.2088,10,67208767437,73000,1
67.2242,10,67224133285,73000,1
67.2348,10,67234513715,287212,0
67.2632,10,67262953787,287212,0
67.3075,10,67307377113,73000,1
67.3178,10,67317702137,73000,1
67.3281,10,67327992161,73000,1
67.3282,10,67328081161,73000,1
67.3308,10,67330691167,73000,1
67.3361,10,67335849179,287212,0
67.3519,10,67351621221,287212,0
67.4116,10,67411350177,287212,0
67.4528,10,67452501091,287212,0
67.5044,10,67504085029,287212,0
67.5585,10,67558395973,73000,1
67.5663,10,67566261991,73000,1
67.5769,10,67576614015,287212,0
67.6214,10,67621107935,287212,0
67.657,10,67656940837,73000,1
67.6626,10,67662276849,287212,0
67.7067,10,67706396363,287212,0
67.756,10,67755720889,287212,0
67.8236,10,67823486051,73000,1
67.8317,10,67831619069,73000,1
67.8447,10,67844598505,73000,1
67.845,10,67844678505,287212,0
67.8555,10,67855229535,287212,0
67.9072,10,67906895661,287212,0
67.964,10,67963899799,73000,1
67.9794,10,67979354647,73000,1
67.9951,10,67994793683,287212,0
68.0033,10,68003055707,287212,0
68.0682,10,68068175269,73000,1
68.0814,10,68081279299,73000,1
68.0968,10,68096727335,73000,1
68.1045,10,68104415353,73000,1
68.1049,10,68104488353,394412,0
68.1623,10,68162017709,287212,0
68.2139,10,68213621053,287212,0
68.2586,10,68258328973,287212,0
68.3079,10,68307607093,287212,0
68.3727,10,68372635873,73000,1
68.3882,10,68388136909,73000,1
68.4087,10,68408617363,73000,1
68.4193,10,68418888387,394412,0
68.4537,10,68453450877,287212,0
68.5003,10,68500029397,287212,0
68.5627,10,68562394765,287212,0
68.6089,10,68608830879,73000,1
68.627,10,68626736921,287212,0
68.6559,10,68655588399,287212,0
68.7049,10,68704831519,73000,1
68.7129,10,68712608537,287212,0
68.7624,10,68762085469,287212,0
68.8237,10,68823459431,287212,0
68.8707,10,68870404951,287212,0
68.9018,10,68901543841,287212,0
68.9566,10,68956338973,287212,0
69.0029,10,69002826493,73000,1
69.0084,10,69008081911,287212,0
69.0501,10,69050012419,73000,1
69.0705,10,69070412873,73000,1
69.0885,10,69088433727,73000,1
69.0911,10,69091043733,73000,1
69.0939,10,69093662739,287212,0
69.1042,10,69104142175,73000,1
69.1148,10,69114502199,287212,0
69.1618,10,69161499343,287212,0
69.2056,10,69205566451,73000,1
69.2211,10,69220861893,287212,0
69.2527,10,69252368971,287212,0
69.304,10,69303704909,287212,0
69.3691,10,69368805471,287212,0
69.4052,10,69404894591,287212,0
69.4543,10,69454182117,73000,1
69.4624,10,69462289541,73000,1
69.4779,10,69477612577,287212,0
69.5093,10,69508980873,287212,0
69.551,10,69550732381,287212,0
69.6003,10,69600035125,287212,0
69.6514,10,69651281063,73000,1
69.6571,10,69656841081,287212,0
69.7116,10,69711339025,287212,0
69.7506,10,69750328121,287212,0
69.8151,10,69814840495,287212,0
69.851,10,69850940397,73000,1
69.8539,10,69853604403,287212,0
69.9013,10,69901031923,287212,0
69.9584,10,69958133061,287212,0
70.0054,10,70005114581,287212,0
70.0753,10,70075019561,287212,0
70.1014,10,70101099033,287212,0
70.1525,10,70152451565,73000,1
70.1605,10,70160166583,287212,0
70.2074,10,70207121103,287212,0
70.2537,10,70253378435,287212,0
70.316,10,70315913209,73000,1
70.3239,10,70323824227,73000,1
70.3342,10,70334114251,73000,1
70.3345,10,70334203251,287212,0
70.3553,10,70355035305,287212,0
70.4021,10,70401855043,287212,0
70.4637,10,70463391193,287212,0
70.5031,10,70502846695,287212,0
70.5673,10,70567010663,287212,0
70.6067,10,70606428165,287212,0
70.6634,10,70663137115,287212,0
70.7001,10,70700061205,73000,1
70.7003,10,70700204205,73000,1
70.7132,10,70712952235,287212,0
70.7519,10,70751808331,73000,1
70.7573,10,70756993343,287212,0
70.8063,10,70806263869,73000,1
70.8193,10,70819038305,287212,0
70.855,10,70854898207,73000,1
70.8602,10,70860154219,73000,1
70.8657,10,70865375231,287212,0
70.9024,10,70902146133,287212,0
70.9613,10,70961045683,287212,0
71.0029,10,71002778597,73000,1
71.0131,10,71013076621,73000,1
71.0312,10,71030929663,287212,0
71.0573,10,71057028729,287212,0
71.1017,10,71101657055,73000,1
71.1044,10,71104321061,73000,1
71.1197,10,71119599097,73000,1
71.1225,10,71122227103,287212,0
71.1537,10,71153420587,287212,0
71.2056,10,71205492713,73000,1
71.2086,10,71208316719,287212,0
71.2575,10,71257165651,287212,0
71.3098,10,71309535589,287212,0
71.3661,10,71366066133,73000,1
71.3866,10,71386531181,73000,1
71.4055,10,71405126223,394412,0
71.4622,10,71461912361,287212,0
71.5035,10,71503465869,73000,1
71.5194,10,71519073717,287212,0
71.5629,10,71562621825,287212,0
71.6068,10,71606760745,73000,1
71.6176,10,71617336769,287212,0
71.6514,10,71651311853,73000,1
71.6592,10,71659079871,73000,1
71.6724,10,71672067901,287212,0
71.7141,10,71713997627,73000,1
71.7297,10,71729453663,287212,0
71.7635,10,71763177747,287212,0
71.8048,10,71804750255,73000,1
71.8157,10,71815425279,287212,0
71.8696,10,71869324035,287212,0
71.9007,10,71900614113,73000,1
71.9037,10,71903367119,287212,0
71.9583,10,71958027063,287212,0
72.0104,10,72010123001,287212,0
72.0568,10,72056700333,73000,1
72.0648,10,72064506351,287212,0
72.1061,10,72106025859,73000,1
72.1142,10,72114169283,73000,1
72.1199,10,72119782701,73000,1
72.12,10,72119933701,73000,1
72.1201,10,72120013701,73000,1
72.1278,10,72127701719,73000,1
72.133,10,72132912731,73000,1
72.1384,10,72138133743,287212,0
72.1512,10,72151170779,73000,1
72.1592,10,72158876203,287212,0
72.2104,10,72210149329,287212,0
72.2545,10,72254430843,73000,1
72.2573,10,72257227849,73000,1
72.2653,10,72265031867,287212,0
72.3011,10,72301044957,73000,1
72.3089,10,72308812975,73000,1
72.322,10,72321928005,73000,1
72.3221,10,72322026005,73000,1
72.3301,10,72330027023,73000,1
72.3327,10,72332637029,73000,1
72.333,10,72332710029,287212,0
72.3567,10,72356393089,287212,0
72.4028,10,72402526203,287212,0
72.4652,10,72464866759,287212,0
72.5065,10,72506198861,287212,0
72.5504,10,72550364781,73000,1
72.5558,10,72555549793,287212,0
72.6098,10,72609549925,287212,0
72.6619,10,72661625269,287212,0
72.7004,10,72700364771,73000,1
72.7134,10,72713112801,287212,0
72.7501,10,72750036297,73000,1
72.763,10,72762900327,73000,1
72.7761,10,72775791357,287212,0
72.802,10,72801941423,73000,1
72.8097,10,72809647441,73000,1
72.8228,10,72822493471,287212,0
72.8572,10,72856871585,287212,0
72.9117,10,72911370529,287212,0
72.9513,10,72951001031,287212,0
73.0135,10,73013223181,287212,0
73.0524,10,73052337683,73000,1
73.0553,10,73055001689,287212,0
73.1115,10,73111227233,287212,0
73.166,10,73165726583,287212,0
73.2123,10,73212028697,287212,0
73.2564,10,73256355051,73000,1
73.2695,10,73269192081,287212,0
73.3157,10,73315396195,287212,0
73.3603,10,73360239709,73000,1
73.3733,10,73373050739,287212,0
73.407,10,73406756823,287212,0
73.4514,10,73451305149,73000,1
73.4594,10,73459135167,287212,0
73.5033,10,73503043275,287212,0
73.5628,10,73562771449,73000,1
73.5782,10,73578094485,73000,1
73.6011,10,73601006945,73000,1
73.604,10,73603652951,394412,0
73.6565,10,73656176889,287212,0
73.7008,10,73700547809,287212,0
73.7629,10,73762869959,73000,1
73.7736,10,73773283983,287212,0
73.8148,10,73814542897,287212,0
73.8539,10,73853833805,73000,1
73.8697,10,73869423653,287212,0
73.903,10,73902948361,73000,1
73.9161,10,73915829391,287212,0
73.9529,10,73952652887,287212,0
74.0046,10,74004318825,287212,0
74.0565,10,74056208357,287212,0
74.1082,10,74107935295,287212,0
74.1569,10,74156802821,73000,1
74.168,10,74167744845,287212,0
74.21,10,74209719353,287212,0
74.256,10,74255887873,73000,1
74.2617,10,74261421885,287212,0
74.3033,10,74303056393,287212,0
74.3652,10,74364959543,287212,0
74.4141,10,74413997663,73000,1
74.4297,10,74429455105,287212,0
74.4532,10,74453147165,73000,1
74.456,10,74455882171,73000,1
74.4771,10,74476845031,287212,0
74.5007,10,74500599091,73000,1
74.5086,10,74508305109,287212,0
74.5575,10,74557476635,73000,1
74.5684,10,74568105065,287212,0
74.6096,10,74609499167,73000,1
74.6274,10,74627325209,73000,1
74.6504,10,74650369481,73000,1
74.6534,10,74652970487,394412,0
74.708,10,74707895837,73000,1
74.7211,10,74720830867,287212,0
74.7522,10,74751916945,287212,0
74.802,10,74801687877,287212,0
74.8506,10,74850537809,73000,1
74.8561,10,74855784821,287212,0
74.9086,10,74908297165,287212,0
74.9577,10,74957414691,287212,0
75.0176,10,75017321653,287212,0
75.0514,10,75051089737,287212,0
75.1032,10,75103158269,73000,1
75.1085,10,75108476281,73000,1
75.1163,10,75116236299,73000,1
75.1242,10,75123906317,287212,0
75.1627,10,75162591819,73000,1
75.1757,10,75175402849,287212,0
75.2019,10,75201875727,73000,1
75.2122,10,75212102751,73000,1
75.2203,10,75219986175,287212,0
75.2539,10,75253789665,73000,1
75.2616,10,75261504683,73000,1
75.2718,10,75271767707,73000,1
75.2747,10,75274368713,287212,0
75.3164,10,75316120815,287212,0
75.3503,10,75350011711,287212,0
75.4125,10,75412431861,73000,1
75.4206,10,75420262879,287212,0
75.4595,10,75459258381,287212,0
75.5116,10,75511479913,73000,1
75.5244,10,75524352943,73000,1
75.5373,10,75537243973,73000,1
75.5402,10,75539933979,287212,0
75.5559,10,75555590021,287212,0
75.6053,10,75605216547,73000,1
75.6183,10,75618035577,287212,0
75.6571,10,75656855485,287212,0
75.7092,10,75708929851,287212,0
75.7559,10,75755572965,287212,0
75.8025,10,75802241485,287212,0
75.8595,10,75859251653,287212,0
75.9113,10,75911238997,73000,1
75.9241,10,75924040433,73000,1
75.9294,10,75929352445,73000,1
75.932,10,75931953451,73000,1
75.9349,10,75934625457,287212,0
75.9505,10,75950380499,73000,1
75.9534,10,75953106505,287212,0
76.0051,10,76004809037,287212,0
76.0543,10,76054033375,287212,0
76.1086,10,76108514913,73000,1
76.1192,10,76119090343,73000,1
76.1371,10,76136996385,73000,1
76.145,10,76144675403,287212,0
76.1529,10,76152633833,287212,0
76.2041,10,76203985771,73000,1
76.207,10,76206971183,73000,1
76.2125,10,76212227195,287212,0
76.2561,10,76256052115,73000,1
76.2614,10,76261326127,73000,1
76.2667,10,76266608545,73000,1
76.272,10,76271890557,73000,1
76.2723,10,76271979557,287212,0
76.3007,10,76300375035,287212,0
76.3504,10,76350082155,287212,0
76.4094,10,76409096299,287212,0
76.4589,10,76458633231,287212,0
76.5053,10,76505220345,73000,1
76.5161,10,76515857775,287212,0
76.5525,10,76552412677,73000,1
76.5605,10,76560180695,287212,0
76.6044,10,76604094803,287212,0
76.6618,10,76661544753,287212,0
76.7131,10,76713050879,73000,1
76.7265,10,76726236909,287212,0
76.7678,10,76767773417,73000,1
76.7782,10,76778151847,73000,1
76.7839,10,76783585859,287212,0
76.802,10,76801923907,73000,1
76.8072,10,76807108919,73000,1
76.8124,10,76812320931,73000,1
76.8175,10,76817451943,73000,1
76.8178,10,76817524943,287212,0
76.8625,10,76862209457,287212,0
76.9062,10,76906150565,73000,1
76.909,10,76908912571,73000,1
76.912,10,76911665577,287212,0
76.9538,10,76953469491,287212,0
77.0003,10,77000005605,287212,0
77.0552,10,77054870579,287212,0
77.1067,10,77106428111,287212,0
77.1537,10,77153435037,287212,0
77.2001,10,77200002963,73000,1
77.2104,10,77210371799,73000,1
77.2186,10,77218326817,287212,0
77.263,10,77262926081,73000,1
77.2737,10,77273367105,287212,0
77.3071,10,77307062001,73000,1
77.3102,10,77309879007,287212,0
77.3619,10,77361848351,73000,1
77.3749,10,77374650381,287212,0
77.4031,10,77403009859,73000,1
77.4109,10,77410786877,73000,1
77.419,10,77418670895,287212,0
77.4659,10,77465633821,287212,0
77.5092,10,77509164929,73000,1
77.5173,10,77516968947,287212,0
77.5642,10,77563958467,287212,0
77.6105,10,77610437987,73000,1
77.631,10,77630935441,73000,1
77.6547,10,77654651901,73000,1
77.6551,10,77654724901,394412,0
77.7018,10,77701699015,73000,1
77.7072,10,77706884027,287212,0
77.7589,10,77758620371,287212,0
77.8156,10,77815327915,287212,0
77.8572,10,77857105423,73000,1
77.8601,10,77859982429,73000,1
77.8782,10,77877887877,287212,0
77.9089,10,77908812361,73000,1
77.9142,10,77914175373,73000,1
77.9323,10,77932020821,287212,0
77.951,10,77950688275,287212,0
78.0003,10,78000269207,73000,1
78.0084,10,78008064225,287212,0
78.0524,10,78052307957,73000,1
78.0578,10,78057501969,287212,0
78.1171,10,78116820519,287212,0
78.1505,10,78150169603,287212,0
78.2077,10,78207394553,287212,0
78.2516,10,78251290067,287212,0
78.3086,10,78308551829,73000,1
78.324,10,78323936865,73000,1
78.3422,10,78341878907,287212,0
78.3607,10,78360412361,287212,0
78.41,10,78409689293,287212,0
78.4647,10,78464375831,287212,0
78.5058,10,78505715339,73000,1
78.5214,10,78521072781,287212,0
78.5524,10,78552291265,73000,1
78.555,10,78554955271,73000,1
78.5553,10,78555231271,73000,1
78.5581,10,78557832277,287212,0
78.6154,10,78615157227,287212,0
78.6617,10,78661369747,287212,0
78.7113,10,78710968085,287212,0
78.7601,10,78760059205,73000,1
78.7633,10,78762972211,287212,0
78.8051,10,78805017125,73000,1
78.8078,10,78807752131,73000,1
78.8233,10,78823048167,287212,0
78.8597,10,78859459663,287212,0
78.9119,10,78911624105,287212,0
78.9609,10,78960574225,287212,0
79.0003,10,79000026727,287212,0
79.0569,10,79056618271,287212,0
79.1092,10,79108917021,287212,0
79.1706,10,79170281983,287212,0
79.205,10,79204924473,73000,1
79.213,10,79212701491,287212,0
79.2618,10,79261729611,73000,1
79.2721,10,79272037041,73000,1
79.283,10,79282692471,287212,0
79.3169,10,79316656961,287212,0
79.3609,10,79360570287,287212,0
79.4104,10,79410098051,287212,0
79.4516,10,79451323153,287212,0
79.5008,10,79500736679,73000,1
79.5113,10,79510963109,287212,0
79.5574,10,79557352441,73000,1
79.5704,10,79570136471,287212,0
79.6049,10,79604645373,287212,0
79.6562,10,79655864905,287212,0
79.7029,10,79702791831,73000,1
79.7106,10,79710568849,73000,1
79.7187,10,79718390867,287212,0
79.7524,10,79752085951,287212,0
79.8223,10,79822250525,73000,1
79.838,10,79837689561,287212,0
79.8562,10,79855910015,287212,0
79.9134,10,79913143777,287212,0
79.9547,10,79954403879,287212,0
80.0046,10,80004352405,287212,0
80.0537,10,80053388337,287212,0
80.1003,10,80100002263,287212,0
80.1599,10,80159624219,287212,0
80.2064,10,80206328739,73000,1
80.2145,10,80214436757,73000,1
80.2275,10,80227238787,287212,0
80.2634,10,80263367283,73000,1
80.279,10,80278698725,287212,0
80.3077,10,80307674203,73000,1
80.3185,10,80318249633,287212,0
80.3624,10,80362148741,287212,0
80.4045,10,80404232249,287212,0
80.4613,10,80461019605,287212,0
80.5027,10,80502431113,287212,0
80.5598,10,80559506063,287212,0
80.6141,10,80613826007,287212,0
80.6632,10,80662953533,287212,0
80.7202,10,80719883483,287212,0
80.7617,10,80761642397,73000,1
80.7746,10,80774515427,73000,1
80.7875,10,80787467863,73000,1
80.7904,10,80790104869,287212,0
80.8087,10,80808406323,287212,0
80.8508,10,80850488643,287212,0
80.9048,10,80904727587,73000,1
80.9153,10,80915025611,287212,0
80.9545,10,80954254331,287212,0
81.0014,10,81001119445,287212,0
81.0533,10,81053276383,73000,1
81.056,10,81055976389,73000,1
81.0689,10,81068795419,73000,1
81.0692,10,81068875419,287212,0
81.1026,10,81102507909,73000,1
81.1106,10,81110275927,287212,0
81.1504,10,81150157835,287212,0
81.2199,10,81219631003,287212,0
81.2615,10,81261381917,73000,1
81.2695,10,81269203935,287212,0
81.3003,10,81300021419,287212,0
81.3703,10,81370049399,287212,0
81.4039,10,81403585483,287212,0
81.4558,10,81455528233,287212,0
81.5095,10,81509429583,73000,1
81.5277,10,81527379031,287212,0
81.5666,10,81566536939,73000,1
81.5797,10,81579436375,287212,0
81.6107,10,81610424453,287212,0
81.6578,10,81657682567,73000,1
81.6658,10,81665548585,287212,0
81.7023,10,81701970675,287212,0
81.757,10,81756968025,73000,1
81.7752,10,81774875473,287212,0
81.8008,10,81800748351,73000,1
81.8038,10,81803536357,287212,0
81.8533,10,81853206289,73000,1
81.8612,10,81860921307,287212,0
81.9026,10,81902314409,287212,0
81.9576,10,81957278353,287212,0
82.0167,10,82016596309,73000,1
82.0245,10,82024454327,73000,1
82.0428,10,82042734775,73000,1
82.0456,10,82045353781,287212,0
82.0514,10,82051076799,287212,0
82.1159,10,82115616361,287212,0
82.1579,10,82157609869,287212,0
82.2065,10,82206386801,73000,1
82.2144,10,82214119819,287212,0
82.2589,10,82258819145,73000,1
82.2771,10,82276796187,287212,0
82.308,10,82307926265,73000,1
82.3186,10,82318331289,287212,0
82.3608,10,82360511609,287212,0
82.4123,10,82412041547,287212,0
82.451,10,82450921049,73000,1
82.4567,10,82456419061,287212,0
82.5059,10,82505643587,287212,0
82.5549,10,82554832113,73000,1
82.5657,10,82565381137,287212,0
82.6096,10,82609517651,73000,1
82.62,10,82619922675,73000,1
82.6357,10,82635398117,287212,0
82.6593,10,82658982583,287212,0
82.7113,10,82711050115,287212,0
82.7501,10,82750010023,73000,1
82.7633,10,82763214053,73000,1
82.779,10,82778939089,73000,1
82.7818,10,82781540095,287212,0
82.8052,10,82804937561,287212,0
82.865,10,82864878923,73000,1
82.8832,10,82883124371,73000,1
82.8939,10,82893583395,287212,0
82.9096,10,82909345843,287212,0
82.9636,10,82963344975,287212,0
83.0079,10,83007821895,73000,1
83.0209,10,83020623331,287212,0
83.062,10,83061909433,73000,1
83.0753,10,83075179463,73000,1
83.0887,10,83088454493,287212,0
83.1119,10,83111860365,73000,1
83.13,10,83129712813,287212,0
83.1584,10,83158322885,73000,1
83.1743,10,83174020921,287212,0
83.2079,10,83207868411,73000,1
83.2233,10,83223191447,73000,1
83.239,10,83238728889,287212,0
83.2518,10,83251738925,73000,1
83.2646,10,83264548955,73000,1
83.2754,10,83275293385,73000,1
83.2757,10,83275373385,287212,0
83.3123,10,83312224881,73000,1
83.3304,10,83330130329,287212,0
83.3662,10,83366088825,73000,1
83.39,10,83389753285,287212,0
83.4057,10,83405382327,287212,0
83.4547,10,83454649853,73000,1
83.4602,10,83459905865,287212,0
83.5073,10,83507046197,287212,0
83.5562,10,83555956723,287212,0
83.6029,10,83602792867,73000,1
83.6109,10,83610569885,287212,0
83.6552,10,83654868399,287212,0
83.7152,10,83714918949,287212,0
83.7539,10,83753790045,73000,1
83.7566,10,83756543051,73000,1
83.762,10,83761755063,287212,0
83.804,10,83803753789,287212,0
83.8608,10,83860514739,287212,0
83.9025,10,83902177247,287212,0
83.959,10,83958743791,287212,0
84.0057,10,84005662717,73000,1
84.0185,10,84018437153,73000,1
84.0341,10,84033769189,287212,0
84.0548,10,84054503243,287212,0
84.1125,10,84112202787,287212,0
84.1614,10,84161123313,287212,0
84.2084,10,84208130833,287212,0
84.2649,10,84264854783,73000,1
84.2778,10,84277745813,73000,1
84.3067,10,84306326879,394412,0
84.361,10,84360664417,287212,0
84.4051,10,84404855931,287212,0
84.4546,10,84454482863,73000,1
84.4625,10,84462226881,287212,0
84.5169,10,84516859825,73000,1
84.5376,10,84537313279,287212,0
84.5608,10,84560702339,73000,1
84.5765,10,84576211593,287212,0
84.6078,10,84607466483,287212,0
84.6622,10,84661887021,287212,0
84.7115,10,84711201547,287212,0
84.7501,10,84750029455,73000,1
84.7605,10,84760418479,73000,1
84.7758,10,84775768515,73000,1
84.7788,10,84778476521,287212,0
84.8075,10,84807397999,73000,1
84.8127,10,84812672011,73000,1
84.8211,10,84820790435,287212,0
84.8625,10,84862236537,287212,0
84.9043,10,84904021639,287212,0
84.9595,10,84959199177,287212,0
85.0086,10,85008326297,287212,0
85.0506,10,85050318211,287212,0
85.1046,10,85104513749,73000,1
85.1098,10,85109769761,73000,1
85.1283,10,85128221209,73000,1
85.1311,10,85130849215,287212,0
85.167,10,85166744117,287212,0
85.2055,10,85205385213,73000,1
85.2188,10,85218472649,287212,0
85.2601,10,85259991157,73000,1
85.2807,10,85280364017,287212,0
85.3119,10,85311591095,287212,0
85.3537,10,85353387009,287212,0
85.4028,10,85402558129,287212,0
85.4526,10,85452556075,73000,1
85.4603,10,85460271093,73000,1
85.4756,10,85475576129,73000,1
85.4783,10,85478195135,73000,1
85.4836,10,85483326147,287212,0
85.5093,10,85509040213,287212,0
85.5666,10,85566309569,287212,0
85.6031,10,85602778659,287212,0
85.6603,10,85660060015,287212,0
85.7117,10,85711432141,287212,0
85.756,10,85755883061,73000,1
85.7663,10,85766262491,73000,1
85.7767,10,85776632515,73000,1
85.7768,10,85776721515,73000,1
85.7794,10,85779322521,73000,1
85.7898,10,85789521951,287212,0
85.8056,10,85805295993,287212,0
85.8677,10,85867619549,73000,1
85.8833,10,85883031585,287212,0
85.9141,10,85913991475,73000,1
85.9273,10,85927007911,287212,0
85.9537,10,85953632383,73000,1
85.9564,10,85956332389,73000,1
85.9669,10,85966630413,287212,0
86.0003,10,86000040903,287212,0
86.0501,10,86050032429,73000,1
86.0607,10,86060437453,287212,0
86.1125,10,86112216391,287212,0
86.1618,10,86161735917,73000,1
86.1724,10,86172078347,287212,0
86.2083,10,86208017249,287212,0
86.2554,10,86255140769,287212,0
86.3075,10,86307209895,287212,0
86.3546,10,86354477009,73000,1
86.3649,10,86364837033,73000,1
86.3778,10,86377727469,73000,1
86.3781,10,86377800469,287212,0
86.4013,10,86401259935,73000,1
86.4144,10,86414069965,287212,0
86.4566,10,86456319473,287212,0
86.5004,10,86500374799,73000,1
86.5082,10,86508080817,73000,1
86.5187,10,86518405841,287212,0
86.5607,10,86560413755,287212,0
86.6021,10,86601779263,287212,0
86.6648,10,86664474819,287212,0
86.7109,10,86710830339,73000,1
86.7237,10,86723641369,73000,1
86.7394,10,86739097405,287212,0
86.7603,10,86760188865,73000,1
86.7708,10,86770764295,73000,1
86.7839,10,86783628325,287212,0
86.8072,10,86806954791,287212,0
86.8564,10,86856162317,287212,0
86.9106,10,86910494261,73000,1
86.9262,10,86925887703,287212,0
86.9522,10,86952135175,73000,1
86.9579,10,86957632593,287212,0
87.0047,10,87004441925,287212,0
87.0642,10,87063956475,287212,0
87.103,10,87102909571,73000,1
87.1134,10,87113145001,287212,0
87.1545,10,87154208509,287212,0
87.209,10,87208903859,73000,1
87.2218,10,87221687295,73000,1
87.2346,10,87234559731,73000,1
87.2373,10,87237187737,73000,1
87.2451,10,87244857755,287212,0
87.2507,10,87250411773,287212,0
87.3133,10,87313044735,287212,0
87.3545,10,87354465837,73000,1
87.3651,10,87364763861,287212,0
87.4145,10,87414195199,287212,0
87.4656,10,87465494731,73000,1
87.4738,10,87473717561,73000,1
87.4869,10,87486841591,73000,1
87.4874,10,87487063591,287212,0
87.5031,10,87502791633,287212,0
87.5542,10,87554125977,73000,1
87.562,10,87561966995,73000,1
87.5804,10,87580133037,287212,0
87.6041,10,87604023097,73000,1
87.6171,10,87616807127,287212,0
87.6557,10,87655375629,287212,0
87.711,10,87710686573,287212,0
87.7652,10,87764953111,287212,0
87.8099,10,87809850625,73000,1
87.8177,10,87817672643,73000,1
87.8381,10,87838037097,73000,1
87.8383,10,87838206097,73000,1
87.8462,10,87845876115,287212,0
87.8517,10,87851367133,287212,0
87.9092,10,87909094677,73000,1
87.927,10,87926965125,73000,1
87.95,10,87949948585,73000,1
87.9504,10,87950028585,394412,0
88.0001,10,88000013329,73000,1
88.0079,10,88007792347,73000,1
88.0159,10,88015614365,287212,0
88.0574,10,88057105467,287212,0
88.1124,10,88112113411,287212,0
88.1586,10,88158521931,73000,1
88.1691,10,88168846361,287212,0
88.2109,10,88210608275,287212,0
88.2622,10,88261952807,287212,0
88.3016,10,88301270121,287212,0
88.3529,10,88352837059,73000,1
88.3659,10,88365656089,287212,0
88.4106,10,88410277197,287212,0
88.4596,10,88459334317,287212,0
88.5042,10,88503872643,287212,0
88.5531,10,88552802763,287212,0
88.623,10,88622686743,287212,0
88.6515,10,88651250221,287212,0
88.7038,10,88703541347,287212,0
88.7659,10,88765650497,287212,0
88.8074,10,88807143599,287212,0
88.8564,10,88856322937,73000,1
88.8793,10,88879269209,73000,1
88.8974,10,88897318251,73000,1
88.9054,10,88905363269,73000,1
88.908,10,88907973275,73000,1
88.9085,10,88908062275,394412,0
88.9528,10,88952503195,287212,0
89.0097,10,89009370739,287212,0
89.0562,10,89056146071,73000,1
89.0615,10,89061429083,73000,1
89.0696,10,89069295101,287212,0
89.1005,10,89100167179,287212,0
89.1523,10,89152010117,287212,0
89.2144,10,89214368079,73000,1
89.2354,10,89235161533,287212,0
89.2588,10,89258496593,287212,0
89.3155,10,89315202949,287212,0
89.362,10,89361961063,73000,1
89.3727,10,89372438493,287212,0
89.4012,10,89400960565,287212,0
89.4558,10,89455505103,287212,0
89.5075,10,89507474041,73000,1
89.5106,10,89510298047,287212,0
89.5599,10,89559835573,73000,1
89.5753,10,89575220609,73000,1
89.5857,10,89585599633,73000,1
89.5886,10,89588298639,287212,0
89.6069,10,89606645687,287212,0
89.6587,10,89658666437,73000,1
89.6617,10,89661428443,287212,0
89.7031,10,89702830545,287212,0
89.7559,10,89755598057,287212,0
89.81,10,89809696189,287212,0
89.8521,10,89852000103,73000,1
89.8598,10,89859706121,73000,1
89.8726,10,89872490151,73000,1
89.8729,10,89872570151,287212,0
89.9063,10,89906222641,73000,1
89.914,10,89913955659,73000,1
89.9299,10,89929573101,287212,0
89.9613,10,89960982179,287212,0
90.0021,10,90002063687,73000,1
90.0098,10,90009769705,73000,1
90.0176,10,90017573723,73000,1
90.0229,10,90022793735,73000,1
90.0282,10,90027951747,287212,0
90.0549,10,90054566625,287212,0
90.1013,10,90100967739,287212,0
90.1509,10,90150575077,287212,0
90.2022,10,90202168421,73000,1
90.2076,10,90207353433,287212,0
90.2623,10,90262272971,73000,1
90.2729,10,90272615995,287212,0
90.3039,10,90303612479,287212,0
90.3635,10,90363432029,73000,1
90.3767,10,90376367059,287212,0
90.4048,10,90404691131,73000,1
90.415,10,90414926561,73000,1
90.4253,10,90425269585,73000,1
90.4256,10,90425342585,287212,0
90.4548,10,90454740281,73000,1
90.4626,10,90462482299,73000,1
90.4703,10,90470224317,73000,1
90.4782,10,90477903335,287212,0
90.5119,10,90511564419,287212,0
90.5511,10,90550840921,287212,0
90.6003,10,90600003247,287212,0
90.655,10,90654715003,287212,0
90.7042,10,90703950123,287212,0
90.7532,10,90753077649,73000,1
90.7612,10,90761105667,73000,1
90.7665,10,90766388679,73000,1
90.7666,10,90766477679,73000,1
90.7668,10,90766557679,287212,0
90.8078,10,90807755781,73000,1
90.8207,10,90820601811,73000,1
90.8387,10,90838596853,73000,1
90.8415,10,90841233859,287212,0
90.855,10,90854699895,287212,0
90.9093,10,90909010839,287212,0
90.951,10,90950930003,73000,1
90.9618,10,90961469433,287212,0
91.0032,10,91003129941,73000,1
91.016,10,91015948377,73000,1
91.0241,10,91023797395,287212,0
91.063,10,91062679491,287212,0
91.1072,10,91106958805,287212,0
91.1512,10,91151133913,73000,1
91.1593,10,91159214931,73000,1
91.1701,10,91169810955,287212,0
91.2088,10,91208720051,73000,1
91.2216,10,91221504081,73000,1
91.2321,10,91231982105,73000,1
91.2374,10,91237122117,287212,0
91.2612,10,91260885583,287212,0
91.3082,10,91307902103,287212,0
91.3701,10,91369856065,287212,0
91.4012,10,91400888349,287212,0
91.4683,10,91468214323,73000,1
91.4819,10,91481571353,287212,0
91.5076,10,91507355825,287212,0
91.559,10,91558682951,287212,0
91.6141,10,91613987489,73000,1
91.627,10,91626878519,73000,1
91.6451,10,91644811561,287212,0
91.6604,10,91660333009,73000,1
91.6739,10,91673598445,287212,0
91.71,10,91709969535,73000,1
91.7206,10,91720356559,287212,0
91.7515,10,91751426043,73000,1
91.7645,10,91764174073,287212,0
91.8138,10,91813684599,73000,1
91.8242,10,91824162623,73000,1
91.8374,10,91837064653,287212,0
91.8502,10,91850136689,73000,1
91.8583,10,91858047707,287212,0
91.9024,10,91902365221,73000,1
91.9102,10,91910133239,73000,1
91.918,10,91917955257,73000,1
91.9232,10,91923104269,73000,1
91.9235,10,91923211269,287212,0
91.9573,10,91956997353,287212,0
92.0046,10,92004326873,287212,0
92.0686,10,92068572029,73000,1
92.0871,10,92086827071,287212,0
92.108,10,92107927737,73000,1
92.1183,10,92118270167,73000,1
92.1288,10,92128560191,287212,0
92.1519,10,92151780251,73000,1
92.1549,10,92154570257,287212,0
92.2074,10,92207297789,73000,1
92.2154,10,92215101807,287212,0
92.2538,10,92253759309,73000,1
92.2569,10,92256638315,287212,0
92.3067,10,92306365247,287212,0
92.3631,10,92363065385,73000,1
92.3737,10,92373419409,287212,0
92.4028,10,92402476293,287212,0
92.4644,10,92464146443,287212,0
92.5241,10,92523847399,287212,0
92.5656,10,92565266907,287212,0
92.6025,10,92602235809,287212,0
92.6616,10,92661537953,73000,1
92.6772,10,92676931395,287212,0
92.7089,10,92708811879,73000,1
92.7267,10,92726655921,73000,1
92.7422,10,92742138363,73000,1
92.7476,10,92747278375,287212,0
92.7604,10,92760358817,73000,1
92.7758,10,92775708853,73000,1
92.7939,10,92793581301,287212,0
92.815,10,92814922761,73000,1
92.8204,10,92820312773,73000,1
92.8309,10,92830593797,287212,0
92.8617,10,92861588687,73000,1
92.8821,10,92881980141,73000,1
92.895,10,92894960171,73000,1
92.898,10,92897892177,73000,1
92.9009,10,92900502183,394412,0
92.9599,10,92959855545,73000,1
92.9679,10,92967659563,287212,0
93.0102,10,93009891071,287212,0
93.059,10,93058748409,287212,0
93.1183,10,93118254959,73000,1
93.1363,10,93136249407,73000,1
93.1468,10,93146717431,73000,1
93.1496,10,93149318437,287212,0
93.1575,10,93157410461,73000,1
93.1654,10,93165152479,287212,0
93.2019,10,93201575569,287212,0
93.2517,10,93251409095,287212,0
93.3111,10,93310977645,73000,1
93.3194,10,93319121069,287212,0
93.3558,10,93355499159,287212,0
93.4069,10,93406871285,73000,1
93.4203,10,93420272315,73000,1
93.4306,10,93430562339,73000,1
93.4385,10,93438241357,287212,0
93.4569,10,93456847405,73000,1
93.4725,10,93472241441,287212,0
93.5037,10,93503398519,287212,0
93.5582,10,93558121869,73000,1
93.5688,10,93568464893,287212,0
93.6049,10,93604779983,73000,1
93.6104,10,93610115995,287212,0
93.6573,10,93656972515,287212,0
93.701,10,93700932029,73000,1
93.7088,10,93708700047,73000,1
93.7172,10,93716897065,287212,0
93.7508,10,93750745367,73000,1
93.7588,10,93758513385,287212,0
93.8077,10,93807578505,73000,1
93.8131,10,93812790517,287212,0
93.8522,10,93851950019,287212,0
93.9164,10,93916289799,73000,1
93.9298,10,93929493235,287212,0
93.9636,10,93963564131,73000,1
93.9741,10,93973995561,73000,1
93.9845,10,93984427585,73000,1
93.9871,10,93987064591,73000,1
93.9874,10,93987144591,287212,0
94.0133,10,94012983063,287212,0
94.0678,10,94067556195,287212,0
94.1091,10,94108852297,287212,0
94.151,10,94150933617,73000,1
94.1539,10,94153659623,287212,0
94.203,10,94202698743,287212,0
94.2575,10,94257253281,287212,0
94.3114,10,94311110225,287212,0
94.3559,10,94355570739,287212,0
94.4047,10,94404446077,287212,0
94.4542,10,94454153603,73000,1
94.4597,10,94459427615,287212,0
94.5086,10,94508322735,287212,0
94.5559,10,94555579255,287212,0
94.6003,10,94600018769,287212,0
94.6731,10,94672793063,287212,0
94.7145,10,94714230977,287212,0
94.7539,10,94753575885,287212,0
94.8053,10,94804965417,287212,0
94.8672,10,94867089973,73000,1
94.8752,10,94875133991,73000,1
94.8959,10,94895596445,287212,0
94.9115,10,94911234487,287212,0
94.956,10,94955666407,287212,0
95.0055,10,95005197933,287212,0
95.0523,10,95052062265,287212,0
95.1074,10,95107114397,287212,0
95.1646,10,95164321015,287212,0
95.2004,10,95200351511,73000,1
95.2032,10,95203077517,73000,1
95.2109,10,95210810535,73000,1
95.211,10,95210890535,73000,1
95.2163,10,95216038953,287212,0
95.2576,10,95257477867,73000,1
95.2683,10,95268044891,287212,0
95.3069,10,95306836987,73000,1
95.3122,10,95312110999,73000,1
95.32,10,95319915017,73000,1
95.3201,10,95320075017,73000,1
95.3228,10,95322703023,73000,1
95.3231,10,95322801023,287212,0
95.3516,10,95351293501,287212,0
95.4034,10,95403361627,73000,1
95.4139,10,95413615651,287212,0
95.4505,10,95450241553,287212,0
95.5178,10,95517677121,73000,1
95.5334,10,95533098157,287212,0
95.5517,10,95551392611,287212,0
95.6039,10,95603622549,287212,0
95.6527,10,95652390887,287212,0
95.7103,10,95710016837,287212,0
95.7567,10,95756397763,287212,0
95.8013,10,95800981683,287212,0
95.8575,10,95857431821,73000,1
95.8627,10,95862652833,73000,1
95.8765,10,95876176675,287212,0
95.9125,10,95912386765,73000,1
95.928,10,95927908801,73000,1
95.9488,10,95948462849,287212,0
95.9542,10,95953935867,287212,0
96.0008,10,96000684199,73000,1
96.006,10,96005931211,73000,1
96.019,10,96018715241,287212,0
96.0548,10,96054772331,73000,1
96.0676,10,96067529361,73000,1
96.0757,10,96075673379,73000,1
96.0759,10,96075780379,73000,1
96.0813,10,96081260391,73000,1
96.0841,10,96083861397,287212,0
96.1048,10,96104773451,73000,1
96.1103,10,96110029463,287212,0
96.1568,10,96156473389,287212,0
96.2041,10,96203774315,287212,0
96.263,10,96262931459,73000,1
96.2866,10,96286540325,73000,1
96.3122,10,96312151197,73000,1
96.3126,10,96312231197,394412,0
96.3618,10,96361492535,287212,0
96.409,10,96408749649,287212,0
96.458,10,96457742581,287212,0
96.5046,10,96504545101,73000,1
96.5074,10,96507360107,73000,1
96.5179,10,96517623131,287212,0
96.5618,10,96561502239,287212,0
96.6086,10,96608332571,287212,0
96.6651,10,96664825115,287212,0
96.7094,10,96709123441,287212,0
96.7608,10,96760520973,287212,0
96.8155,10,96815209323,287212,0
96.8591,10,96858980837,73000,1
96.8744,10,96874374873,73000,1
96.8824,10,96882358891,73000,1
96.8827,10,96882431891,287212,0
96.9119,10,96911604369,287212,0
96.9608,10,96960722489,73000,1
96.9738,10,96973532925,287212,0
97.0081,10,97007800821,287212,0
97.0574,10,97057159941,287212,0
97.1041,10,97103857055,287212,0
97.1509,10,97150633387,287212,0
97.2207,10,97220660773,73000,1
97.2362,10,97236161809,73000,1
97.2495,10,97249203839,287212,0
97.2522,10,97252173851,73000,1
97.2602,10,97259950869,287212,0
97.3041,10,97304045383,73000,1
97.3095,10,97309239395,287212,0
97.3535,10,97353205927,287212,0
97.4025,10,97402431453,73000,1
97.4131,10,97413033477,73000,1
97.4235,10,97423387501,73000,1
97.4237,10,97423460501,287212,0
97.4523,10,97451963573,287212,0
97.5034,10,97503281699,73000,1
97.5141,10,97513830723,287212,0
97.5532,10,97552945905,287212,0
97.6078,10,97607560849,287212,0
97.6546,10,97654354181,287212,0
97.7084,10,97708290125,73000,1
97.7164,10,97716363143,73000,1
97.7321,10,97731981179,73000,1
97.7373,10,97737200597,73000,1
97.7424,10,97742340609,73000,1
97.7428,10,97742509609,287212,0
97.7584,10,97758148651,287212,0
97.8152,10,97814882413,287212,0
97.8517,10,97851448909,287212,0
97.9003,10,97900220029,73000,1
97.9108,10,97910509053,287212,0
97.9531,10,97952785373,287212,0
98.0098,10,98009486511,287212,0
98.0539,10,98053571431,287212,0
98.1081,10,98107855969,287212,0
98.1604,10,98160121501,287212,0
98.214,10,98213925039,73000,1
98.2274,10,98227110475,287212,0
98.2536,10,98253332353,287212,0
98.3024,10,98302102473,287212,0
98.357,10,98356734229,287212,0
98.4059,10,98405844161,73000,1
98.4114,10,98411065173,287212,0
98.4586,10,98458320505,287212,0
98.5125,10,98512408449,73000,1
98.5281,10,98527795485,287212,0
98.5619,10,98561786381,73000,1
98.5774,10,98577108823,287212,0
98.6009,10,98600604289,287212,0
98.6585,10,98658213239,287212,0
98.715,10,98714724189,287212,0
98.7542,10,98753865097,287212,0
98.8057,10,98805663629,73000,1
98.8187,10,98818447659,287212,0
98.853,10,98852732555,287212,0
98.9123,10,98912256699,73000,1
98.9226,10,98922537723,73000,1
98.9304,10,98930359741,73000,1
98.9306,10,98930537741,73000,1
98.9309,10,98930610741,287212,0
98.9749,10,98974855661,73000,1
98.9955,10,98995425709,73000,1
99.016,10,99015933757,73000,1
99.0189,10,99018543763,394412,0
99.0632,10,99063171683,73000,1
99.0865,10,99086208143,287212,0
99.1123,10,99112188615,73000,1
99.1178,10,99117516627,287212,0
99.152,10,99151722117,287212,0
99.2087,10,99208583661,73000,1
99.2189,10,99218846685,73000,1
99.2318,10,99231710715,73000,1
99.2321,10,99231790715,287212,0
99.2531,10,99253024175,73000,1
99.2614,10,99261142005,287212,0
99.3205,10,99320209961,287212,0
99.3544,10,99354289451,73000,1
99.3653,10,99364980475,287212,0
99.4116,10,99411548401,73000,1
99.4221,10,99421980425,73000,1
99.4375,10,99437392461,73000,1
99.4403,10,99440011467,287212,0
99.4514,10,99451134497,287212,0
99.5056,10,99505349035,287212,0
99.5632,10,99562898579,287212,0
99.6122,10,99611908105,287212,0
99.6531,10,99653043207,73000,1
99.6639,10,99663653637,287212,0
99.7003,10,99700040539,287212,0
99.7617,10,99761655313,73000,1
99.7726,10,99772311337,287212,0
99.801,10,99800931409,73000,1
99.8089,10,99808646427,287212,0
99.8507,10,99850440529,287212,0
99.9027,10,99902410467,287212,0
99.9644,10,99964294429,73000,1
99.9802,10,99980080871,73000,1
100.009,10,100008126937,394412,0
100.06,10,100059943281,73000,1
100.079,10,100078412729,287212,0
100.11,10,100109364807,287212,0
100.151,10,100150810721,287212,0
100.206,10,100205542071,73000,1
100.214,10,100213401089,287212,0
100.258,10,100257254197,287212,0
100.305,10,100304457123,287212,0
100.354,10,100353930649,287212,0
100.416,10,100415957611,287212,0
100.452,10,100451889701,73000,1
100.46,10,100459719719,287212,0
100.504,10,100503927857,287212,0
100.558,10,100558068395,287212,0
100.611,10,100610269933,287212,0
100.652,10,100651806035,73000,1
100.665,10,100664554065,73000,1
100.685,10,100685301925,73000,1
100.688,10,100687902931,287212,0
100.712,10,100711515397,287212,0
100.75,10,100750235899,73000,1
100.758,10,100757941917,287212,0
100.8,10,100800130425,287212,0
100.854,10,100854406557,73000,1
100.862,10,100862201575,287212,0
100.905,10,100904381489,287212,0
100.956,10,100956235021,73000,1
100.967,10,100966560045,73000,1
100.982,10,100981892081,73000,1
100.99,10,100989865505,287212,0
